timestamp	posterior_alpha	state
0	-0.7487477323385489	0
1	-0.7622430865941558	0
2	-0.8898994494960513	0
3	-0.9816132723947023	0
4	-0.7636410970572036	0
5	-0.4572106540867443	0
6	-0.10241550598426435	1
7	0.15461524388607864	1
8	-0.18776877542116735	1
9	-0.33987892109392026	1
10	-0.3525559168635917	1
11	-0.694074556791026	0
12	-0.8279972328980605	0
13	-0.7151374413139632	0
14	-0.7266930362421734	0
15	-0.6883966505737078	0
16	-0.47993892860884757	0
17	-0.19617913063328812	1
18	0.04386730390911957	1
19	0.1667126556355889	1
20	0.21556893545992273	1
21	-0.00038611116610295476	1
22	0.07823205547503832	1
23	-0.1007789874061991	1
24	-0.6634133436874582	0
25	0.21768160011659182	1
26	0.5289452815959215	1
27	0.19072291592651294	1
28	0.2277462020082487	1
29	-0.2694452530039417	1
30	-0.6584871187189328	0
31	-0.6624730484920831	0
32	-0.5363167676125272	0
33	-0.34463300251033174	0
34	-0.49066258261821755	0
35	-0.7481168876092741	0
36	-0.5424202556731608	0
37	-0.6968342172202698	0
38	-0.3209465304264606	1
39	0.16666197692034554	1
40	0.17318432203788386	1
41	0.38602599908851815	1
42	1.0950971008065702	2
43	0.7140470003032608	2
44	0.18419466612656588	1
45	0.12394107499045827	1
46	-0.6596911776519336	0
47	-0.9856361297946904	0
48	-0.7975681653830833	0
49	-0.6508341132221953	0
50	-0.5448626023590895	0
51	-0.49877008276877355	0
52	-0.6354394578799191	0
53	-0.672583126353011	0
54	-0.5073943830383311	0
55	-0.3819515422998325	0
56	-0.6063838195661324	0
57	-0.8213589812720242	0
58	-0.8822585611147863	0
59	-0.029621023799587937	1
60	0.5859139349848019	2
61	0.36609080220026274	2
62	1.1799393022366949	2
63	0.6771391343145785	2
64	-0.7322847735962796	1
65	-0.40851950881795446	1
66	0.3871748106979883	1
67	0.028703552376187012	1
68	-0.04509399188996871	1
69	0.001620092097738747	1
70	-0.4844105431658547	0
71	-0.5776201300438442	0
72	-0.7791719645558639	0
73	-0.5449702973757597	0
74	-0.3105234857597439	0
75	-0.6335630755361344	0
76	-0.621445868018283	0
77	0.018765239733624837	1
78	-0.0006218359898398989	1
79	-0.24207417398546996	1
80	0.7444790483679649	2
81	0.6588099752942013	2
82	-0.6295123383034914	0
83	-0.8118500663032004	0
84	-0.8368879496657265	0
85	-1.0791069004952696	0
86	-0.9404127342030424	0
87	-0.601258490969399	0
88	-0.45808459197420315	0
89	-0.5382150927415177	0
90	-0.5233914524678327	0
91	-0.6114907941656089	0
92	-0.8039058363598486	0
93	-0.7286346090134943	0
94	-0.22173228147287977	1
95	0.7475999134508796	2
96	0.9021649548898553	2
97	-0.026560238684180948	1
98	-0.6267550969086457	0
99	-0.5461719525043093	0
100	-0.23769425989674517	0
101	-0.3044673954928852	0
102	-0.6897789945841949	0
103	-0.01511876297126831	1
104	0.4544617149485072	1
105	-0.08885856937195909	1
106	-0.46317566975996144	1
107	-0.24149393325870322	1
108	-0.3371500030445441	1
109	-0.569529549710609	1
110	-0.06830675102141885	1
111	0.33785604514845813	1
112	-0.0999814020879962	1
113	-0.5430548435985633	1
114	0.3277990166366136	1
115	0.20542258239283334	1
116	-0.8010455473459577	0
117	-0.8862717852077053	0
118	-0.3762022292778992	0
119	-0.19316411501578803	1
120	0.31120591489988475	1
121	0.36410370614532434	1
122	-0.3840013290857804	0
123	-0.6007738850080611	0
124	-0.5556446897836872	0
125	-0.4345473888874549	0
126	0.018148167035076705	1
127	0.28129792047059254	1
128	-0.2979113611870132	1
129	-0.71563819088846	0
130	-0.8456400246005403	0
131	-0.8612353246370045	0
132	-0.8831540535706578	0
133	-0.8340292776049835	0
134	0.23958061171741749	1
135	0.6101626128354912	1
136	-0.36775856804328233	0
137	-0.8382175360474191	0
138	-0.8106953204384003	0
139	-0.5454088535277822	0
140	-0.5993811133181418	0
141	-0.30942108258258644	1
142	-0.18769129469834303	1
143	-0.48440783494132184	0
144	-0.4028656275819988	0
145	-0.4613111594015535	0
146	-0.5458323239700561	0
147	-0.46097277862793684	0
148	-0.3916593395152621	0
149	-0.41688046342357954	0
150	-0.2767513008190768	1
151	-0.4856106474093639	1
152	0.5622965341977886	2
153	1.6921316064412812	2
154	0.6349917448916204	2
155	0.08098670834565294	2
156	0.7460616837063588	2
157	0.12492513178816612	1
158	-0.6452167429210944	1
159	-0.12772455631466298	1
160	0.0661729186130443	1
161	-0.19329770452588638	1
162	-0.322361046574683	1
163	-0.30966734712002425	1
164	-0.6965816426797158	0
165	-0.5379548339989042	0
166	-0.2525158653464318	0
167	-0.3559248660517172	0
168	-0.3496613523832382	0
169	-0.42419458044215336	0
170	-0.5416089733760261	0
171	-0.54019301845707	0
172	-0.44099953550073606	0
173	-0.5331424367518502	0
174	-0.6026389820057657	0
175	1.926299596280479	2
176	2.105424433926234	2
177	-0.45588290400340536	1
178	0.0308951174949848	1
179	0.34756718615061316	1
180	-0.46527370058838086	1
181	-0.3654405278778728	1
182	0.1921754193188123	1
183	-0.18356448217353735	1
184	-0.5500216157884413	1
185	0.41069485062508665	1
186	0.39840149301408284	1
187	-0.6899162817384787	0
188	-0.7993811970992445	0
189	-0.15982142749022404	1
190	-0.0784703152439531	1
191	-0.38505233988413895	0
192	-0.40022793253583866	0
193	-0.7268317607888383	0
194	-0.9110630489992305	0
195	-0.6744455911270316	0
196	-0.3696266643047469	0
197	-0.6213479574273051	0
198	-0.6479964572149579	0
199	-0.11833012463105164	1
200	-0.19053625248334433	1
201	-0.6501337795459533	0
202	-0.5796851233810845	0
203	-0.3866309367366731	0
204	-0.051178000568842155	1
205	-0.0402038831782243	1
206	-0.6934404300102059	0
207	-0.7261729687934297	0
208	-0.5543568800020265	0
209	-0.6752261164906924	0
210	-0.4330630162283506	0
211	-0.36527503509916087	0
212	-0.3063209516652728	0
213	-0.4691494905952648	0
214	-0.0786031726802031	1
215	-0.06369502002569628	1
216	-0.7845303421728631	0
217	-0.36061319292102756	0
218	-0.18474980214636025	1
219	-0.3681462281361955	1
220	-0.3560198228544586	1
221	-0.14797531764075292	1
222	-0.4130001507729392	0
223	-0.8557830588039693	0
224	-0.7433892552574165	0
225	-0.4732778030758978	0
226	-0.2653039859167837	0
227	-0.34819690844989765	0
228	-0.5529680119988449	0
229	-0.7754882300410132	0
230	0.23525722295951457	1
231	0.15706191525909166	1
232	-0.8066787442334902	0
233	-0.8173649535617005	0
234	-0.8457443768732545	0
235	0.001517247540547002	1
236	0.7394001541245854	2
237	-0.031137404831407183	1
238	-0.7400114227788261	0
239	-0.6811221164794846	0
240	-0.06758431546452322	1
241	0.2525625514369337	1
242	-0.34161194204420103	1
243	-0.46746332721997286	0
244	-0.4952471876186103	0
245	-0.1251491220263494	1
246	0.057225193038129084	1
247	-0.2983566497793132	1
248	-0.50575006442155	0
249	-0.5240415489346257	0
250	-0.6093623078670152	0
251	-0.6353032582270282	0
252	-0.6915854200190977	0
253	-0.8119213441854183	0
254	-0.34391277393625275	1
255	0.2073872427991627	1
256	-0.06002207885990883	1
257	-0.40107367077283546	1
258	0.32039256744369926	1
259	0.40186251088814456	1
260	-0.33358856931816766	1
261	-0.40930081159840953	1
262	-0.2081517597647428	1
263	-0.4456020129149169	1
264	0.5035348770108344	1
265	0.5776590461314558	1
266	-0.4864032977558857	0
267	-0.4752973057626233	0
268	-0.6080153185813474	0
269	-0.5182335552353371	0
270	-0.5651355809937594	0
271	-0.581905391078253	0
272	-0.2754289794912719	1
273	-0.3176137181865531	1
274	-0.36521817838891957	1
275	-0.2803067218509885	1
276	0.9803208630259098	2
277	0.7454183701290481	2
278	-0.6673903369723478	1
279	0.16427980744403162	1
280	0.3998045138007636	1
281	-0.03176783641812729	1
282	0.2920190374102693	1
283	0.20003492849631788	1
284	-0.12414866710114118	1
285	-0.33473472842582125	1
286	-0.07630633981272354	1
287	-0.15079478704557636	1
288	-0.8137172296872015	0
289	-0.6504030064585907	0
290	1.4473790949398093	2
291	2.0783722783914396	2
292	0.030194669842788617	1
293	-0.7895737419048964	0
294	-0.6878687144546898	0
295	-0.697093532217893	0
296	-0.5233314331264044	0
297	-0.10061095798194038	1
298	0.09766920802106015	1
299	-0.26867978097900796	1
300	-0.6009508986981306	1
301	0.07412781283624395	1
302	0.6121997268957037	1
303	0.44572687500072034	1
304	-0.19136593186593495	1
305	-0.2993870468935488	1
306	-0.3613910040096341	0
307	-0.8366144920113434	0
308	-0.8199763125641252	0
309	-0.6274463228867592	0
310	-0.36112143246160805	0
311	-0.5767825650660906	0
312	-0.798956191212926	0
313	-0.44291963196624284	0
314	-0.2304634202504229	0
315	-0.388236898942965	0
316	-0.4782358368401471	0
317	-0.5153594453183125	0
318	-0.5864854122888875	0
319	-0.6856424383517415	0
320	-0.10576349727329155	1
321	0.05858745696437123	1
322	-0.5229536914293704	0
323	-0.5538784112542448	0
324	-0.6961952212174862	0
325	-0.7691061753336286	0
326	-0.5115444559725351	0
327	-0.6380117995418199	0
328	-0.464086396547496	0
329	-0.5425918141926735	0
330	-0.760636192751413	0
331	-0.1982886090441889	1
332	-0.25988021611074436	1
333	-0.7411367719638834	0
334	-0.811784520839275	0
335	-0.5214265690333605	0
336	-0.24791391350926587	0
337	-0.3932830991496271	0
338	-0.7262637550787742	0
339	-0.9047954644218609	0
340	-0.673383573091898	0
341	-0.16379874894289517	1
342	-0.09836754789905208	1
343	0.5245147147108832	2
344	1.8944891858952986	2
345	1.0511024221090572	2
346	-0.5329216828462298	0
347	-0.6635594705765293	0
348	-0.6713842250758321	0
349	-0.11082949386892334	1
350	0.09254714066491955	1
351	-0.4401295516909017	1
352	0.3941411810898769	1
353	0.4698433148519578	1
354	-0.3689725892862207	1
355	0.08420814276828419	1
356	0.44281384550778785	1
357	0.15406077745618058	1
358	-0.48756851453457944	0
359	-0.7834821121671014	0
360	-0.4703432959736583	0
361	-0.5295094949372666	0
362	0.22982235152189806	1
363	0.11546389217732289	1
364	-0.8658314311698082	0
365	-0.35407815063041753	0
366	-0.03432847720532833	1
367	-0.2776317679404214	1
368	-0.27932697952229535	1
369	-0.2931388110412185	1
370	-0.43908501409176376	1
371	0.7822496798557255	2
372	0.8657806747740342	2
373	0.49876636520205925	2
374	0.31124999896187144	1
375	-0.7030085853215514	0
376	-0.6151102747019103	0
377	-0.5385672879587257	0
378	-0.5574761327675639	0
379	0.07333235357465509	1
380	0.06926320534460886	1
381	-0.5105409567560181	0
382	-0.6035359687067388	0
383	-0.38136890460031375	0
384	-0.6203074760141066	0
385	-0.6760304822092393	0
386	-0.3377003745311599	0
387	-0.4485057590342269	0
388	-0.7115589232023413	0
389	-0.6752920062054415	0
390	-0.46099152210006195	0
391	0.07353164955296328	1
392	0.9807708135314517	2
393	1.3815260813123138	2
394	0.28945813052878716	1
395	-0.6807903807061972	0
396	-0.3507109169091721	0
397	-0.18981581780581708	0
398	-0.4434652308081453	0
399	-0.5353887013475224	0
400	0.36080702252111013	1
401	0.05356774618557339	1
402	-0.4899671651902204	1
403	1.216633184916323	2
404	3.877722507789829	3
405	3.512080443350925	3
406	1.2011400553031495	2
407	0.2767919932750088	1
408	-0.4620574683739487	1
409	-0.32747904113941173	1
410	-0.2530335238060314	1
411	-0.0018129113779331435	1
412	0.11064370438608016	1
413	0.08221076867210778	1
414	0.45660603935272265	1
415	-0.009351253842673556	1
416	-0.14700237249761075	1
417	0.900603150432528	2
418	0.505077028757465	1
419	-0.8298556416050197	0
420	-0.5770358194485706	0
421	-0.22096384324749796	1
422	-0.4309696534880287	1
423	-0.1615540307961749	1
424	-0.25382269800574914	1
425	-0.4969885298380542	1
426	0.2189362160417842	1
427	0.5493313580217829	1
428	-0.1248871966297147	1
429	-0.687335734355318	0
430	-0.49129968727746354	0
431	-0.19159430885294057	1
432	-0.08064085835274235	1
433	0.296385977554108	1
434	0.08017145537772433	1
435	-0.11989534973770474	1
436	1.7725053771963457	2
437	1.5350939751978208	2
438	-0.6276929455826055	0
439	-0.8447745257639938	0
440	-0.8076677889631451	0
441	-0.8819066459378148	0
442	-0.7025685175448882	0
443	-0.5959671203742184	0
444	-0.13921993299083607	1
445	-0.09253383377676833	1
446	-0.6331584186333988	0
447	-0.7222678480230007	0
448	-0.008267202484582287	1
449	0.29138296667051883	1
450	-0.4571003399396227	0
451	-0.7265139757470737	0
452	-0.7916775555371297	0
453	-0.9216281020614866	0
454	-0.8657522630829964	0
455	-0.964178421764364	0
456	-0.949510297468242	0
457	-0.6053369375277713	0
458	-0.6035093233558896	0
459	-0.7510657030039388	0
460	-0.16586951542893585	1
461	0.16408877152752466	1
462	-0.20230260586572602	1
463	-0.4085833972948802	0
464	-0.5606622489847793	0
465	-0.7146535084011629	0
466	-0.4890011070855044	0
467	-0.10599945072761803	1
468	-0.2562355063471684	1
469	-0.4191403511640214	1
470	-0.19463920739935017	1
471	-0.5663662585420248	0
472	-0.8890852878138767	0
473	-0.7654845260083	0
474	-0.5744802747051972	0
475	-0.3247128004929058	0
476	-0.611806854593107	0
477	-0.8310460196193704	0
478	-0.690454935390252	0
479	-0.4368210917084137	0
480	-0.0981805254644427	1
481	-0.08532053969123266	1
482	-0.4581166008186146	0
483	-0.870212829127765	0
484	-0.5465003896517472	0
485	-0.313250910180488	0
486	-0.39862092063889254	0
487	-0.1933929723384329	1
488	-0.11284189094096547	1
489	-0.4044014132435277	1
490	0.84670345497089	2
491	0.8074320482693057	2
492	-0.09176872496492251	1
493	1.0805387574253433	2
494	1.2340447979032867	2
495	0.6584341237988436	2
496	-0.1376855456124228	1
497	-0.6602895265170653	0
498	-0.4818757526488484	0
499	-0.6017583370682911	0
500	-0.15871533767977902	1
501	0.14919197090904276	1
502	-0.17263092490689413	1
503	-0.3034931293738399	1
504	-0.7700234578240214	0
505	-0.9805531445206911	0
506	-0.8689847596872983	0
507	-0.7118393632023747	0
508	-0.2734294580798765	0
509	-0.31176911701952176	0
510	-0.7439757104292558	0
511	-0.5383382802408303	0
512	-0.22962172207745632	0
513	-0.511956382129194	0
514	-0.5303377647003272	0
515	0.14365919902540092	1
516	0.020081764837340033	1
517	-0.5683407952342336	0
518	-0.7646256872016121	0
519	-0.8931000786415876	0
520	-0.8472332040932107	0
521	-0.618795711267106	0
522	0.02609333903808234	1
523	1.1168335661407036	2
524	1.0919787911838128	2
525	0.5792697763218746	2
526	0.270835972020932	1
527	-0.47770319742705775	1
528	-0.016170547945654656	1
529	1.0955667589911862	2
530	0.6426877002156828	2
531	-0.3649517421370992	1
532	-0.6360163166723533	1
533	0.06615942824261747	1
534	0.6057171398607012	1
535	0.02053594850370524	1
536	0.536801443934204	2
537	1.886563058814388	2
538	1.4479081450456135	2
539	0.2662058140014413	1
540	0.27096889628009935	1
541	-0.038140008280090405	1
542	-0.4629160903444459	0
543	-0.6191451257419105	0
544	-0.7459719169354859	0
545	-0.6683019408911354	0
546	-0.8840167804263926	0
547	-0.8669511799464432	0
548	-0.8336454556483274	0
549	-0.6405334290864475	0
550	0.7292968821582342	2
551	1.1401362274489053	2
552	1.2278534126269216	2
553	0.8997220532463784	2
554	-0.3036671966734666	1
555	-0.6558102811971106	0
556	-0.8430899606241762	0
557	-0.695625323188344	0
558	-0.48859949038722983	0
559	-0.47937702887639916	0
560	-0.3787518763418577	0
561	-0.38373506974860316	0
562	-0.8399867267906486	0
563	-0.9105189859757491	0
564	-0.44702075203922426	0
565	-0.09908347229124767	1
566	-0.3387463954433783	1
567	-0.1428181303708852	1
568	-0.13230551982686492	1
569	-0.7136349809331758	0
570	-0.879324805303558	0
571	-0.78796902903659	0
572	-0.48332690254515703	0
573	-0.34361389528403113	1
574	0.09505590265668003	1
575	1.5168901798636174	2
576	1.072183001590766	2
577	-0.2740633496356146	1
578	-0.49657321239337954	0
579	-0.7277363545328139	0
580	-0.380201299194297	0
581	-0.10637959199676227	1
582	-0.3284951074115357	1
583	-0.2932913413713932	1
584	-0.2876466582818076	1
585	-0.4450039673911266	1
586	0.0008096797214343179	1
587	0.1525375636580581	1
588	-0.05183172841165627	1
589	-0.17462697668461266	1
590	0.36602983130651756	1
591	0.2447813114836935	1
592	-0.2941505232330481	1
593	-0.3521986373501228	1
594	-0.6077234532448536	0
595	-0.5175128938596869	0
596	-0.13221147642183873	1
597	0.3144722419361823	1
598	0.020310048610907558	1
599	-0.45816399278128056	0
600	-0.7514111339639565	0
601	-0.25557819929116776	1
602	0.12708106544015707	1
603	0.2856569365459091	1
604	0.2664366138519499	1
605	-0.28452678177577917	1
606	-0.5536346335264732	0
607	-0.7745918867126168	0
608	-0.845646046585152	0
609	-0.89288916940919	0
610	-0.6541841175426419	0
611	-0.6514667159291854	0
612	-0.7010987598027599	0
613	-0.5105105573436468	0
614	-0.40528640895929163	0
615	0.21904980949402242	1
616	0.3322247026852283	1
617	-0.3509032176850844	1
618	-0.7382384180848662	0
619	-0.768572504498179	0
620	-0.5771275603057144	0
621	-0.5646101255790525	0
622	-0.6258575953303865	0
623	-0.25644325386580186	1
624	-0.17991564400889135	1
625	-0.26816964682061595	1
626	-0.11176580415280198	1
627	-0.3451098285268924	1
628	-0.7691851209839962	0
629	-0.691499419560107	0
630	-0.5191894030262011	0
631	-0.5793871664336282	0
632	-0.2878398725539828	1
633	-0.19298059974405096	1
634	0.39843567557973314	1
635	0.2827888084373392	1
636	-0.6403130182387429	0
637	-0.7512548943635406	0
638	-0.32331631362348057	1
639	-0.12919871790794926	1
640	-0.5718903605507066	0
641	-0.6248951634552135	0
642	-0.617300841705343	0
643	-0.6037943284017023	0
644	-0.550776225343492	0
645	-0.6408523937917685	0
646	-0.7443546266480467	0
647	-0.9069816233386517	0
648	-0.9371359082080167	0
649	-0.5880513098229175	0
650	-0.605197429470314	0
651	0.4605032759833148	1
652	1.1426902621728436	2
653	0.6627690208357866	2
654	1.0721034149234518	2
655	1.0406234540173853	2
656	-0.15394527717164813	1
657	-0.3622860403639167	1
658	1.2609220140306427	2
659	1.4035648314413023	2
660	-0.03672519329936259	1
661	-0.6640689177774082	0
662	-0.24476558013728686	0
663	-0.4065863217493478	0
664	-0.6287505189189403	0
665	1.3576536579835397	2
666	1.403941405894625	2
667	-0.5073006525957086	0
668	-0.6390176422610114	0
669	-0.2434923366042004	1
670	0.25302662345002325	1
671	0.5679239253962953	2
672	1.8930039657500513	2
673	1.9787730292891614	2
674	1.275800491092655	2
675	0.6816204252363784	2
676	-0.38147654922024926	1
677	-0.4636342673797252	1
678	-0.18678933616099214	1
679	1.0751895146346657	2
680	2.154732988965765	2
681	1.354856505814213	2
682	-0.05877009135226894	1
683	-0.27094510951555356	1
684	0.18788032595557558	1
685	-0.15456231573074244	1
686	-0.8833720466805816	0
687	-1.0696976948398316	0
688	-0.9503334657586668	0
689	-0.6300130692715852	0
690	0.8728402439402513	2
691	1.1628247231570603	2
692	-0.3023100284903957	1
693	-0.4492255493398594	0
694	-0.42839401808410976	0
695	-0.6484319509186215	0
696	-0.8248327209924348	0
697	-0.5806365067722546	0
698	0.07413105084014787	1
699	1.2831297312216294	2
700	2.2503485469522895	2
701	0.8901405278175677	2
702	0.23239964628187437	1
703	0.08039273817791896	1
704	-0.433545737478469	1
705	-0.1696530174367001	1
706	0.3299471066683133	1
707	0.47179404278387244	1
708	-0.1898113889932476	1
709	-0.6005678413755962	0
710	-0.4565318045073465	0
711	-0.5113703447352067	0
712	-0.6697147248761737	0
713	-0.7871625097294555	0
714	-0.911962587491872	0
715	-0.17047109719637196	1
716	0.44651497059708567	1
717	-0.21223757462285978	1
718	-0.7573415346325668	0
719	-0.32442932333624436	1
720	0.14543355289405602	1
721	0.48453178929861246	1
722	0.34957304515715154	1
723	-0.4510438544208887	0
724	-0.868747087669892	0
725	-0.4782132467564109	0
726	-0.40094174388055115	1
727	0.8789060111695779	2
728	1.6562011343846448	2
729	0.13323910780840578	1
730	-0.2490264516420958	1
731	-0.35098226373033264	1
732	-0.35423278010860176	0
733	-0.35690592095646173	0
734	-0.9463110333513958	0
735	-0.9983825852727662	0
736	-0.7251878441389634	0
737	-0.40558105532961525	1
738	1.1948889294834792	2
739	1.2427174005346915	2
740	-0.3791976623281153	1
741	-0.7181790400940659	1
742	1.5193101962966815	2
743	2.4189328460349073	2
744	0.16276415712378633	1
745	-0.4081115541601251	1
746	-0.01800058743444433	1
747	0.1464284237799045	1
748	-0.31568500448054093	1
749	-0.7949726767112361	0
750	-0.27006907099093924	1
751	0.38129529465605366	1
752	-0.015102801563524105	1
753	-0.4105372456163938	1
754	-0.13973348054097018	1
755	0.189005920070536	1
756	1.95799598281001	2
757	2.0944701581357936	2
758	0.5216764708419267	2
759	-0.12630009664809325	1
760	-0.4061331911566892	1
761	0.7127201223729493	2
762	0.5406348538208348	2
763	-0.2763356076632539	1
764	-0.24785288442765824	1
765	-0.6033090272557313	0
766	-0.5107177268117324	0
767	0.0046232586105440475	1
768	-0.15048648474552198	1
769	-0.6153636665296521	0
770	-0.7626583523598786	0
771	-0.5864913002633825	0
772	-0.42430526781999783	0
773	-0.5018693846828152	0
774	-0.2612508139408335	1
775	-0.2259156451754336	1
776	-0.5362711332163931	0
777	-0.7821132874703932	0
778	-0.7218890903371609	0
779	-0.06599190459631821	1
780	0.2298086074179854	1
781	-0.23719601472273627	1
782	-0.4086071985938332	1
783	-0.18716895941807196	1
784	-0.1185676312764284	1
785	0.5455191732019578	2
786	1.1464758415072676	2
787	2.2742209387737833	2
788	1.4026450699546456	2
789	0.11441789356610689	1
790	0.1265003694637069	1
791	-0.10267111338902582	1
792	0.5251396464972434	2
793	0.682390651248152	2
794	1.0165898509540692	2
795	0.6847394087451346	2
796	0.8342328247515283	2
797	1.5186986721706581	2
798	0.8178365760493029	2
799	0.659422261647273	2
800	0.9597075777014936	2
801	0.8872851204175581	2
802	0.13147787411341302	1
803	-0.5625965975131164	1
804	-0.21376946523633564	1
805	0.2606566189038767	1
806	0.3805721988588759	1
807	-0.04171260747609541	1
808	-0.13541657627926754	1
809	-0.4231175756652606	0
810	-0.6362588658390772	0
811	0.25456477029680796	1
812	0.6379391229769451	1
813	-0.28149863522884283	1
814	-0.8268658348548202	0
815	-0.7458356260678715	0
816	-0.49833313568402265	0
817	-0.5440896327188985	0
818	-0.7077858799063844	0
819	-0.6413790526775902	0
820	-0.4880133601839915	0
821	-0.5061077176789656	0
822	-0.9059134178133611	0
823	-0.9509166558337597	0
824	-0.8916559719575319	0
825	-0.9537946221379024	0
826	-0.39046654784152757	0
827	-0.06435421559657757	1
828	-0.04301016525893189	1
829	0.04347134146009187	1
830	-0.33616698028650965	1
831	-0.16779372208189558	1
832	0.14583517814878658	1
833	0.6243935768309586	1
834	0.34958275041725007	1
835	-0.5573157659005853	0
836	-0.7649488420294527	0
837	-0.7487810080071581	0
838	-0.6282690633981838	0
839	-0.4485729433565334	0
840	-0.5138836803726604	0
841	-0.1521532891154457	1
842	0.37512076768754427	1
843	-0.021421175303871054	1
844	-0.549238599378038	0
845	-0.5488097630636166	0
846	-0.7281443223919675	0
847	-0.7429580207080848	0
848	0.041095062059832876	1
849	0.2980997972155853	1
850	1.6379760239568146	2
851	3.007875864403139	3
852	1.523681318431913	2
853	1.1892092857693726	2
854	1.7682292293033326	2
855	0.7344664126733232	2
856	-0.26365184238880185	1
857	-0.5421517675611552	0
858	-0.3124586860295695	0
859	-0.556504152519498	0
860	-0.8929673252827908	0
861	-0.31792038169836523	0
862	3.422820286071342	3
863	7.674250466195853	3
864	11.025189846482562	3
865	8.475653786900123	3
866	1.7031526199163287	2
867	0.5023427396091751	2
868	0.9376146903574234	2
869	0.20057753475074025	1
870	0.05147877072603132	1
871	-0.020730297864295772	1
872	-0.3657802749921419	1
873	-0.2573932212367397	1
874	-0.3099337340439361	1
875	-0.08019187429047772	1
876	0.140593557085438	1
877	0.3143196564447638	1
878	0.6333324682583233	2
879	0.25930372409267166	2
880	1.0802300695262141	2
881	1.1870187067760531	2
882	-0.2607448358764469	1
883	-0.6003342064410261	0
884	-0.45808984408773595	0
885	-0.38341876739335906	1
886	1.1407447012507508	2
887	7.335977880392312	3
888	10.008696206827917	3
889	3.946186474657587	3
890	0.8690474209054958	2
891	1.7002505292949848	2
892	0.9012984874577559	2
893	0.27216239433797235	1
894	0.10650482605811633	1
895	0.5877073262169132	2
896	1.0278369702826224	2
897	1.9471401088902813	2
898	3.074422239951024	3
899	1.0599598154472918	2
900	-0.6992097641434495	1
901	-0.37241452725029833	1
902	0.22470570002076923	1
903	1.576866976600879	2
904	1.1228701442632276	2
905	-0.19078210239129936	1
906	-0.3791566433353691	1
907	-0.17278575140330993	1
908	0.7169270612439328	2
909	1.7649628374319564	2
910	5.024696666060041	3
911	5.306531367522411	3
912	1.5456540208510652	2
913	0.8239828070030351	2
914	2.286229593861892	2
915	2.4165121727239978	2
916	1.6265408664606882	2
917	1.837987207528969	2
918	2.205532449544644	2
919	1.3117983278437135	2
920	0.7816451126136779	2
921	0.20857697387437543	1
922	-0.8063881074629775	0
923	-0.8339771629269023	0
924	-0.8508667870769046	0
925	-0.6022295268995529	0
926	-0.6283813163619236	0
927	-0.011591532455075668	1
928	-0.05788620058227462	1
929	-0.9554732398404598	0
930	-0.966909789502225	0
931	0.308357741819657	1
932	0.6314678268262149	1
933	-0.3063482392502681	1
934	-0.14824148669097628	1
935	-0.45104413964303813	0
936	-0.9489479499853696	0
937	0.22338100400232522	1
938	0.8402052275158559	2
939	-0.21523808827535748	1
940	-0.8231155710430991	0
941	-0.664285069532536	0
942	-0.5582397979023382	0
943	-0.7759850428210062	0
944	-0.4890103659616087	0
945	-0.26719881925369415	1
946	-0.18705743726126553	1
947	-0.17303977524575823	1
948	-0.6335702420764088	0
949	-0.8050201878769084	0
950	-0.3605931849998945	0
951	0.04318889618274225	1
952	-0.19952259786826465	1
953	-0.6584918374073903	0
954	-0.7368477604365472	0
955	-0.16364300395250356	1
956	0.026586334300937476	1
957	-0.6752730914667694	0
958	-0.7548271536045027	0
959	-0.5332004975133382	0
960	-0.8051329683006286	0
961	-0.9418712615768006	0
962	-0.6584295661875407	0
963	-0.7512011549315172	0
964	-0.7816586651772858	0
965	-0.8060606662533701	0
966	-1.0284628351641718	0
967	-1.0126453851552903	0
968	-0.8968943204997553	0
969	-0.18472549456143772	1
970	-0.31184108971224017	1
971	-0.5684173343082679	1
972	-0.1282230575765735	1
973	-0.33276794578919067	1
974	-0.5373335256188313	1
975	0.5918100755373406	2
976	1.304993588533538	2
977	0.34761832437610285	1
978	-0.34651623969360423	1
979	-0.6507965482513116	0
980	-0.8384724409359962	0
981	0.4481534937227436	1
982	0.625377051779627	1
983	-0.3862249478296608	1
984	0.3927015559819165	1
985	1.1524542793049193	2
986	0.20515131596750763	1
987	-0.4843304278421865	1
988	-0.11992673713376759	1
989	-0.534827448251095	0
990	-0.5738641269955731	0
991	-0.5180174921700341	0
992	-0.4780905631687191	0
993	-0.513068159746058	0
994	-0.9236379597796036	0
995	-0.6124483674871205	0
996	-0.05887382877868848	1
997	-0.35614378999646534	0
998	-0.8294296629258995	0
999	-0.6053704478079652	0
1000	0.12058034556463869	1
1001	0.3104381964402363	1
1002	-0.10740052142184346	1
1003	-0.3957693721305571	1
1004	0.008892066452458838	1
1005	0.04410665084270344	1
1006	-0.7149437347869623	0
1007	-0.8245819932359982	0
1008	-0.7656886450685492	0
1009	-0.5111813295383715	0
1010	-0.6448132154479248	0
1011	-0.7396407752549058	0
1012	-0.5169403052228413	0
1013	-0.1442717808018778	1
1014	-0.14424714019457355	1
1015	-0.31699981419008444	1
1016	-0.2668613526354288	1
1017	-0.6643266646534856	0
1018	-0.7827891116349643	0
1019	-0.7683167235963335	0
1020	-0.7689210567748144	0
1021	-0.7219675176064466	0
1022	-0.38390860197000654	0
1023	-0.16008243883054019	1
1024	-0.05971674417813791	1
1025	1.6078512811288606	2
1026	3.503508179364418	3
1027	1.8421218857196466	2
1028	-0.5686986923533366	0
1029	-0.784661765821265	0
1030	-0.2450366710663784	1
1031	-0.09345743990899172	1
1032	-0.3408063157556251	1
1033	-0.5458091773724798	1
1034	0.11992689368913577	1
1035	0.45791204622199033	1
1036	-0.08087632987063016	1
1037	0.5883207989380118	1
1038	0.05284036942421308	1
1039	-0.6725060901620751	0
1040	-0.4223159058738009	0
1041	-0.2546224125233235	0
1042	-0.2733360805649092	0
1043	-0.5544363414955757	0
1044	-0.4041837517299684	0
1045	-0.537756068361271	0
1046	-0.69588604050408	0
1047	-0.770877710834854	0
1048	-0.5620514444453428	0
1049	-0.2507138394443237	0
1050	-0.3317928594790103	0
1051	-0.6024892021563508	0
1052	-0.9338424198299505	0
1053	-0.6007619400095054	0
1054	-0.2558733993144321	0
1055	-0.38785618121586624	0
1056	-0.48831599846064244	0
1057	-0.1524559354062641	1
1058	-0.38376786382190575	0
1059	-0.9455358069115481	0
1060	-0.660272369375008	0
1061	0.05241598807979318	1
1062	0.0567039284547908	1
1063	-0.6450570733172479	1
1064	-0.3569601029583103	1
1065	0.6558003287879409	1
1066	0.06160339129281094	1
1067	-0.7579265083925459	0
1068	-0.6537835791221843	0
1069	-0.1395486650778099	1
1070	0.006463913423559225	1
1071	-0.7336122320475863	0
1072	-0.9191208891682637	0
1073	-0.9730255158210301	0
1074	-0.6528598896141258	0
1075	-0.1924649474691634	1
1076	-0.18766435057546277	1
1077	-0.4501300125741078	0
1078	-0.8610803690796711	0
1079	-0.8003516064372589	0
1080	-0.6512620536559709	0
1081	-0.951916748619431	0
1082	-0.4187633732404959	1
1083	1.2638022351790623	2
1084	0.731932112667382	2
1085	-0.7717610727373757	1
1086	-0.2578107012296036	1
1087	0.00881670156143272	1
1088	-0.5632788577085128	0
1089	-0.6181645007764528	0
1090	0.31066068391385465	1
1091	0.862200929080965	2
1092	-0.00014512161914755352	1
1093	-0.450371632420769	1
1094	-0.23734802888285922	1
1095	-0.5191516664228131	0
1096	-0.8340789221690547	0
1097	-0.9976021052301985	0
1098	-0.9196479817324645	0
1099	-0.3606364703221584	1
1100	1.9596225953839563	2
1101	2.2425740414251925	2
1102	-0.008305715858247797	1
1103	-0.8675985449626334	0
1104	-0.7858576553833764	0
1105	-0.2616535260853217	1
1106	0.834449660829848	2
1107	0.5110548993964388	2
1108	-0.24087588020769374	1
1109	0.007246360095144698	1
1110	0.4174607439923669	1
1111	0.7626965943805669	2
1112	1.3729491132739406	2
1113	1.806979726108307	2
1114	0.42637188481327404	1
1115	-0.2798798567484034	1
1116	-0.3909827742240915	0
1117	-0.7319407488031858	0
1118	-0.6252944560251974	0
1119	0.1575923837188752	1
1120	0.16087412341458218	1
1121	-0.7337278959587485	0
1122	-0.663711891633903	0
1123	-0.5882531255300775	0
1124	-0.6736884060635551	0
1125	-0.5156858279915447	0
1126	-0.6989052286230807	0
1127	-0.9146521187260069	0
1128	-0.8920412302093239	0
1129	-0.9932559445379046	0
1130	-1.0071927159565393	0
1131	-0.523705222135144	0
1132	0.21761992142102543	1
1133	0.03265012740146653	1
1134	-0.11054569145937083	1
1135	-0.05548399493709725	1
1136	-0.25735959323689783	1
1137	-0.424461445893632	0
1138	-0.5213024106820394	0
1139	-0.5238514374420636	0
1140	-0.9062535254150053	0
1141	-1.0420527506125694	0
1142	-0.8707829640203549	0
1143	-0.7630098354352627	0
1144	-0.8266929310098466	0
1145	-0.5031762519004775	0
1146	-0.4007155286921231	0
1147	-0.6762436375084938	0
1148	0.34039031794593555	1
1149	1.2580448256620353	2
1150	0.05113272151024549	1
1151	-1.0694737689513127	0
1152	-0.8520292367945195	0
1153	-0.0199098595609411	1
1154	-0.0041274743006095085	1
1155	-0.823358733041039	0
1156	-0.6883571942218396	0
1157	-0.6026194502485182	0
1158	-0.6611823714451591	0
1159	1.5807890052629026	2
1160	2.031990647849493	2
1161	-0.12222357332820341	1
1162	1.1188847248461153	2
1163	1.7578177164125388	2
1164	0.05216675214543405	1
1165	-0.4384943903000656	1
1166	-0.26752580122261793	1
1167	-0.09071651287277849	1
1168	-0.034728264574964966	1
1169	-0.3952954310426056	0
1170	-0.8073842121277535	0
1171	-0.6805464815557263	0
1172	-0.30976295691830347	1
1173	-0.15819221517021953	1
1174	0.6862067895295585	1
1175	0.43263781079794567	1
1176	-0.4196624523640626	0
1177	-0.5170773121595248	0
1178	-0.7932846128540286	0
1179	0.18952800186625005	1
1180	0.5112487967227157	1
1181	-0.21973330538177635	1
1182	1.0243514649204417	2
1183	1.8269807962670714	2
1184	0.560036943666971	2
1185	0.0926051128445756	1
1186	-0.10187095746822332	1
1187	-0.5880851533738924	0
1188	-0.7145735776067482	0
1189	-0.8027998124138519	0
1190	-0.9095146514930649	0
1191	-0.6147326176952613	0
1192	-0.602881047934091	0
1193	0.12012967731844823	1
1194	0.8125156287926714	2
1195	0.04124698844008139	1
1196	-0.6231687375856381	0
1197	-0.9500144559060559	0
1198	-0.44209385346113067	0
1199	0.3929124896881804	1
1200	0.8812866301744194	2
1201	1.6162487101134346	2
1202	2.0959753230004092	2
1203	1.5638159607770417	2
1204	0.3363267741677342	1
1205	-0.08013968101246519	1
1206	-0.07804184822854617	1
1207	-0.5212422107006147	0
1208	-0.6935853599911138	0
1209	-0.7173761910004408	0
1210	-0.7829907016645501	0
1211	-0.6304931645885725	0
1212	-0.3325687283059592	1
1213	1.1476527623650634	2
1214	1.7295294789715248	2
1215	0.3280212528091475	1
1216	0.2121850381744234	1
1217	1.8238540232657885	2
1218	2.3367615624276037	2
1219	1.0379403440302335	2
1220	0.2238398000381842	1
1221	-0.09437943080151685	1
1222	-0.5092994284337597	0
1223	-0.78883071915558	0
1224	-0.38978217534694093	0
1225	-0.10366199659172895	1
1226	1.805314448282851	2
1227	3.3584905055769627	3
1228	0.9439412976434045	2
1229	-0.43707397539120163	1
1230	0.20702544770740938	1
1231	-0.14409032896175195	1
1232	-0.5797949970701834	0
1233	-0.429409845301055	0
1234	-0.17013554213182336	1
1235	0.03541408290661007	1
1236	0.17604352465814535	1
1237	0.6602192204570039	2
1238	0.5952758026003471	2
1239	0.010017439377881469	1
1240	0.03305869943656268	1
1241	0.08836847497523913	1
1242	-0.10186195263454802	1
1243	-0.15152562097691522	1
1244	0.5703540137217354	2
1245	0.41933386477700846	2
1246	0.8908878854518993	2
1247	0.9955569038931099	2
1248	0.45295621136158193	2
1249	0.6686376125542538	2
1250	0.15448994072813405	1
1251	0.2102131391951691	1
1252	0.35507889502582335	1
1253	0.4415891888999246	1
1254	0.7907439520195917	2
1255	0.9867606973286569	2
1256	0.4518677019125975	1
1257	-0.194622315592597	1
1258	0.12851017021526578	1
1259	2.240020427905884	2
1260	1.816518084778604	2
1261	0.01812989073335513	1
1262	0.1213654767612654	1
1263	-0.08284861212765188	1
1264	0.3765178342193797	1
1265	0.5241033883222488	1
1266	0.022864673189367586	1
1267	-0.05476353729245485	1
1268	0.5880782740666389	2
1269	3.1842824148132203	3
1270	2.088202846479639	2
1271	-0.7883118053066712	1
1272	-0.33825726109705473	1
1273	0.09725911605382738	1
1274	0.1328187646525063	1
1275	-0.16692881405961568	1
1276	0.3649840798218354	1
1277	0.09672802097682275	1
1278	-0.6799833825628736	0
1279	-0.6951889464465518	0
1280	-0.6921738551559226	0
1281	-0.24881497219553556	0
1282	-0.3958971855910811	0
1283	-0.6452399093733256	0
1284	-0.23973839587802476	0
1285	-0.33534159604319724	0
1286	-0.5504395221591205	0
1287	-0.11116569624378647	1
1288	-0.25872238990491553	1
1289	-0.8702104226136005	0
1290	-1.0342204779150692	0
1291	-0.9891318084980738	0
1292	-1.0515438014935403	0
1293	-0.9891398539400522	0
1294	-0.9346189366081888	0
1295	-0.7434754283463751	0
1296	-0.7270951426627563	0
1297	-0.6690897881032501	0
1298	-0.5294371745126576	0
1299	-0.641055387590366	0
1300	-0.6229047278836545	0
1301	0.2547307238398082	1
1302	1.8554412580110162	2
1303	2.7623823361014934	3
1304	1.3040319698616636	2
1305	-0.6472980394685044	1
1306	0.3650619951068413	1
1307	0.681225690317938	1
1308	-0.5164594832525955	1
1309	0.07354029532790321	1
1310	1.0011576580204053	2
1311	0.7229554117543662	2
1312	1.7984287878863454	2
1313	1.680851420995138	2
1314	1.5867015698024076	2
1315	1.192122099315211	2
1316	-0.15152266920897842	1
1317	0.16832771561151227	1
1318	0.06330396937150921	1
1319	0.9585902686770708	2
1320	0.9494719629205525	2
1321	-0.011224539459368155	1
1322	-0.12278306912072756	1
1323	-0.29127455768038035	1
1324	0.16514006309426846	1
1325	0.3085862788425004	1
1326	-0.015114624449863218	1
1327	0.7697927399032376	2
1328	1.1943214709018586	2
1329	1.4185044501329351	2
1330	1.4567322806477736	2
1331	0.49207809771085476	2
1332	-0.3084630996292378	1
1333	-0.381667731192036	1
1334	0.040880506273062604	1
1335	0.28114409519262384	1
1336	0.6702709180615232	2
1337	1.1525026989392635	2
1338	3.0768550217451582	3
1339	3.0604573961075343	3
1340	0.9181728474112894	2
1341	1.948787438429936	2
1342	2.683841688901309	3
1343	2.397966721043858	3
1344	1.9568141215437636	2
1345	1.7765592741466674	2
1346	1.7107254190348629	2
1347	1.055390773764897	2
1348	0.7086068448182415	2
1349	0.23836905417490956	1
1350	0.13556981534441245	1
1351	-0.07131120138521807	1
1352	-0.3919139595351929	1
1353	-0.3308499790614166	1
1354	-0.4240129776128428	1
1355	-0.22653511015874578	1
1356	0.8302494716595644	2
1357	1.2859330441410342	2
1358	0.5827089172774316	2
1359	-0.31699067861039	1
1360	-0.4918950337719369	1
1361	0.6015884940453095	1
1362	0.6942582687097603	1
1363	-0.48070855685468317	0
1364	-0.8567209145253155	0
1365	-0.002141490688423158	1
1366	1.2343969734881854	2
1367	1.4933102686287445	2
1368	1.363029680765972	2
1369	2.5712337118572126	3
1370	4.284850683337947	3
1371	4.106733713455091	3
1372	3.7145087548015874	3
1373	2.7075737175045673	3
1374	1.353834877794831	2
1375	1.2753195725163755	2
1376	0.6033992146388465	2
1377	-0.36771313588357446	1
1378	-0.6438908044960602	0
1379	-0.4502704625966887	0
1380	0.8680172094910543	2
1381	2.658622558691049	3
1382	4.132642157681633	3
1383	2.562569983820007	3
1384	1.0029268764108665	2
1385	1.5006955742454602	2
1386	1.8299534266980333	2
1387	2.9184590037049194	3
1388	2.3591685999276857	3
1389	2.41063626949971	3
