timestamp	hf-hrv	posterior_alpha	state
0	1.493243853967006	-0.6838663546938532	2
1	1.4578082794622604	-0.6780226769932199	2
2	1.3549401613909668	-0.6526309112646123	2
3	1.195281961331409	-0.6817121916224091	2
4	0.9959018371956109	-0.709471755385662	2
5	0.7793564929907385	-0.7405014734642652	2
6	0.5725324590310016	-0.7774080123635743	2
7	0.41028307902672123	-0.5548631562548877	2
8	0.31721765648272826	-0.3273918257812719	2
9	0.2675520870855045	-0.48120699589683597	2
10	0.21876514926262433	-0.6348625354680723	2
11	0.15261482411756447	-0.5883992762162327	0
12	0.06279226617207416	-0.5092352005334957	0
13	-0.04772993431473837	-0.4155471055225259	0
14	-0.1668440946635841	-0.49946843098325305	0
15	-0.2677771626289088	-0.47857200729001037	0
16	-0.3201152708570359	-0.43571432603021915	0
17	-0.32908462073428024	-0.5819490527819805	0
18	-0.3223092570885295	-0.4146952044285486	0
19	-0.3163819843658666	-0.29925192614686574	0
20	-0.3218112887870462	-0.45543310774318885	0
21	-0.3452284825748289	-0.5564419498012987	0
22	-0.39009161726296343	-0.6356017302144857	0
23	-0.4576493719295587	-0.6280877412208851	0
24	-0.5458558515881007	-0.4921098559254793	0
25	-0.6461814905528651	-0.407919785816943	0
26	-0.7412111068985724	-0.42360395481699636	0
27	-0.8028493303680314	-0.4761416445544391	0
28	-0.7862256947138541	-0.44256129807675487	0
29	-0.6790690071686617	-0.3582184369787058	0
30	-0.5192031164511822	-0.08866837751037523	0
31	-0.3416307502691007	-0.2700430171707948	0
32	-0.16904991411309092	-0.7102431205021731	0
33	-0.01927849984899166	-0.5769676434817744	0
34	0.09378753028004565	-0.5700365816783864	0
35	0.1604625742774872	-0.5860579553518364	0
36	0.17583005929471066	-0.44703661819868695	0
37	0.140213970497708	-0.46727613245855487	0
38	0.059455546884020924	-0.5369064570905648	0
39	-0.05489952086651938	-0.5582269173548916	0
40	-0.18480809268884696	-0.5161208231350944	0
41	-0.30804584141344454	-0.5931343335550165	0
42	-0.4066814245460177	-0.6406329486982423	0
43	-0.46737569768544496	-0.4497669222181147	0
44	-0.4750149176963808	-0.41378622696084844	0
45	-0.43569995162070857	-0.41712158698764157	0
46	-0.3759204779101248	-0.4736152471210359	0
47	-0.30682517629473915	-0.47070381330950545	0
48	-0.20803864192414862	-0.27575071715373073	0
49	-0.05568002329455676	0.19571667878637183	3
50	0.13785695445994786	0.12376223003220993	3
51	0.34738549928431744	-0.5110716953561686	2
52	0.5572812109255744	-0.524853833001346	2
53	0.7537788974539718	-0.42944375080837355	2
54	0.9248685497320119	-0.4162746411303074	2
55	1.0607440263326846	-0.23231559935968046	2
56	1.1542744751024139	-0.3717904615057074	2
57	1.2012631660401243	-0.616776585018062	2
58	1.2003836889442372	-0.570550413178385	2
59	1.1528763946773093	-0.4659585223364792	2
60	1.066171376813579	-0.39389411357061754	2
61	0.9422916402020259	-0.32759667326113784	2
62	0.7754325996734098	-0.3709421299516917	2
63	0.5665855426150638	-0.41860419543317784	2
64	0.32278748339032726	-0.40162620337617333	2
65	0.05444497487981513	-0.25932018682362634	2
66	-0.22530338625705104	-0.24626321265763576	0
67	-0.5012030404343077	-0.4164408652338246	0
68	-0.7558857459510827	-0.4865714402576062	0
69	-0.9679770544533056	-0.5826866460961492	0
70	-1.1104055145925007	-0.5022374540856969	0
71	-1.15813151231921	-0.34292789099768545	0
72	-1.1264423916164428	-0.3759162131536992	0
73	-1.054061915152541	-0.56531186894438	0
74	-0.9600179581632234	-0.481986431110504	0
75	-0.8539155624106383	-0.46464616516013524	0
76	-0.7502836472697161	-0.6446723505360717	0
77	-0.664697344959947	-0.627735541634019	0
78	-0.6049621040627529	-0.40001305711382845	0
79	-0.5740603895165077	-0.13633784263172039	3
80	-0.5708499462994674	0.3529729416641733	3
81	-0.5886993610844654	0.444543180734643	3
82	-0.6051624697770296	-0.03243992355137821	3
83	-0.5816536426984114	-0.3849046198507005	0
84	-0.5170568751149333	-0.5753697950485857	0
85	-0.44279063058651225	-0.4532907426582915	0
86	-0.3771475398500293	-0.3337760458638721	0
87	-0.33091834207864584	-0.5174693177658788	0
88	-0.30926251773809216	-0.5862785350421067	0
89	-0.313517577986314	-0.12596098943410683	3
90	-0.34085315724170734	0.1954773878737273	3
91	-0.38226354212938807	-0.0615814750640527	3
92	-0.42708678146172074	-0.5587272884726062	0
93	-0.4765852479034673	-0.7532633573974922	0
94	-0.5396627453459716	-0.6665022781422331	0
95	-0.618760314824441	-0.6877880031863838	0
96	-0.7091359899536557	-0.7608323226913222	0
97	-0.8008082618409793	-0.763472740297032	0
98	-0.8778402190156058	-0.2952714308408605	0
99	-0.9184163212905322	-0.22917070029842115	0
100	-0.8985449304757825	-0.6929128155270589	0
101	-0.8119167802443993	-0.8047401235075803	0
102	-0.686026537052921	-0.7890214845855181	0
103	-0.5523306369562336	-0.6397170713239747	0
104	-0.42460281836215186	-0.47153167399879165	0
105	-0.3068048705227133	-0.22975796676263896	0
106	-0.19098838747185784	-0.38139914172121725	0
107	-0.05173074269896393	-0.7373154287280933	0
108	0.1159533307247191	-0.7458530911774821	0
109	0.2872013434336028	-0.7454696782263517	2
110	0.44309957943067657	-0.7523898321809716	2
111	0.5722013576435002	-0.6900331647466876	2
112	0.6670811454968277	-0.4433145729504118	2
113	0.7242660538216333	-0.2666029056289384	2
114	0.7445550819416914	-0.5149268745195589	2
115	0.7332658852234952	-0.7576732448327127	2
116	0.7005992384345907	-0.582573533591024	2
117	0.6687367261356446	-0.5116136395382989	2
118	0.6648035978800009	-0.6658071147447572	2
119	0.6894536938752402	-0.4357038628340112	2
120	0.7308202206104446	-0.2711423134853403	2
121	0.7802546323720961	0.12532823894008718	2
122	0.8271591427691035	0.1130589137498115	2
123	0.8684346932335345	-0.4977055229071571	2
124	0.9105971457718925	-0.5561136337737042	2
125	0.9760654366860718	-0.5718979640446946	2
126	1.098579098847065	-0.529556983676969	2
127	1.328820077941818	-0.31477507750275735	2
128	1.6624174423985696	-0.011025118191561665	2
129	2.033106916092283	0.07522892458065308	2
130	2.392863356089155	-0.2683300870515601	2
131	2.7079541096428086	2.471116889817374	1
132	2.9530456975762993	3.1908064585774127	1
133	3.1114038810662716	0.13852639257268776	2
134	3.1756418235589208	-0.4379653944291359	2
135	3.148135720945978	-0.2995417001178442	2
136	3.0408393774433455	-0.4803785013379732	2
137	2.874552781148817	-0.17003905494454466	2
138	2.6779682044514246	0.2302168633592515	2
139	2.4936259246701766	-0.12448453009737842	2
140	2.3699548477265457	1.1354147892662672	1
141	2.3063469035630155	1.6659088659742167	1
142	2.2619525679175427	0.24161931584009888	1
143	2.2096058927953988	0.5424817605770951	1
144	2.138118128049305	0.6430315693519278	1
145	2.050018077709121	-0.2999619262856613	2
146	1.9651488647158126	-0.72662180712646	2
147	1.8892533439288595	-0.6791420538276702	2
148	1.805505159821251	-0.4823145207328518	2
149	1.7059681795836792	-0.48696793289753904	2
150	1.595707357225545	-0.6056448557218909	2
151	1.4994887325421618	-0.5526866346456408	2
152	1.433906626213809	-0.6098699881914182	2
153	1.407425898492999	-0.6145728256948886	2
154	1.4356926736824172	-0.5520917158554147	2
155	1.5148641644160783	-0.5949583848497364	2
156	1.6367983625548639	-0.4432527546224334	2
157	1.8080175257612978	-0.3178828491000368	2
158	2.040257756485014	-0.309557407938455	2
159	2.3196595879693143	-0.24108121033877974	2
160	2.6142591338893597	-0.24346846263897956	2
161	2.901527613240855	-0.31308324241289537	2
162	3.1629520192634146	-0.5251664573293023	2
163	3.3830467652105964	-0.676267051443931	2
164	3.5501677783176153	-0.6059416564050698	2
165	3.6571359604306317	-0.6315687876814555	2
166	3.7013589392824913	-0.7021273847466318	2
167	3.684551004978377	-0.7382899493907066	2
168	3.6123888178848698	-0.7520532004343079	2
169	3.494589434965128	-0.7438756617441177	2
170	3.34628961994273	-0.7387182272135009	2
171	3.193405506648539	-0.5711479773918655	2
172	3.0737835559663123	-0.5450663816796152	2
173	3.0000296611928863	-0.704555191625075	2
174	2.9420606261605493	-0.6862362709314469	2
175	2.867822119006445	-0.6071915654833155	2
176	2.763172940211686	-0.6528515113876838	2
177	2.625029795430744	-0.65615192470841	2
178	2.4577118240420552	-0.4898209730134214	2
179	2.271374017508629	-0.23322009561701185	2
180	2.081060729396863	-0.34556161381573164	2
181	1.907308011119694	-0.6874909268867344	2
182	1.782627225286546	-0.665916353944626	2
183	1.7116231841989518	-0.6491290898818747	2
184	1.6586330704094687	-0.7402787864007211	2
185	1.600123159318233	-0.6257704170467647	2
186	1.5350829044095875	-0.3206331722509186	2
187	1.4797911501686243	-0.26874561892489	2
188	1.4506416648227571	-0.5017046252076378	2
189	1.4406130118944924	-0.5266236105558313	2
190	1.4383618697960276	-0.38632819587478406	2
191	1.447683931624411	-0.4351011698817823	2
192	1.4945921400803668	-0.5703596256708249	2
193	1.615455077466239	-0.6485076005697549	2
194	1.793430717130561	-0.6293463059919765	2
195	1.9786224143732059	-0.5904656465245103	2
196	2.1441155685418174	-0.6618044515024187	2
197	2.27623737691662	-0.6580891453599764	2
198	2.3712570494760206	-0.5826530907225398	2
199	2.436325135431644	-0.6055503453521437	2
200	2.4970045921354767	-0.6549850068539823	2
201	2.6027659207925904	-0.41257530424436195	2
202	2.774836752185225	-0.07236105938153074	2
203	2.9796471078480065	-0.31369822923495505	2
204	3.17487347802851	-0.6602874747679678	2
205	3.326155642839428	-0.6734110341473535	2
206	3.406352241655837	-0.627301843809211	2
207	3.3989095973424295	-0.6021343474909407	2
208	3.2966819623494037	-0.4448822580802626	2
209	3.1011335628965555	0.09847180376056099	2
210	2.821383512206687	0.24243876100376233	2
211	2.4726549841366707	-0.36417862073682095	2
212	2.074363114088382	-0.6680981142129121	2
213	1.6482065722534887	-0.6188820756369963	2
214	1.2166920252762827	-0.6228464354415458	2
215	0.8026128584224909	-0.6248715803737336	2
216	0.4303695555691342	-0.6155354408991852	2
217	0.13296785450280696	-0.45762880057876554	2
218	-0.028588401816479148	-0.5110189276802666	2
219	-0.01945833808871404	4.056175563863757	1
220	0.11236746180311691	4.706869700642844	1
221	0.3055837113768994	0.46578108379398325	1
222	0.5266846667170945	-0.20964705855166876	2
223	0.7519718287663817	-0.7016495538749834	2
224	0.9644298306958982	-0.6338616542718803	2
225	1.1505919093360366	-0.49541364375313846	2
226	1.2998192261564994	-0.387960313782641	2
227	1.404858103931249	-0.4813426511268101	2
228	1.4630393347847035	-0.351137505456703	2
229	1.476163357571101	-0.3886039462065329	2
230	1.4474605732479957	-0.6955163463613092	2
231	1.3803397480139217	-0.7231775703884389	2
232	1.2810639130498012	-0.6741285567474354	2
233	1.1624063646380738	1.164977842882199	1
234	1.0372374088707328	1.6536918816756248	1
235	0.9062030198116462	-0.08226907738579638	3
236	0.7687773982256932	-0.3438770403234828	3
237	0.6370389435986047	-0.1007466336509398	3
238	0.530230637192942	1.1009871584232294	3
239	0.4415348781052296	0.8323461399377818	3
240	0.3461597168588428	-0.3780511880196742	3
241	0.23415995750099072	-0.23760476085409496	3
242	0.10414758464576138	-0.055722435575186316	3
243	-0.03830340793213967	-0.13667744706889184	3
244	-0.1798126076921261	-0.5456775150653631	0
245	-0.31292085107289347	-0.5295107533911245	0
246	-0.43831318844072364	-0.36506153007645714	0
247	-0.5472707463153865	-0.39712495464833214	0
248	-0.6111391118464782	-0.5480454369898347	0
249	-0.6054229339248982	-0.26042676700920764	0
250	-0.5477305736826228	-0.03930857835612759	0
251	-0.4676405105077677	-0.2929836459371243	0
252	-0.3776518788001064	-0.4890318935081865	0
253	-0.2852034797161742	-0.6413709143895423	0
254	-0.19467075466677014	-0.723826602717306	0
255	-0.10780949063234341	-0.7636134278181455	0
256	-0.025179824587660157	-0.6912314490547061	0
257	0.05265459106708488	-0.20129085440591804	3
258	0.12581729298727826	-0.11069766356046026	3
259	0.1971853746204679	-0.5781747274973708	3
260	0.2717449872135309	-0.42698078862355077	3
261	0.3571602979720748	-0.2038264334513011	3
262	0.45567452017708054	0.10796560558566509	3
263	0.5579641547728554	-0.029938986787958383	3
264	0.6533082805521526	-0.6693021546004698	2
265	0.735583477308649	-0.6913524463220512	2
266	0.8020410379550678	-0.5290621594431502	2
267	0.8518199025099178	-0.3665339023613008	2
268	0.8858952748557052	-0.41440744273596586	2
269	0.90724001252293	-0.5941888580898945	2
270	0.9223822860582281	-0.6179842453927997	2
271	0.9453486530401385	-0.5449974465835895	2
272	0.9812026345344744	-0.5638063197838007	2
273	1.0308404834661	-0.52541595737263	2
274	1.1032575101639432	-0.47405156678858223	2
275	1.1958142979603787	-0.5977343997813218	2
276	1.2999150044777839	-0.36661851359695596	2
277	1.4113241878508673	-0.04643391454400279	2
278	1.5245959613981563	-0.28877431033700673	2
279	1.6280024221263512	-0.6001991957560271	2
280	1.7069335489371202	-0.7136590245787806	2
281	1.7550058990136097	-0.6462134939691665	2
282	1.785247721564628	-0.6711438241225172	2
283	1.8270965388197002	-0.7783150936975101	2
284	1.8833984114883728	-0.6108888239194168	2
285	1.9305651396568402	-0.3971170137348166	2
286	1.9533398841291563	-0.20897581856030392	2
287	1.943285228267502	-0.2227582044313146	2
288	1.8958047958558486	-0.2980536180724435	2
289	1.8099635504571665	-0.3926564370579179	2
290	1.6888349087754657	-0.5618023240440653	2
291	1.5403266831394364	-0.4341845890281605	2
292	1.3793141331313852	-0.4823524451981163	2
293	1.2286932069882495	-0.6459342516276035	2
294	1.1082741274993968	-0.44957760023697185	2
295	1.012698809483612	-0.4226271954582608	2
296	0.9187020877537991	0.00964487532865834	2
297	0.8119794959774927	0.19832558921226706	1
298	0.6896947943969951	0.6314563769327479	1
299	0.5533437889926476	2.0629529594018474	1
300	0.4066105816325631	1.806948601219365	1
301	0.25453975855531435	0.2497912460007288	3
302	0.10376645689624105	-0.3947382530842491	0
303	-0.03420141155171869	-0.3998703759340938	0
304	-0.1377287723109883	-0.5662928235918326	0
305	-0.20005668131539023	-0.6800997868123406	0
306	-0.2336126506281986	-0.6562467983781967	0
307	-0.228434642450684	-0.6453165838321044	0
308	-0.15446691409726904	-0.657657651089739	0
309	-0.007201246266391558	-0.6781063796006891	0
310	0.1928969369121304	-0.6793757232552662	2
311	0.4223594361877995	-0.6464806977823598	2
312	0.6565463517482764	-0.004011703554194253	2
313	0.8746633232512331	-0.022655421161042515	2
314	1.0591637693011227	-0.695462331703825	2
315	1.195959549993582	-0.674463914576741	2
316	1.2754706676045615	-0.5748139964603628	2
317	1.2935597501147402	-0.5916969355954523	2
318	1.256358363477531	-0.6764325958903055	2
319	1.1788175716164142	-0.6986728709272257	2
320	1.070160006848399	-0.3666895790715336	2
321	0.9433045152545876	-0.31387547759460777	2
322	0.8287386737532328	-0.11605180304780291	2
323	0.7774599669510611	-0.17507069633927094	2
324	0.8216364103374308	-0.6863707132561759	2
325	0.928749527763993	-0.6584797839729631	2
326	1.0453713372910298	-0.5934241995597253	2
327	1.1377852989165476	-0.6234179046126824	2
328	1.186057192071218	-0.6927695877907164	2
329	1.1798707960675416	-0.7201499687801616	2
330	1.1176321852351339	-0.46842684670019386	2
331	1.0055763984203538	-0.3538270453598393	2
332	0.8556051151224823	-0.41765180859456924	2
333	0.6840850058386164	-0.3033904748835821	2
334	0.5144956078463376	-0.397954308297515	2
335	0.37454439119446153	-0.4164123425218093	2
336	0.27125950778583174	-0.4203296027174258	2
337	0.1987070804024795	-0.6632546721491674	2
338	0.16283842538763288	-0.7633178238934211	2
339	0.1667391320338606	-0.6746955301424494	2
340	0.205065704623652	-0.6541083494861969	2
341	0.2782542744102851	-0.6701605915712071	2
342	0.3793093320707158	-0.04663705362373376	2
343	0.48485229592118784	0.0008807274771943065	2
344	0.5746465202272684	-0.3778635759778689	2
345	0.6366785206309986	-0.4704465881054378	2
346	0.6642475754022281	-0.636294430919042	2
347	0.6558476296621131	-0.3937655019557135	2
348	0.6154465507763085	-0.3205466456689488	2
349	0.553155128995486	0.1652652991210489	1
350	0.4898389977307506	0.7055465720851369	3
351	0.4512293046556365	0.11358412950548072	3
352	0.4514791783431043	-0.3989563636989335	3
353	0.4789535036239093	-0.2666045842451521	3
354	0.5090095110188776	0.21921300227203175	3
355	0.5265915152689439	0.25467960365675063	3
356	0.5261005478917218	1.0331666268200281	1
357	0.5090518609846583	0.95453711955352	1
358	0.4815602592089948	-0.3045282304281217	3
359	0.44980403152387405	-0.3342309475650203	3
360	0.42385547656402445	-0.3502460040439845	3
361	0.4205658401967845	-0.12647807401053174	3
362	0.44169241746782517	-0.10606223890275157	3
363	0.47556606028235676	-0.05402891570711504	3
364	0.5182049484836193	0.49056932057308766	3
365	0.573862438940824	0.46469317593805703	3
366	0.6430644072854362	-0.07711490445754705	3
367	0.7080503533623718	-0.29853017649332414	3
368	0.7483406353794352	-0.07356929446004062	3
369	0.7564921557775308	0.015979476632889844	3
370	0.7343659054744208	-0.2612053306729231	3
371	0.692274201619715	0.21186039788478556	3
372	0.6488173127922818	0.4267456664292081	3
373	0.6147170891685695	-0.19058729396314755	3
374	0.5897632008137476	-0.3788760480503638	3
375	0.5638982549159668	-0.39389451162198613	3
376	0.5243538305629052	0.6494889478548915	3
377	0.4689180069494494	2.1217366426821513	1
378	0.3991755460397346	2.228446998482867	1
379	0.3188243378981628	1.33652928628861	1
380	0.2333479661064274	1.1434484898366424	1
381	0.14891382847914167	0.9859075223058139	1
382	0.06595772290778891	0.22965471279454805	3
383	-0.02007760106204961	-0.24131439420740328	3
384	-0.10948385823987444	-0.4408590395604454	3
385	-0.1969345344510363	-0.16446642823353952	3
386	-0.2750772773493111	-0.06766254703084842	3
387	-0.34194446060057987	-0.024726495970841256	3
388	-0.4006202771961551	-0.09894078480378514	3
389	-0.4503394879599507	-0.29345141122756574	3
390	-0.48174617528212066	0.33035545452457615	3
391	-0.47529830393772493	0.270207597726087	3
392	-0.4164579498598586	-0.3331884724694205	0
393	-0.3031153612771419	-0.3767190528487495	0
394	-0.14782331601614104	-0.49142590506294176	0
395	0.028143981633719794	-0.43672954793875624	0
396	0.2071607058996515	0.2852477647717296	3
397	0.3732107188717995	0.2563994608348591	3
398	0.5133397613470447	-0.2994680654676549	3
399	0.6183787142693512	-0.37167023676424565	3
400	0.6849481263861301	-0.5312179720404965	3
401	0.7173795949364755	0.23873460686696457	3
402	0.7190786308754527	2.965257764891625	1
403	0.6864097293715379	2.6938339843942374	1
404	0.6177384883588211	2.7902033725330355	1
405	0.5178213410743847	4.362757194204374	1
406	0.3950075601195636	2.2481330094800662	1
407	0.25957943978636977	0.22698141897074883	3
408	0.12299653378788464	-0.41478326048415703	3
409	-0.0019446284386236395	2.326658758816871	1
410	-0.09716304212746928	6.064097254937018	1
411	-0.137384363137484	4.329558335996858	1
412	-0.1275948132182613	0.5742613430197127	3
413	-0.10022997697533204	-0.43883084064479755	3
414	-0.07295756697860742	-0.3951762084167882	3
415	-0.04825109577942527	0.869323056651383	1
416	-0.029071885878092944	2.135315697548787	1
417	-0.02379473709522161	1.530318355366905	1
418	-0.03473369277957986	0.2241752951489549	3
419	-0.05346682755606663	0.22920902951531674	3
420	-0.06712029396197405	0.6515274331592837	3
421	-0.07482704450307294	-0.04408469864092258	3
422	-0.08290710609227314	-0.3905692793440275	3
423	-0.09270910787268162	-0.3088960645367224	3
424	-0.1064654233210086	-0.2839289560060801	3
425	-0.12926655929736997	-0.23670024382306415	3
426	-0.16396529085712347	0.1279767861418352	3
427	-0.20656983389004366	0.3832400939989617	3
428	-0.24298281896855872	0.038390201545401965	3
429	-0.26370348740648514	-0.0860485781120245	3
430	-0.273636892919029	0.14112760594824342	3
431	-0.27592546635673804	4.942896584860023	1
432	-0.26494549666101697	5.077865081812203	1
433	-0.22578885136306387	0.08128861339017468	3
434	-0.15586078162109326	-0.4671071885788854	0
435	-0.07019010932111149	-0.5702366223626308	0
436	0.02321661879224298	-0.5321608538845479	0
437	0.129440449546131	-0.470026901692823	0
438	0.2593739742321089	-0.6005917085153762	2
439	0.40825951240568575	-0.7128676937065812	2
440	0.5574642105430953	-0.6428865823679674	2
441	0.6925448502059185	-0.615079180051279	2
442	0.8042846235128525	-0.7466720521318765	2
443	0.8870194018037586	-0.6920816004720456	2
444	0.9387495644341068	-0.6106399777777214	2
445	0.9614337426469033	-0.5451736149910905	2
446	0.9612172404331653	-0.603536590808562	2
447	0.9496852521963787	-0.7635686205119643	2
448	0.9448974293028977	-0.7294860623442182	2
449	0.9647369550016491	-0.6307728465286982	2
450	1.0057645880721306	-0.5863387855735855	2
451	1.0427481328380181	-0.6587960564081341	2
452	1.0553372357441664	-0.7068033839681716	2
453	1.037185712264804	-0.6861099207150317	2
454	0.9957220109661452	-0.6808490358422721	2
455	0.9491267797504184	-0.6353657411794783	2
456	0.8980286194475253	-0.6207373639152961	2
457	0.8284592907562216	-0.680575792025309	2
458	0.7348298058448711	-0.6471015142543126	2
459	0.616812877090681	-0.6596173341778769	2
460	0.4783775583869682	-0.714808273191718	2
461	0.32835306120399466	-0.6706614523272888	2
462	0.18222456633957745	-0.6148573171662769	2
463	0.06712336874196802	-0.4615596115749906	2
464	0.01451883953548245	-0.2037411576857161	2
465	0.033961553661438666	-0.31734118552152896	2
466	0.11621496453867283	-0.4525939196163463	2
467	0.2422280052870637	-0.3999724998571849	2
468	0.39052622702021916	-0.5570914507695938	2
469	0.5539338459988823	-0.6882825874341807	2
470	0.735871637955223	-0.6485247712821128	2
471	0.9268460008259753	-0.4989400317179646	2
472	1.1074816299958778	-0.5106861602004673	2
473	1.2635432877590629	-0.616001020604465	2
474	1.3798395985414322	-0.6105779897816045	2
475	1.4465126808900972	0.4161174088327993	1
476	1.4611741300890435	0.5746359900569707	1
477	1.4261706790838533	-0.3193353280901866	2
478	1.3477926310912285	-0.5567320832681879	2
479	1.2353231796522834	-0.11844577090595575	2
480	1.0999481590929625	-0.0725719097274944	2
481	0.9539679917217547	-0.3649066197924498	2
482	0.815571748136979	-0.1452833553912262	2
483	0.6996679440002179	-0.11251909702255276	2
484	0.5945692982100967	-0.37346625607511785	2
485	0.4815660854720143	-0.6950846209472642	2
486	0.3563692238032769	-0.6519536947833608	2
487	0.22085756316969432	-0.5991216148791381	2
488	0.08141091717064868	-0.5592750650414833	0
489	-0.05191495874393271	-0.33634538022947746	0
490	-0.16282750532040752	-0.19625943717884864	3
491	-0.23769457662180152	0.7512439120126504	3
492	-0.27537699851177266	0.6214146448262828	3
493	-0.27099352866192616	-0.645576642830483	0
494	-0.21809511136703197	-0.6141055579306786	0
495	-0.12523655970902398	-0.5440789403064138	0
496	-0.004646658061588956	-0.6709103069851018	0
497	0.13694270286940133	-0.7234065804028689	2
498	0.2888778280965719	-0.6829624457671613	2
499	0.4350819980822099	-0.6525984878126666	2
500	0.5608609357389628	-0.6750392137961456	2
501	0.6539627228053688	-0.6470517767027639	2
502	0.7051846282714263	-0.536395818467363	2
503	0.7093758745365619	-0.569050138293152	2
504	0.6661596018707997	-0.5845013396794697	2
505	0.5802583667188945	-0.16656177093165206	2
506	0.46150459210714057	-0.2862738482180517	2
507	0.3249174555201333	-0.7712594660158804	2
508	0.19138548787535786	-0.7484866390286917	2
509	0.10093243311897745	-0.7272349829328111	0
510	0.07493627862686413	-0.6295714417014486	0
511	0.08462786283030714	-0.5509784567989341	0
512	0.09809225517126764	-0.5828078671722868	0
513	0.09844120237546972	-0.6432416392049867	0
514	0.07364214256804201	-0.7527286500210171	0
515	0.017304637229454346	-0.7496297942013388	0
516	-0.06766247465848198	-0.5976751895154636	0
517	-0.17383964106212377	-0.5521229495322424	0
518	-0.30099082783855263	-0.6870927529115789	0
519	-0.44776590236366864	-0.31760325495775665	0
520	-0.6038612459107188	0.08391775093895572	3
521	-0.753509840007171	1.3359721636642778	1
522	-0.8770395569484064	1.105165453167153	1
523	-0.9575043564734219	-0.26128658788466763	3
524	-0.986632414365536	-0.11214738523385777	3
525	-0.9848555348492886	1.2786587096089979	1
526	-0.9839434399849654	2.9738977913222477	1
527	-0.9965831891123113	5.086810273591941	1
528	-1.024912765096926	3.6159869566609504	1
529	-1.0652834918057659	-0.1692022504609433	3
530	-1.1089106626263976	-0.6025231381295193	0
531	-1.1416816582120413	-0.5334883162436413	0
532	-1.1574428739261868	-0.5619269028055559	0
533	-1.165213284352474	-0.5389872494458586	0
534	-1.1742178536807655	-0.6180313725877372	0
535	-1.1871518915280037	-0.41071355273060334	0
536	-1.2030841196872148	-0.3802940139392556	0
537	-1.2191093746180668	-0.5971190689412487	0
538	-1.233126048249388	-0.5486339588272637	0
539	-1.2433564700549185	-0.6021457600849383	0
540	-1.2446580906851266	-0.6716754208770962	0
541	-1.227436781327412	-0.7331490137913445	0
542	-1.1807400956479084	-0.42883865893352446	0
543	-1.0947932585004663	-0.09805486370069999	3
544	-0.9751250147838079	3.0952432511980104	1
545	-0.840744836649839	2.849396962185885	1
546	-0.7030298817718201	-0.648329346636704	0
547	-0.5639278207885858	-0.7384444077914818	0
548	-0.4257828646980719	-0.6706015966614793	0
549	-0.29568475336387334	-0.6347996596452457	0
550	-0.18003660296909374	-0.6631195955455012	0
551	-0.08168644288919116	-0.7324225898348943	0
552	2.9809830982848303e-05	-0.67791402078672	0
553	0.07127487568705954	-0.6645547007591981	0
554	0.14496447756418637	-0.7403349353918447	0
555	0.22021904302965362	-0.43510881542620605	0
556	0.2787210814713492	0.3529956230472683	3
557	0.30631652139302057	0.17806895196349445	3
558	0.2962606569396007	-0.5766214937694948	0
559	0.2470802704389227	-0.7130939537884479	0
560	0.16226359147425382	-0.6290259995064444	0
561	0.05013540996614761	-0.6259327138819688	0
562	-0.07560957948399985	-0.6688079897414786	0
563	-0.1928777388801583	-0.6106032030700709	0
564	-0.27452527867692944	-0.7086316281132835	0
565	-0.307950791087109	-0.7232401104204165	0
566	-0.3018056046425087	-0.24530847892228405	0
567	-0.2600500890709804	-0.2528007667621943	0
568	-0.18404898834260255	-0.7180185720323797	0
569	-0.09022239082271312	-0.6590665167729318	0
570	0.007186946803274451	-0.007186799215820287	3
571	0.10309169512377109	0.4846822256420478	3
572	0.1909398896395883	-0.02643573418131119	3
573	0.2635915207661052	-0.14617614307559143	3
574	0.3182435826902762	0.03930251673110681	3
575	0.3558994752673297	1.1666865754589566	1
576	0.38223159745203295	1.69586077022074	1
577	0.40683409175465934	0.16005043942408975	3
578	0.42142772420267793	-0.18205726408971476	3
579	0.4120578291329297	-0.11855067763673875	3
580	0.380262792452617	0.33252685461027215	3
581	0.3288952924937472	0.63270985343063	3
582	0.2608119052029813	-0.1374274772336991	3
583	0.18097099737944788	-0.3520602277386236	0
584	0.09529676894081485	-0.4779515807716099	0
585	0.010922952466164478	-0.6665548024955765	0
586	-0.06708449675124428	-0.5634135691579512	0
587	-0.1445358003524856	-0.19111008973948698	0
588	-0.23055279660334732	-0.1503476501653057	0
589	-0.32584460298997137	-0.447420176051267	0
590	-0.4232068668453097	-0.29994652631995317	0
591	-0.5102483302989623	1.6145522738916998	1
592	-0.581203948400664	1.792809416180539	1
593	-0.6379531889548253	-0.10871789178799249	3
594	-0.6776010715473816	-0.3502561031287246	3
595	-0.6996243977104517	-0.06845347611175942	3
596	-0.7129012959376274	-0.3645316409147146	3
597	-0.7237238474331685	0.06764574396785063	3
598	-0.7316610177595189	0.13254438705216792	3
599	-0.7388660318104041	-0.31647410038494783	3
600	-0.7530618665342534	1.7385850722916	1
601	-0.7806046992639668	2.378972843514049	1
602	-0.8231572279438566	0.5576791172433891	3
603	-0.8788701836168122	-0.24144523534162107	0
604	-0.942822586299191	-0.563111036028891	0
605	-1.0065739358906494	-0.35811750030570516	0
606	-1.0542694468888176	0.20116658941593565	3
607	-1.0641594510678793	1.4895538945131794	1
608	-1.0303905100396524	1.3759571568902258	1
609	-0.9602209848145756	-0.25593611602400756	0
610	-0.8674698005245334	-0.6250975206098018	0
611	-0.7707736730103362	-0.6149539206382305	0
612	-0.6813306497244866	-0.24508432216464376	0
613	-0.6063685219256193	-0.1873477645534107	0
614	-0.5502032883068145	-0.5807455634862587	0
615	-0.5142645543512117	-0.5082677721986141	0
616	-0.49640500587194897	-0.5245144137137038	0
617	-0.4897084665866241	-0.41693289230194225	0
618	-0.48849491583327137	-0.32265984251663815	0
619	-0.4957139957194043	-0.42745265142079614	0
620	-0.516823956548422	-0.2903805571460044	0
621	-0.5533697645391674	-0.407408007442331	0
622	-0.604147813399434	-0.4320705746278321	0
623	-0.6659469448037254	-0.4464606351657635	0
624	-0.7333694728297924	-0.3893552227826529	0
625	-0.7970254515929295	-0.19966529714567297	0
626	-0.844347291372258	3.0783399624695322	1
627	-0.8766207359136483	3.4470357644081497	1
628	-0.9063848323780888	1.21018108113409	1
629	-0.9394334296363447	0.9633008540728077	1
630	-0.9749054212526769	-0.2195878667535949	3
631	-1.0056621588782562	-0.4484534052732943	0
632	-1.0133851508493863	-0.5012115018769834	0
633	-0.9838327748587871	-0.6967308443236646	0
634	-0.928538402520014	-0.6848670566519188	0
635	-0.8683620374038316	-0.6076538577413608	0
636	-0.8161647330588871	-0.7091149763631834	0
637	-0.7797368825386947	-0.6233737627877959	0
638	-0.7635121481701365	-0.4472923384298364	0
639	-0.7659363324124346	-0.06268114053382506	3
640	-0.7841530086103596	-0.001938880249649301	3
641	-0.8208759055303133	-0.47044091873427113	0
642	-0.8773027675788436	-0.41293800257554264	0
643	-0.9488118397482914	-0.3984771967453733	0
644	-1.0271040183408564	-0.6674060975661606	0
645	-1.0956339166513815	-0.6880013354375843	0
646	-1.1323380159154854	-0.7395156031242892	0
647	-1.1385384092844697	-0.7393238781610085	0
648	-1.1317516641378094	-0.7682937318348965	0
649	-1.1196819560598357	-0.7479881821118748	0
650	-1.1047707428725928	-0.5045755761645929	0
651	-1.0916860653249274	-0.14621951698886834	3
652	-1.0897986858301765	0.05677870981251941	3
653	-1.1055496489533274	-0.18080688767244285	3
654	-1.1397061786811837	-0.5205600175604725	3
655	-1.1892936188435221	0.13100251876266367	3
656	-1.2484742758575946	3.964656985798418	1
657	-1.3089617976117043	5.012445638649001	1
658	-1.359355967030622	1.208051397161791	1
659	-1.3864498643372434	-0.6095076214862322	0
660	-1.3856853280584667	-0.5631240133581301	0
661	-1.3576303519223292	0.11800672887539693	3
662	-1.3015398996908905	0.510961402827159	3
663	-1.2195495344711316	0.2255613540595966	3
664	-1.1120338858139074	-0.200521577723211	3
665	-0.9800771128658101	-0.6231577853763556	0
666	-0.8243703140417697	-0.5151529239095004	0
667	-0.6448725448323803	-0.5220120799121332	0
668	-0.44949848819808974	-0.5903200513809683	0
669	-0.2502995988830652	-0.4400705302228108	0
670	-0.05823731749360917	-0.2945137341445116	0
671	0.11617254034642586	-0.0953491076475871	3
672	0.26325291562569836	0.4226790584864706	3
673	0.3750025348581066	1.5981795684624014	1
674	0.4459902723668043	2.227374803840032	1
675	0.47414839537346115	0.9277966361036285	1
676	0.4614136070875998	-0.4041492332852734	3
677	0.414683393821735	0.23172282273828249	3
678	0.3496726116345562	0.5333577385540574	3
679	0.28222839808776545	0.4791080356688886	3
680	0.21293082355529136	0.737725971760837	3
681	0.1395047245625118	0.020488307027806824	3
682	0.07365509235915738	-0.4490570191381661	0
683	0.027834452791160827	-0.41884030451850074	0
684	-0.006899702977236116	-0.5670150886381379	0
685	-0.04788689771485017	0.8130309755088897	1
686	-0.10304645238699463	2.9704834651312657	1
687	-0.1743761283391888	2.2205040026059284	1
688	-0.25870311377831195	1.6686839252639474	1
689	-0.3474952545485694	1.0790111311588855	1
690	-0.4307946343836559	-0.45961256916327176	3
691	-0.5108306513637707	-0.287141699438862	3
692	-0.5964846877041245	0.45752764649019306	3
693	-0.6880284141040701	0.7615039711434484	3
694	-0.7778491181643826	0.6373703715740571	3
695	-0.8543603777846559	0.6568043523187014	3
696	-0.9043912318784756	0.30056750713881064	3
697	-0.9087621034392296	-0.13503419932325267	3
698	-0.8646105574415772	-0.052960037386739926	3
699	-0.7914997578176897	0.004592428192151941	3
700	-0.7101931885211202	0.023729265384670514	3
701	-0.6379968125608471	-0.05820995890629682	3
702	-0.5853150839040513	-0.3417098696424242	3
703	-0.557235589059792	0.657200151578647	3
704	-0.5546314553591636	0.7449012482852103	3
705	-0.5741258468293513	-0.018982748363801392	3
706	-0.6077631112524157	0.27423788918602976	3
707	-0.6397528566457529	-0.12405013838589415	3
708	-0.6507525392015099	-0.618868766329	0
709	-0.6363767436718412	-0.6594786359319601	0
710	-0.600701264479075	-0.7093980391464069	0
711	-0.5467401058006455	-0.6498559208358764	0
712	-0.47652757455706823	-0.6928734763187625	0
713	-0.3997296363325218	-0.7670747083148288	0
714	-0.33480654601021553	-0.6604140021027491	0
715	-0.29405216715427973	-0.5472501373722305	0
716	-0.2852438517766814	-0.6315441360000517	0
717	-0.3126348735666977	-0.7296680310516579	0
718	-0.376939366724141	-0.6780922466467204	0
719	-0.47552799306882265	-0.575508022272514	0
720	-0.6028706541792942	2.085270770592787	1
721	-0.7511797189547037	2.6035342068351617	1
722	-0.9110895413677743	0.36493359071378056	1
723	-1.0720239197720678	0.597571977025157	1
724	-1.2209833755928414	1.914530238716041	1
725	-1.3407965939484698	1.4127346699862302	1
726	-1.4241723443539516	0.2780849509297173	3
727	-1.4736491111860694	-0.005075561196365605	3
728	-1.4911713230679766	-0.3550003104989673	3
729	-1.477383156848082	-0.3392152994210753	3
730	-1.4270542449275985	-0.32703516302032865	3
731	-1.3458426703673108	-0.0031692596691570607	3
732	-1.2505431875676756	-0.22419084396674696	3
733	-1.1529279877385232	-0.05792735608831145	3
734	-1.0613709086633794	1.8661500690703954	1
735	-0.9826248624167792	1.329573772961726	1
736	-0.9219749872948326	-0.4813953671313875	0
737	-0.8830403147430378	-0.45078714262868225	0
738	-0.8674970588212159	-0.5715987948185486	0
739	-0.874835256371334	-0.4894967668515484	0
740	-0.9021784767722425	-0.5255290198276013	0
741	-0.9441428497132751	-0.6530741861108064	0
742	-0.9917249415113589	-0.4511277469377595	0
743	-1.0304430430041276	-0.3271607929960096	0
744	-1.0484372334723875	-0.2697549244412635	0
745	-1.0439068789920765	-0.2562260846911025	0
746	-1.023132938913689	-0.5810873698088995	0
747	-0.9976462258658859	-0.6275705894526628	0
748	-0.9791741816426792	-0.3174564952879666	0
749	-0.9758641553762134	-0.38682187587664735	0
750	-0.9919216584234688	-0.6765143608595482	0
751	-1.028317938522227	-0.5659306676886405	0
752	-1.0825357389605885	-0.4578759721426483	0
753	-1.1461289462713913	-0.4043537377976982	0
754	-1.2017586858879912	-0.38050466478111766	0
755	-1.2465166540826664	-0.4644468317941361	0
756	-1.2953716643503899	-0.42371429033909824	0
757	-1.3561411132694228	-0.3287127662350696	0
758	-1.4288890496327107	-0.447779188225718	0
759	-1.5099269252285945	-0.6287504759915215	0
760	-1.591403305457859	-0.5206090205933872	0
761	-1.6653122972785293	-0.16567277798129731	3
762	-1.7265018864270663	-0.18778617612668305	3
763	-1.76382664870514	0.8431170728805798	1
764	-1.7659891719641865	1.2163507454244447	1
765	-1.732597877882313	0.032195762070304855	1
766	-1.667417111565233	-0.43777645533472115	1
767	-1.5811740260264986	1.7204564052130298	1
768	-1.4887073841249925	2.9924511218526235	1
769	-1.3999152532497505	0.6826661159356581	3
770	-1.3210390655671975	-0.4465739817102191	0
771	-1.2530299895247652	-0.20939153558752685	0
772	-1.1986245289360016	-0.32506200906343946	0
773	-1.1640486554716114	-0.3807832238816835	0
774	-1.150845871208848	-0.39495304036385376	0
775	-1.1561636580420465	-0.5534831345670832	0
776	-1.1743515050241198	-0.3667536404517061	0
777	-1.1955100337727866	-0.16832102016155823	3
778	-1.2094814685067474	0.23635582481795267	3
779	-1.2190801002793739	0.048322932304579326	3
780	-1.233313070767982	-0.4107285483525078	3
781	-1.254704204522196	-0.33780657067350933	3
782	-1.2815573572112324	-0.25439014418214206	3
783	-1.3076672061671741	0.6269123156491514	3
784	-1.3250133343833894	0.6092026022054746	3
785	-1.3307498926894832	-0.39604331373601914	0
786	-1.3221792561994234	-0.6210598858516689	0
787	-1.2979268024213106	-0.6772043781772982	0
788	-1.2644387381791204	-0.6892255649220769	0
789	-1.2294747065886844	-0.5975081867801137	0
790	-1.198878624971609	-0.5200023732319724	0
791	-1.1759985508192712	-0.2069271673018345	3
792	-1.16127852183744	0.11179705476974064	3
793	-1.152517135676912	-0.17350610075396103	3
794	-1.1447855716462148	-0.5302472871179099	0
795	-1.1248205522257513	-0.36300231889144724	0
796	-1.086169919053798	-0.3995049762570914	0
797	-1.0391446064425833	-0.7051169585148538	0
798	-0.993147612616929	-0.41557194624027255	0
799	-0.952660190641216	0.43408096490583303	3
800	-0.9203846134427816	0.5637123584527699	3
801	-0.89752774006684	-0.10608019812262764	3
802	-0.8841728985916557	-0.4174426819097786	3
803	-0.8794036729527044	0.5321127206799907	3
804	-0.8823172134292855	1.0885851641449047	3
805	-0.8937229451009734	0.49732651011852835	3
806	-0.9133333702243395	-0.09771278847136955	3
807	-0.9399383158254832	-0.3492210508955118	0
808	-0.9753130143705747	-0.45782725325900464	0
809	-1.0213602026018482	-0.7274923183237221	0
810	-1.0775817641021157	-0.5732037475224074	0
811	-1.1416432885606738	-0.35935098247361436	0
812	-1.208844311015964	-0.3333407943169208	0
813	-1.2702087417629213	-0.46889048142591344	0
814	-1.314807443773238	0.18175161601489603	3
815	-1.3361068614475327	0.21520887293111893	3
816	-1.3303075835141116	-0.4846341665213096	0
817	-1.2900888223005529	-0.5434538999487634	0
818	-1.2115200526640608	-0.6206190091671631	0
819	-1.1032629606924456	-0.7106322093400439	0
820	-0.9788395460251025	-0.763837518745897	0
821	-0.8485654410808567	-0.7660810177873587	0
822	-0.7203282792064727	-0.6628735007665874	0
823	-0.6005136681167963	-0.5752270873636247	0
824	-0.49394942679906284	-0.618716820820393	0
825	-0.4035691306764953	-0.6970052817580299	0
826	-0.32974592859042573	-0.7182752556386095	0
827	-0.2690521341471846	-0.6800480554377399	0
828	-0.21785694065717065	-0.7215669661941284	0
829	-0.17892667737469703	-0.6876249577139917	0
830	-0.15822431711273	-0.5679336242331827	0
831	-0.15900984452709443	-0.17326526333073375	3
832	-0.1822367578839522	-0.041268243233459054	3
833	-0.22816344209519132	-0.17853914460013343	3
834	-0.2964124061263282	-0.10967731363831187	3
835	-0.3846962559905896	-0.054537448633456664	3
836	-0.48835164174701756	0.332808226980329	3
837	-0.6006240890551242	1.0428330441331568	3
838	-0.7127629549844751	0.9112425735783677	3
839	-0.8126919945662943	0.04479871582925869	3
840	-0.8791051687287438	-0.4132843644860467	0
841	-0.9065641302238384	-0.5774660285134098	0
842	-0.9151999983225731	-0.6087815138207557	0
843	-0.9210391248149825	-0.5703002111980195	0
844	-0.9309783744424629	-0.38707298516059263	0
845	-0.9478047490512477	-0.11086664463863986	0
846	-0.9697881200736843	-0.28424406599748764	0
847	-0.9923851050636063	-0.47719285315485427	0
848	-1.016788774700183	1.181205274333058	1
849	-1.049209847626407	1.872778134558295	1
850	-1.0930038009862988	1.5249180810657028	1
851	-1.1482497194115697	1.051962252661963	1
852	-1.2122931836182214	0.3664405533351084	1
853	-1.2805683240103216	0.4976400929104947	1
854	-1.3503259122596776	1.2917901038643365	1
855	-1.421185204067999	1.1703202805801194	1
856	-1.4910910437673308	0.6472934431759856	3
857	-1.5535717427178437	0.5806538839583412	3
858	-1.6045048255243959	-0.054440996301896895	3
859	-1.6464455820481887	-0.13144208768424448	3
860	-1.6781466705256274	-0.1873743647944154	3
861	-1.6974201332161096	0.19282998977742194	3
862	-1.7048584125972954	0.3417475395666678	3
863	-1.6929453716105156	0.20994777464891717	3
864	-1.656076995894997	2.203689189863808	1
865	-1.5936246695325726	2.361816768358377	1
866	-1.4983487038222587	0.7545521094942268	1
867	-1.3705034663385145	0.9213666758785585	1
868	-1.2186701913219944	0.3999542836010822	3
869	-1.048917127375373	0.8375994158266633	3
870	-0.8667041431209525	0.8582753684674103	3
871	-0.6751763925257166	-0.14052309815544237	3
872	-0.4789773242198036	0.1702007671327888	3
873	-0.2883609208819271	1.2477594283236693	1
874	-0.1139016304209585	2.4044286905430736	1
875	0.03768989319731033	1.4986476917611005	1
876	0.16346995394912844	0.09402229694466856	1
877	0.26501400147477305	1.0970735084337597	1
878	0.35179673927928695	1.1450326588514768	1
879	0.4325302918345477	-0.07877523368628248	1
880	0.509227182261219	0.8264970221117002	1
881	0.5917910904785623	2.5423078057520248	1
882	0.6984366112589483	1.501528594482902	1
883	0.8211139474934472	0.6186749149252658	1
884	0.9314066671514757	1.2466641238682314	1
885	1.0150734118009659	0.7543442662686852	1
886	1.0710529854593283	0.43710881889527137	3
887	1.1070043766362532	0.23659927770514394	3
888	1.1419087808379724	-0.053759147934013554	3
889	1.2073147120301257	0.12678640817031603	3
890	1.3052170356790227	0.3539857509744872	3
891	1.404871205759658	0.04726407351654869	3
892	1.4836733091826677	0.2523641113515933	1
893	1.5280463443362782	1.2888170153228875	1
894	1.5300730342071418	1.6210409308524412	1
895	1.4871183190049848	1.7112518250461497	1
896	1.4013271422239797	1.8882892466810541	1
897	1.278803787100343	0.8579201914503828	1
898	1.1286029498061758	-0.22290280314983754	1
899	0.961763809255727	1.2349738545722504	1
900	0.791671402368822	3.095153609366871	1
901	0.6301334129479795	2.0109637157130353	1
902	0.48018874330356703	0.22027449056011697	3
903	0.3471742435394858	-0.033380480454659904	3
904	0.2486139278604561	-0.1416839124318566	3
905	0.19995081346518695	0.11649887558018075	3
906	0.20718105640534523	0.8771349651064605	1
907	0.26702336966476053	1.3717848888289896	1
908	0.3629038192344343	0.7681248918986169	1
909	0.47032220481931386	0.16484367726212154	3
910	0.567974032619792	0.10567529587493842	3
911	0.6415578272060954	-0.2953064069060917	2
912	0.6822187474847908	-0.43078281690401904	2
913	0.6858760901721704	-0.5329410785108595	2
914	0.6529054913373652	0.9454932561863238	1
915	0.5876513606263628	1.0682107229476796	1
916	0.49770637609174473	-0.3799998432401837	3
917	0.3930388409022345	-0.28394783722767053	3
918	0.2851215662897195	-0.12968408018378086	3
919	0.18513039868545123	0.0051964763037747955	3
920	0.09826041961106222	-0.07459041951061807	3
921	0.02454078042390242	1.6724103536669637	1
922	-0.028969653701596054	7.975785031419605	1
923	-0.05335956919693062	6.982138922635128	1
924	-0.04752286372044272	0.4822177829250618	1
925	-0.00924633986554019	-0.7011001310772138	2
926	0.06386599387864009	-0.7203921324938535	2
927	0.15768054146831664	-0.6723701801961692	2
928	0.24866885750166087	-0.5168503991869863	2
929	0.3200837601410548	-0.34012931843081534	2
930	0.3602744884740455	-0.3643746887739778	2
931	0.3614896184973686	-0.5750786828328841	2
932	0.3200830785045469	-0.5535384327074919	2
933	0.23675871257947717	-0.3514760090446684	2
934	0.11663157594837836	-0.33264243962052253	2
935	-0.030897776122225433	0.7462750285801679	1
936	-0.19232066479059337	1.1882033227644246	1
937	-0.3498315291536965	-0.04939865557252743	3
938	-0.47917877587855506	-0.6279403884462984	3
939	-0.5458193913753699	-0.039117340218146904	3
940	-0.5208938462899164	0.7003774047735045	3
941	-0.4232976497787831	0.08279437307715487	3
942	-0.2935606908810864	-0.6485659780735398	0
943	-0.1472189689582874	-0.574324568001589	0
944	0.016542758961585892	-0.37378217080591253	0
945	0.1949528027701315	-0.3687829382078164	2
946	0.37219404617659113	-0.5410688258080458	2
947	0.5302628732687196	-0.6224087645892277	2
948	0.6541023480662025	-0.5826892585128335	2
949	0.7318307761506	-0.45449281981880724	2
950	0.7556818352097219	-0.40687661958624716	2
951	0.7227321434491236	-0.13196207150559428	2
952	0.6352055846306897	0.08623985131776299	1
953	0.5003124143575803	1.183746107346495	1
954	0.3297562181483125	1.1951103420971856	1
955	0.13930384745976804	0.36364392213377705	3
956	-0.050370295247202816	0.3279631130014084	3
957	-0.2085282584506818	-0.12985994399092013	3
958	-0.3146056269724891	-0.3380607133825681	3
959	-0.3726436780747381	-0.4278417679156984	3
960	-0.3892427645504883	0.16949780888452312	3
961	-0.37455500290787647	0.42905059736101436	3
962	-0.3494209385693385	-0.20550631365742988	3
963	-0.3315809386463989	0.012382483321288159	3
964	-0.3306672275681219	0.3131973849793449	3
965	-0.3517735317192646	-0.1499545064303711	3
966	-0.39602310302350135	-0.3818405327124263	0
967	-0.4576685114676365	-0.30926298641531097	0
968	-0.5217445606442175	-0.3624855747608102	0
969	-0.5787043141693967	-0.5399862946154331	0
970	-0.6221606006260371	-0.5159026422551565	0
971	-0.6419714198088322	-0.38059367036937697	0
972	-0.6304016736783563	-0.34722085675821973	0
973	-0.5775012138848592	-0.49189093303059156	0
974	-0.48936997114411757	-0.3388510783594192	0
975	-0.38369833092380423	-0.1223164441868396	3
976	-0.26873994972484144	-0.07977541787329495	3
977	-0.14837871043501275	-0.3315736718727245	0
978	-0.03273673064748063	-0.7173411692846834	0
979	0.06390958410813935	-0.6970832909668848	0
980	0.1337767976657476	-0.5401373187792352	0
981	0.1749907506861017	-0.5695867148074567	0
982	0.1912516044760111	-0.6617057601817784	0
983	0.19365515661153243	-0.6277649863419186	0
984	0.19610374417766446	-0.7174656720122384	0
985	0.20498501773245642	-0.8084547994887281	0
986	0.22301019637544106	-0.5060647353551031	0
987	0.2574760047192687	-0.395725114047856	0
988	0.30454874647455404	-0.6007817952821191	0
989	0.3453499434223446	0.18384410935186155	3
990	0.36460034042155004	0.22494904556964895	3
991	0.35489085088620564	-0.5279600025552852	3
992	0.3138227953585398	-0.43075754310687986	3
993	0.2434201011031354	-0.4373278367634895	3
994	0.15022296543350194	-0.0871145224812008	3
995	0.04404896705732092	-0.08065405417369603	3
996	-0.06732761181361584	-0.3761807502122025	3
997	-0.17710757945213212	0.2068687209325271	3
998	-0.27430093489043456	0.7044594876121578	3
999	-0.34648949823695147	1.540005564715829	1
1000	-0.37633297922854175	1.7917188061557228	1
1001	-0.33890902981754706	0.9514673470202871	1
1002	-0.2232044980063914	0.0010715282371317736	3
1003	-0.03941692825109781	-0.5356769717396412	2
1004	0.19204494150591955	-0.42563095505688336	2
1005	0.4479628749937466	-0.5633037941034901	2
1006	0.7089262062641518	-0.38152407052347986	2
1007	0.9578504313884724	-0.26049165808446006	2
1008	1.1786488044407697	-0.4555477524961305	2
1009	1.3567935790542478	-0.4327811412305007	2
1010	1.4805678544613863	-0.5211768918243784	2
1011	1.5424700887881682	-0.6452621372414695	2
1012	1.5404324643763339	-0.6343053234493892	2
1013	1.4786415453096617	0.9056338873266931	1
1014	1.3679793329246448	1.717876150120673	1
1015	1.2267889762932038	0.20040739297714505	1
1016	1.0845111581240607	-0.6962272519651349	2
1017	0.9839188745133581	-0.7270458355364843	2
1018	0.9300317915385885	-0.20839091217290748	2
1019	0.8905362041270074	-0.1725824856143651	2
1020	0.847094486389278	-0.44803299947919534	2
1021	0.7915811821361181	-0.27252532792700684	2
1022	0.720775699379139	-0.5222888958391634	2
1023	0.6345840372392539	-0.7035840656175142	2
1024	0.5343456258564756	1.0260822779365475	1
1025	0.42601803344902084	2.4048953390176613	1
1026	0.314545068726047	0.9218996978330783	1
1027	0.19198226983334468	-0.3970736726944272	3
1028	0.050809526188789395	-0.2947952655633334	3
1029	-0.10695225339164652	0.2922001711554777	3
1030	-0.27627876547655417	0.04906494648781886	3
1031	-0.4495229559250391	-0.5958207809176392	0
1032	-0.6164997895437487	-0.5425889426571772	0
1033	-0.7622967042342621	-0.3721044667891872	0
1034	-0.866532158734764	0.05167997189421164	3
1035	-0.9239229683021369	0.06759909208134332	3
1036	-0.9405283354189939	0.06267225443728262	3
1037	-0.9188997213652249	2.0009292812744595	1
1038	-0.8652754546228077	2.380673728827341	1
1039	-0.7925323325080894	0.22710546431769527	3
1040	-0.7152310116008097	-0.1813342091494469	3
1041	-0.6401739706609747	0.15466049927792078	3
1042	-0.5656404402487183	-0.15216536600890943	3
1043	-0.4862325842806039	-0.536033484893964	0
1044	-0.39523088751178814	-0.6934107208923446	0
1045	-0.28139927646814594	0.793533932230699	3
1046	-0.14471597313811715	1.0636307198070083	3
1047	0.003216029990879384	-0.3496885335403661	3
1048	0.154856403630642	0.647647326952661	3
1049	0.30446595290921213	0.8226245654446523	3
1050	0.44634560981064914	-0.34944228056894117	2
1051	0.5766016910876335	-0.41056758286653394	2
1052	0.6961001122175019	-0.37503569562007516	2
1053	0.8123094927004975	-0.4761070028181613	2
1054	0.9190507643975468	-0.5342957173324205	2
1055	0.9962066318273581	-0.3997405501723732	2
1056	1.0314186938260255	-0.2645806089162819	2
1057	1.01963186852886	-0.1022803279392618	2
1058	0.9609053114437472	-0.27736735828742365	2
1059	0.8598699884055505	-0.45353276983114277	2
1060	0.7252195498371021	-0.44214855150134585	2
1061	0.5694067208822284	-0.4388110852038728	2
1062	0.41040431644067243	-0.31710412113221614	2
1063	0.26951045843638655	-0.4041775808273063	2
1064	0.1549121630616697	-0.47634898253226343	2
1065	0.06595126850963001	-0.39443617574928325	0
1066	-0.005337555751311466	-0.4724051903150746	0
1067	-0.07370585887158035	-0.48644099742289104	0
1068	-0.14610614393297638	-0.28782982300510346	0
1069	-0.22162506925652525	-0.3765956570972869	0
1070	-0.29117579071162514	-0.6285414290442817	0
1071	-0.3580644955800307	-0.49566120411731474	0
1072	-0.43144411514743697	-0.35198142352323636	0
1073	-0.503968833197433	-0.5406247235901634	0
1074	-0.5628945165104838	-0.6820500207491956	0
1075	-0.6108632315110194	-0.7253419794316062	0
1076	-0.6577283895641068	-0.70166167627952	0
1077	-0.7046061694998649	-0.6669567455779345	0
1078	-0.7491280131123688	1.0385450453636869	1
1079	-0.782725851316125	2.8278208933066136	1
1080	-0.7856104216181815	1.7220068323497502	1
1081	-0.7499982086918049	-0.02327523669416057	3
1082	-0.6816799678633101	-0.5770840011095625	0
1083	-0.5889259009052015	-0.6500895739300505	0
1084	-0.4849070156012155	-0.6018235452523935	0
1085	-0.3780235208490205	0.8910874252263182	1
1086	-0.2737243255958411	1.7528286958252122	1
1087	-0.17511150980204943	1.44714573864271	1
1088	-0.08309184734002632	0.8992859205699009	1
1089	0.004156668883831654	0.2376187413811437	3
1090	0.091759382432123	0.2966065816777814	3
1091	0.17447437638670893	1.9766279354304286	1
1092	0.23937927835240083	4.796318299994674	1
1093	0.2826626111634241	2.816047060599032	1
1094	0.31119543639035446	0.3105572287089718	1
1095	0.33631322132324154	1.0898630274897738	1
1096	0.35841265924005505	1.7390296015450628	1
1097	0.3699438778511373	0.786654592844715	1
1098	0.36594423614736327	-0.1514416504522885	1
1099	0.3433179907493307	2.1460791282077993	1
1100	0.3010377068236588	2.047569840970167	1
1101	0.24260694776902056	-0.061521085310388766	3
1102	0.17727795561612142	-0.1211882974380984	3
1103	0.10654504932372819	-0.02081692603868445	3
1104	0.022015251180912607	0.9540317971313399	1
1105	-0.08123440144658962	1.6659556130020763	1
1106	-0.20292340409795506	0.4413944385805138	3
1107	-0.3388605709252791	-0.49282728889051747	0
1108	-0.48036684090272475	-0.29178458690716497	0
1109	-0.6150036137622015	-0.2714584707657126	0
1110	-0.7344025309492743	-0.4388440890251425	0
1111	-0.8310937247247813	-0.4644302508483097	0
1112	-0.8999089135593938	-0.44239958681092184	0
1113	-0.9426605521449064	-0.39189842445284107	0
1114	-0.954749192270205	-0.3194856637492961	0
1115	-0.9266938709143652	-0.29225925290903737	0
1116	-0.8677890738405124	-0.45506122605192967	0
1117	-0.8031327065791632	-0.4680723396958723	0
1118	-0.7487641072572312	-0.15140748585713154	0
1119	-0.7101921639514341	-0.27478131298397845	0
1120	-0.6878634628814387	-0.7198078805709384	0
1121	-0.6758952015263496	-0.7229483513630185	0
1122	-0.6587610128205652	-0.669430681249249	0
1123	-0.6294847406120396	-0.7284355571650041	0
1124	-0.6002036679641795	-0.7124383653190066	0
1125	-0.584480314695006	-0.6597713113669241	0
1126	-0.589918212889539	-0.6382050494982437	0
1127	-0.6194640863033402	-0.7016146410362293	0
1128	-0.672513686948152	-0.6562024260842176	0
1129	-0.7455535789701729	-0.5756986559862408	0
1130	-0.832654673863357	-0.5964353311685574	0
1131	-0.9259024660043486	-0.6080509152282408	0
1132	-1.014585107561157	-0.6695709525343124	0
1133	-1.0869673882121609	-0.6331462790186851	0
1134	-1.1369778670701174	-0.32368738114098683	0
1135	-1.1607295691041848	-0.16360178492196623	0
1136	-1.1648332279671665	-0.22009895377096897	0
1137	-1.1644930172587717	-0.45454743376869666	0
1138	-1.1659090624673196	-0.7813792170781707	0
1139	-1.168366958203065	-0.2539038926290263	0
1140	-1.1652790363114705	-0.12031361581782367	0
1141	-1.1503783012904207	-0.48314861427414346	0
1142	-1.1258063818783395	-0.5617984647843711	0
1143	-1.0971089663727036	-0.696600808120311	0
1144	-1.0683544422257527	-0.6639802872934119	0
1145	-1.042047449916254	-0.695292056652211	0
1146	-1.0147430140827807	0.2191381083137168	3
1147	-0.9857011451134274	0.2652426973016284	3
1148	-0.962896006414968	-0.5279730635388358	0
1149	-0.9512668423556455	-0.3780665324861424	0
1150	-0.9499861984148155	1.4680937983281153	1
1151	-0.9556444472117098	1.6963218391869874	1
1152	-0.9591637295646847	0.23737061171502202	3
1153	-0.9537825677957824	0.008100601993283824	3
1154	-0.9390204263105012	-0.24902818075854088	3
1155	-0.913675938476033	0.0033427181484218245	3
1156	-0.8754124254029185	-0.2244299180087045	3
1157	-0.8176498098065518	-0.20529685898849578	3
1158	-0.7388828390326826	0.6848848493783513	3
1159	-0.6478604118519132	0.25686042170673207	3
1160	-0.5520263020940444	-0.7141268451477479	0
1161	-0.45457976646891834	-0.7070878746146743	0
1162	-0.355289485363927	-0.4861558945322487	0
1163	-0.25125862799138066	-0.06456012318559476	3
1164	-0.14668856240169317	0.0047184911739202445	3
1165	-0.05400737319216983	-0.24075167359551566	3
1166	0.016010353209057478	-0.4415363994251329	0
1167	0.056451427978578494	-0.6672964683886482	0
1168	0.06307911497178449	-0.6714623520574344	0
1169	0.034211429394516386	-0.6158575536763203	0
1170	-0.029197026231969132	-0.6737910588719442	0
1171	-0.12355602789409936	-0.7219274818632919	0
1172	-0.24275342096392866	-0.7566835365311976	0
1173	-0.37829334522441854	-0.7105795590810171	0
1174	-0.519194201987788	-0.6907842444662676	0
1175	-0.6515033816778778	-0.6702757310659115	0
1176	-0.7605949507835343	-0.35618904512925026	0
1177	-0.8384318301616994	0.32073794157878016	3
1178	-0.8816858027358064	0.0834002107834176	3
1179	-0.8885757660460436	-0.022676776747806857	3
1180	-0.8689552690619041	1.1044169508421158	1
1181	-0.8364849436724154	1.034095998569088	1
1182	-0.798707924818316	0.7453630217418642	3
1183	-0.7621590122079294	0.6774408280104901	3
1184	-0.7306300837095584	-0.11241166144440408	3
1185	-0.7008052229264331	-0.3188108035731975	3
1186	-0.6638217413100432	0.1069259807939754	3
1187	-0.6190540937186317	-0.1668638990845419	3
1188	-0.5760426992240949	-0.6646419845899905	0
1189	-0.541604595488479	-0.614792149758727	0
1190	-0.5170520027413745	-0.608193401233561	0
1191	-0.4993594174963968	-0.41525251931877866	0
1192	-0.4803721756801411	-0.43321139824845606	0
1193	-0.4607411326424599	-0.6453484568616923	0
1194	-0.4506260094923834	-0.5525422013351426	0
1195	-0.4558546443178367	-0.5199266383137249	0
1196	-0.47833651162382157	-0.619848507728447	0
1197	-0.5172194782533233	-0.6402484743570904	0
1198	-0.569081930834055	-0.1966461183671969	0
1199	-0.6274860937476355	4.731343618476165	1
1200	-0.6828841529844476	8.365069413718947	1
1201	-0.7231865298767008	3.563336994461425	1
1202	-0.7472291859827215	-0.32882489479188853	3
1203	-0.759100472033621	-0.3570497396912089	3
1204	-0.745693300768717	-0.21410078032179894	3
1205	-0.6967367059722852	-0.127099190756872	3
1206	-0.624153851897065	0.33462327781485	3
1207	-0.5424310139735237	0.21591159549499175	3
1208	-0.4582482876627561	-0.4497819009242137	3
1209	-0.3749564054005421	0.17974751769099206	3
1210	-0.28785286592517756	0.4370941339362201	3
1211	-0.19387916372794547	-0.25598688144094084	3
1212	-0.10208975766041874	-0.446895663353535	3
1213	-0.020962410882754325	-0.09333123605781804	3
1214	0.0485207940178725	0.3584839588733643	3
1215	0.1131361573238647	0.28326666846863874	3
1216	0.19211571886687076	-0.031271679554417606	3
1217	0.2917565225391848	0.6009225725006094	3
1218	0.3977150705916912	2.276763427020766	1
1219	0.499253193406447	1.4082111460957576	1
1220	0.5917186729051251	-0.5109298393584755	2
1221	0.6747296971107264	-0.3687212212178737	2
1222	0.7541635156476718	-0.3818423469462507	2
1223	0.8417250848416518	0.15907897340146007	1
1224	0.9404692409882223	1.0002729624686009	1
1225	1.0459424661356975	1.1587602760569407	1
1226	1.1498497473791465	1.927769908064943	1
1227	1.2450273774717124	1.4069686302769056	1
1228	1.3253277074175425	-0.24156852400986084	2
1229	1.3749788235384652	-0.6189387094190312	2
1230	1.380963229165778	-0.5881654272584861	2
1231	1.3399933255659275	-0.5963951377730269	2
1232	1.2582185203322933	-0.6016507534609676	2
1233	1.1563497287088225	-0.5831683001486805	2
1234	1.0694358520345493	-0.6535857243216752	2
1235	1.0015499157406598	-0.6057048388262091	2
1236	0.926900572514986	-0.605201347722451	2
1237	0.8306083713681607	-0.30787749839439044	2
1238	0.7059574154631866	-0.25768290474076605	2
1239	0.5527781531871958	-0.5196354393143927	2
1240	0.3744784795843437	-0.5705031976870699	2
1241	0.1729854370817205	-0.7751413815929047	2
1242	-0.04942787461435142	-0.7642727192380513	0
1243	-0.28625687513401926	-0.559424350022163	0
1244	-0.5284331611789249	-0.44129176316459234	0
1245	-0.7658911937117318	-0.33251592597659885	0
1246	-0.987524775777507	-0.3507670042030505	0
1247	-1.1808454362165892	-0.4694927128183674	0
1248	-1.3297196231345305	-0.29210349124031987	0
1249	-1.4230157586822318	-0.20745541360059508	0
1250	-1.468391364761982	-0.30286498978192583	0
1251	-1.4798617703625268	-0.3178976966196445	0
1252	-1.4622275317275448	-0.33581054258891063	0
1253	-1.421023053309481	-0.3675401028675085	0
1254	-1.3692163372818267	-0.5349926536298545	0
1255	-1.3158799899946936	-0.7458647410579804	0
1256	-1.261031318395202	-0.7444299422170145	0
1257	-1.2006782406504908	-0.6220271565214269	0
1258	-1.1250336767066698	-0.602045747730613	0
1259	-1.0204592514509467	-0.5851353779916992	0
1260	-0.8868309002931362	-0.6260267105331069	0
1261	-0.7324384672221482	-0.5783403667674866	0
1262	-0.5578738358332872	0.3780533740086088	3
1263	-0.35862756399298773	0.2728266293457141	3
1264	-0.13607651725164938	-0.6239257439994229	3
1265	0.09588228981215209	0.02392750701296556	3
1266	0.31904347956682827	1.214890253877455	1
1267	0.5166361265825428	0.8378306720372763	1
1268	0.6735457657427066	-0.13754520876443455	3
1269	0.7772288385927854	0.001721889729174975	3
1270	0.8188375922051552	0.5022053211330484	3
1271	0.7941076975644084	0.8545996733283968	3
1272	0.7037992705182787	0.35492275057958345	3
1273	0.5536163035500165	-0.23541425607311736	3
1274	0.35366976133608513	-0.32534833084008086	3
1275	0.11768756070363508	-0.536606916885126	0
1276	-0.13767737599820917	-0.6639158294433524	0
1277	-0.3928677886186208	-0.506415795200714	0
1278	-0.6223478603854877	-0.5348777320162299	0
1279	-0.7826266709779748	-0.4297746299951324	0
1280	-0.8576826996145428	-0.39946399250199055	0
1281	-0.88091249223414	-0.6362224666488	0
1282	-0.8780853228966866	-0.718872738706796	0
1283	-0.8536646268914587	-0.7454883238288641	0
1284	-0.8094365639520478	-0.6781791639047945	0
1285	-0.7566006006541266	-0.6178346428909735	0
1286	-0.7104519450405626	-0.30288885077502165	0
1287	-0.680098093682473	-0.36960369151615335	0
1288	-0.6696411319066515	-0.7255872469354033	0
1289	-0.680093620380175	-0.730489612727418	0
1290	-0.7094977718061077	-0.4515192287286775	0
1291	-0.753816848075269	-0.4006411839489586	0
1292	-0.8052226915057862	-0.7319936592967312	0
1293	-0.8461715384825658	-0.7875391387492959	0
1294	-0.8647369431351418	-0.7470935502995767	0
1295	-0.8688794595572135	-0.7184089959356448	0
1296	-0.8681716225993474	-0.6015582352521844	0
1297	-0.862720555524505	-0.2978279469349317	0
1298	-0.8453344648993165	-0.3034090575799107	0
1299	-0.8005197615369486	-0.6570496602843989	0
1300	-0.7308419909275804	-0.772492764882637	0
1301	-0.6623000747418943	-0.6746249175603527	0
1302	-0.615020770206712	-0.5461416591871838	0
1303	-0.5989078549811616	-0.628531532844938	0
1304	-0.6167105962120019	-0.6930100328416425	0
1305	-0.6657336070850567	-0.4504784086572994	0
1306	-0.741682539223625	-0.09667775368230719	3
1307	-0.8363645063693402	-0.005471143039419262	3
1308	-0.9309016870268697	-0.36554962269980923	0
1309	-1.0071512502819107	-0.557531524788628	0
1310	-1.0691778179002518	2.8702414348111036	1
1311	-1.1287300890090635	3.4964524160955675	1
1312	-1.187467348510285	1.1004478426281323	1
1313	-1.240605553144495	2.0400767415993464	1
1314	-1.2788458576069286	1.5370666241193351	1
1315	-1.3080012235863039	0.3388675231946155	3
1316	-1.342859459219428	0.6152792718616127	3
1317	-1.3875618874931068	0.5161134998467142	3
1318	-1.4405590840749727	0.6377682785740877	3
1319	-1.4947879646002578	0.48516612285094324	3
1320	-1.5376885951063894	-0.12470105118019063	3
1321	-1.5664036397474028	0.30690477943217964	3
1322	-1.591131575958805	0.33448014741140525	3
1323	-1.618836623857013	1.033474835652492	1
1324	-1.650121437620967	1.2319492566018944	1
1325	-1.6820033288496674	0.3076936476818829	1
1326	-1.7085201395878684	1.0437194583719378	1
1327	-1.7213918302210496	2.0302130380913375	1
1328	-1.713205770767123	0.9429850402474418	1
1329	-1.6835807952892599	0.4763823440937521	1
1330	-1.640396925745928	1.5384266351209814	1
1331	-1.5933414747940993	0.9560821251906274	1
1332	-1.547981417679696	-0.3397354182586399	1
1333	-1.5048023776414332	-0.7409101789687319	1
1334	-1.460699450614234	1.4406377721794619	1
1335	-1.4108316558118543	3.0539871211073013	1
1336	-1.3487602191382733	0.9889886354167984	1
1337	-1.2719006927416692	1.0015202726926735	1
1338	-1.183232812426462	1.8386573549934813	1
1339	-1.0817861031878087	0.6515540607319197	1
1340	-0.9600347641049464	1.0427377956887127	1
1341	-0.8172049029538947	5.849290379323101	1
1342	-0.6603088904978607	6.41673886222119	1
1343	-0.49377026936192425	1.5707796038918458	1
1344	-0.3212209438628474	0.18663847957404048	1
1345	-0.14748734400666413	0.7006642596139804	1
1346	0.022144356265765233	1.1928047066060397	1
1347	0.18317570955023468	0.6510061557847368	1
1348	0.3344767530614926	-0.2319949397132348	1
1349	0.4788052037927537	2.2701089381285926	1
1350	0.6096230908881651	5.530424441531757	1
1351	0.7118130239075415	3.2942430103887084	1
1352	0.7757924629193995	0.037730370338871784	3
1353	0.7980120201048941	-0.27573120411237595	3
1354	0.7796356462475064	-0.25502626057998784	3
1355	0.7262618129176043	0.10487260822332606	3
1356	0.6475919667030161	0.8922968216225996	3
1357	0.5574711534355054	0.4409528324180723	3
1358	0.47705339951438613	0.1210409013777471	3
1359	0.4302405154332655	0.6810280821461935	3
1360	0.4163708861172022	0.7035252217136612	3
1361	0.4134499529236043	0.6680720863972132	3
1362	0.40621396658918063	0.6003263858975288	3
1363	0.38818263197753344	0.1693524938877028	3
1364	0.35825573141811123	-0.08771492907431591	3
1365	0.3195380449881701	-0.17021672605233218	3
1366	0.27367131754155927	-0.05746283980758687	3
1367	0.2178284694840199	0.4425025211625238	3
1368	0.14990254247564885	2.1138077013187373	1
1369	0.07137286534368407	1.7227097162913665	1
1370	-0.01183163299799154	0.058603283914785496	3
1371	-0.08792944028382299	0.22617651569767924	3
1372	-0.15471713754902586	-0.0019616441097727692	3
1373	-0.22233987491498525	-0.3240677140870239	3
1374	-0.2950158281033122	0.1931793165432179	3
1375	-0.36813495540094987	0.8993964411771883	1
1376	-0.42979652878766544	1.2703028504546832	1
1377	-0.4586617160773187	0.8990627296652647	1
1378	-0.4324004265508639	0.4022435273895986	3
1379	-0.35399642366168493	0.5898024025457982	3
1380	-0.2441017336221923	0.6325580094138304	3
1381	-0.11598340483028736	0.8124037678581831	3
1382	0.02190243364641382	0.26690750762587684	3
1383	0.16207350053756525	-0.44574170351094317	3
1384	0.29732317065378955	-0.07510096969864666	3
1385	0.42086806370758595	0.050078066394754414	3
1386	0.5270706468390877	-0.19802719131168026	3
1387	0.612864734119336	0.25045052290309233	3
1388	0.6803407937321174	0.8909222076308982	1
1389	0.7343265873509844	1.0493215527948634	1
