subject	timestamp	state
001	0.0	2
001	1.0	2
001	2.0	2
001	3.0	2
001	4.0	2
001	5.0	2
001	6.0	2
001	7.0	2
001	8.0	2
001	9.0	2
001	10.0	2
001	11.0	0
001	12.0	0
001	13.0	0
001	14.0	0
001	15.0	0
001	16.0	0
001	17.0	2
001	18.0	2
001	19.0	2
001	20.0	2
001	21.0	2
001	22.0	2
001	23.0	2
001	24.0	0
001	25.0	3
001	26.0	3
001	27.0	3
001	28.0	3
001	29.0	0
001	30.0	0
001	31.0	0
001	32.0	0
001	33.0	0
001	34.0	0
001	35.0	0
001	36.0	0
001	37.0	0
001	38.0	3
001	39.0	3
001	40.0	3
001	41.0	3
001	42.0	1
001	43.0	3
001	44.0	3
001	45.0	3
001	46.0	3
001	47.0	0
001	48.0	0
001	49.0	0
001	50.0	0
001	51.0	0
001	52.0	0
001	53.0	0
001	54.0	0
001	55.0	0
001	56.0	0
001	57.0	0
001	58.0	0
001	59.0	2
001	60.0	2
001	61.0	3
001	62.0	1
001	63.0	1
001	64.0	0
001	65.0	0
001	66.0	3
001	67.0	3
001	68.0	3
001	69.0	3
001	70.0	0
001	71.0	0
001	72.0	0
001	73.0	1
001	74.0	1
001	75.0	0
001	76.0	0
001	77.0	3
001	78.0	3
001	79.0	3
001	80.0	1
001	81.0	3
001	82.0	0
001	83.0	0
001	84.0	0
001	85.0	0
001	86.0	0
001	87.0	0
001	88.0	0
001	89.0	0
001	90.0	0
001	91.0	2
001	92.0	2
001	93.0	2
001	94.0	2
001	95.0	2
001	96.0	1
001	97.0	1
001	98.0	0
001	99.0	0
001	100.0	3
001	101.0	3
001	102.0	0
001	103.0	3
001	104.0	3
001	105.0	3
001	106.0	0
001	107.0	0
001	108.0	0
001	109.0	0
001	110.0	2
001	111.0	2
001	112.0	0
001	113.0	0
001	114.0	3
001	115.0	3
001	116.0	0
001	117.0	0
001	118.0	0
001	119.0	3
001	120.0	3
001	121.0	3
001	122.0	0
001	123.0	0
001	124.0	0
001	125.0	0
001	126.0	3
001	127.0	3
001	128.0	3
001	129.0	0
001	130.0	0
001	131.0	0
001	132.0	0
001	133.0	0
001	134.0	1
001	135.0	1
001	136.0	0
001	137.0	0
001	138.0	0
001	139.0	0
001	140.0	0
001	141.0	0
001	142.0	0
001	143.0	0
001	144.0	0
001	145.0	0
001	146.0	0
001	147.0	0
001	148.0	0
001	149.0	0
001	150.0	0
001	151.0	0
001	152.0	3
001	153.0	1
001	154.0	1
001	155.0	3
001	156.0	1
001	157.0	3
001	158.0	0
001	159.0	3
001	160.0	3
001	161.0	3
001	162.0	3
001	163.0	0
001	164.0	0
001	165.0	0
001	166.0	3
001	167.0	0
001	168.0	0
001	169.0	0
001	170.0	0
001	171.0	2
001	172.0	2
001	173.0	2
001	174.0	2
001	175.0	1
001	176.0	1
001	177.0	2
001	178.0	2
001	179.0	2
001	180.0	2
001	181.0	2
001	182.0	2
001	183.0	2
001	184.0	2
001	185.0	2
001	186.0	2
001	187.0	2
001	188.0	2
001	189.0	2
001	190.0	2
001	191.0	2
001	192.0	2
001	193.0	2
001	194.0	2
001	195.0	0
001	196.0	0
001	197.0	0
001	198.0	2
001	199.0	2
001	200.0	2
001	201.0	0
001	202.0	0
001	203.0	2
001	204.0	2
001	205.0	2
001	206.0	0
001	207.0	0
001	208.0	2
001	209.0	2
001	210.0	2
001	211.0	2
001	212.0	2
001	213.0	2
001	214.0	2
001	215.0	2
001	216.0	2
001	217.0	2
001	218.0	2
001	219.0	2
001	220.0	2
001	221.0	2
001	222.0	2
001	223.0	2
001	224.0	2
001	225.0	2
001	226.0	2
001	227.0	2
001	228.0	0
001	229.0	0
001	230.0	3
001	231.0	3
001	232.0	0
001	233.0	0
001	234.0	0
001	235.0	3
001	236.0	3
001	237.0	3
001	238.0	0
001	239.0	0
001	240.0	3
001	241.0	3
001	242.0	0
001	243.0	0
001	244.0	0
001	245.0	2
001	246.0	2
001	247.0	0
001	248.0	0
001	249.0	0
001	250.0	0
001	251.0	0
001	252.0	0
001	253.0	0
001	254.0	0
001	255.0	2
001	256.0	2
001	257.0	2
001	258.0	2
001	259.0	2
001	260.0	2
001	261.0	2
001	262.0	2
001	263.0	2
001	264.0	2
001	265.0	2
001	266.0	0
001	267.0	0
001	268.0	0
001	269.0	0
001	270.0	0
001	271.0	0
001	272.0	0
001	273.0	0
001	274.0	0
001	275.0	0
001	276.0	2
001	277.0	2
001	278.0	0
001	279.0	3
001	280.0	3
001	281.0	3
001	282.0	3
001	283.0	3
001	284.0	0
001	285.0	2
001	286.0	2
001	287.0	2
001	288.0	0
001	289.0	0
001	290.0	1
001	291.0	1
001	292.0	1
001	293.0	3
001	294.0	0
001	295.0	0
001	296.0	0
001	297.0	3
001	298.0	3
001	299.0	0
001	300.0	0
001	301.0	2
001	302.0	2
001	303.0	2
001	304.0	2
001	305.0	0
001	306.0	0
001	307.0	0
001	308.0	0
001	309.0	0
001	310.0	0
001	311.0	0
001	312.0	0
001	313.0	3
001	314.0	3
001	315.0	3
001	316.0	0
001	317.0	0
001	318.0	0
001	319.0	0
001	320.0	0
001	321.0	2
001	322.0	2
001	323.0	2
001	324.0	0
001	325.0	0
001	326.0	0
001	327.0	0
001	328.0	0
001	329.0	0
001	330.0	0
001	331.0	0
001	332.0	0
001	333.0	0
001	334.0	0
001	335.0	0
001	336.0	0
001	337.0	0
001	338.0	0
001	339.0	2
001	340.0	2
001	341.0	2
001	342.0	2
001	343.0	2
001	344.0	1
001	345.0	1
001	346.0	0
001	347.0	0
001	348.0	0
001	349.0	3
001	350.0	3
001	351.0	3
001	352.0	3
001	353.0	3
001	354.0	3
001	355.0	3
001	356.0	3
001	357.0	3
001	358.0	0
001	359.0	0
001	360.0	0
001	361.0	0
001	362.0	3
001	363.0	3
001	364.0	0
001	365.0	0
001	366.0	3
001	367.0	3
001	368.0	3
001	369.0	3
001	370.0	3
001	371.0	3
001	372.0	3
001	373.0	3
001	374.0	3
001	375.0	0
001	376.0	0
001	377.0	0
001	378.0	2
001	379.0	2
001	380.0	2
001	381.0	0
001	382.0	0
001	383.0	0
001	384.0	0
001	385.0	0
001	386.0	0
001	387.0	0
001	388.0	0
001	389.0	0
001	390.0	0
001	391.0	3
001	392.0	1
001	393.0	1
001	394.0	3
001	395.0	0
001	396.0	0
001	397.0	0
001	398.0	0
001	399.0	0
001	400.0	3
001	401.0	3
001	402.0	0
001	403.0	1
001	404.0	1
001	405.0	1
001	406.0	1
001	407.0	3
001	408.0	3
001	409.0	3
001	410.0	3
001	411.0	3
001	412.0	3
001	413.0	3
001	414.0	3
001	415.0	3
001	416.0	3
001	417.0	1
001	418.0	1
001	419.0	0
001	420.0	0
001	421.0	0
001	422.0	0
001	423.0	0
001	424.0	0
001	425.0	0
001	426.0	3
001	427.0	3
001	428.0	3
001	429.0	0
001	430.0	0
001	431.0	3
001	432.0	3
001	433.0	3
001	434.0	3
001	435.0	3
001	436.0	1
001	437.0	1
001	438.0	0
001	439.0	0
001	440.0	0
001	441.0	0
001	442.0	0
001	443.0	0
001	444.0	3
001	445.0	3
001	446.0	0
001	447.0	0
001	448.0	3
001	449.0	3
001	450.0	0
001	451.0	0
001	452.0	0
001	453.0	0
001	454.0	0
001	455.0	0
001	456.0	0
001	457.0	0
001	458.0	0
001	459.0	0
001	460.0	3
001	461.0	3
001	462.0	3
001	463.0	0
001	464.0	0
001	465.0	0
001	466.0	0
001	467.0	0
001	468.0	0
001	469.0	0
001	470.0	0
001	471.0	0
001	472.0	0
001	473.0	0
001	474.0	0
001	475.0	0
001	476.0	0
001	477.0	0
001	478.0	0
001	479.0	0
001	480.0	2
001	481.0	2
001	482.0	2
001	483.0	0
001	484.0	0
001	485.0	2
001	486.0	2
001	487.0	2
001	488.0	0
001	489.0	0
001	490.0	2
001	491.0	2
001	492.0	2
001	493.0	1
001	494.0	1
001	495.0	1
001	496.0	0
001	497.0	0
001	498.0	0
001	499.0	0
001	500.0	0
001	501.0	3
001	502.0	3
001	503.0	3
001	504.0	0
001	505.0	0
001	506.0	0
001	507.0	0
001	508.0	0
001	509.0	0
001	510.0	0
001	511.0	0
001	512.0	2
001	513.0	2
001	514.0	2
001	515.0	2
001	516.0	2
001	517.0	0
001	518.0	0
001	519.0	0
001	520.0	0
001	521.0	0
001	522.0	2
001	523.0	1
001	524.0	1
001	525.0	1
001	526.0	1
001	527.0	3
001	528.0	1
001	529.0	1
001	530.0	1
001	531.0	3
001	532.0	0
001	533.0	3
001	534.0	3
001	535.0	3
001	536.0	3
001	537.0	1
001	538.0	1
001	539.0	3
001	540.0	3
001	541.0	3
001	542.0	0
001	543.0	0
001	544.0	0
001	545.0	0
001	546.0	0
001	547.0	0
001	548.0	0
001	549.0	0
001	550.0	1
001	551.0	1
001	552.0	1
001	553.0	1
001	554.0	0
001	555.0	0
001	556.0	0
001	557.0	0
001	558.0	0
001	559.0	0
001	560.0	0
001	561.0	0
001	562.0	0
001	563.0	0
001	564.0	0
001	565.0	0
001	566.0	0
001	567.0	3
001	568.0	3
001	569.0	0
001	570.0	0
001	571.0	0
001	572.0	0
001	573.0	0
001	574.0	3
001	575.0	1
001	576.0	1
001	577.0	0
001	578.0	0
001	579.0	0
001	580.0	0
001	581.0	3
001	582.0	0
001	583.0	2
001	584.0	2
001	585.0	2
001	586.0	2
001	587.0	3
001	588.0	3
001	589.0	3
001	590.0	3
001	591.0	3
001	592.0	3
001	593.0	0
001	594.0	0
001	595.0	0
001	596.0	3
001	597.0	3
001	598.0	3
001	599.0	3
001	600.0	3
001	601.0	3
001	602.0	3
001	603.0	3
001	604.0	3
001	605.0	0
001	606.0	0
001	607.0	0
001	608.0	0
001	609.0	0
001	610.0	0
001	611.0	0
001	612.0	0
001	613.0	0
001	614.0	3
001	615.0	1
001	616.0	2
001	617.0	2
001	618.0	0
001	619.0	0
001	620.0	0
001	621.0	0
001	622.0	0
001	623.0	2
001	624.0	2
001	625.0	2
001	626.0	2
001	627.0	2
001	628.0	0
001	629.0	0
001	630.0	0
001	631.0	0
001	632.0	0
001	633.0	2
001	634.0	2
001	635.0	2
001	636.0	0
001	637.0	0
001	638.0	0
001	639.0	0
001	640.0	0
001	641.0	0
001	642.0	0
001	643.0	0
001	644.0	0
001	645.0	0
001	646.0	0
001	647.0	0
001	648.0	0
001	649.0	0
001	650.0	0
001	651.0	1
001	652.0	1
001	653.0	1
001	654.0	1
001	655.0	1
001	656.0	3
001	657.0	3
001	658.0	1
001	659.0	1
001	660.0	3
001	661.0	0
001	662.0	0
001	663.0	0
001	664.0	0
001	665.0	1
001	666.0	1
001	667.0	0
001	668.0	0
001	669.0	3
001	670.0	3
001	671.0	1
001	672.0	1
001	673.0	1
001	674.0	1
001	675.0	1
001	676.0	2
001	677.0	2
001	678.0	2
001	679.0	2
001	680.0	1
001	681.0	1
001	682.0	3
001	683.0	3
001	684.0	3
001	685.0	3
001	686.0	0
001	687.0	0
001	688.0	0
001	689.0	0
001	690.0	1
001	691.0	1
001	692.0	3
001	693.0	3
001	694.0	3
001	695.0	0
001	696.0	0
001	697.0	0
001	698.0	2
001	699.0	1
001	700.0	1
001	701.0	1
001	702.0	2
001	703.0	2
001	704.0	2
001	705.0	2
001	706.0	2
001	707.0	2
001	708.0	0
001	709.0	0
001	710.0	0
001	711.0	0
001	712.0	0
001	713.0	0
001	714.0	0
001	715.0	0
001	716.0	3
001	717.0	0
001	718.0	0
001	719.0	0
001	720.0	2
001	721.0	2
001	722.0	2
001	723.0	0
001	724.0	0
001	725.0	0
001	726.0	0
001	727.0	1
001	728.0	1
001	729.0	3
001	730.0	3
001	731.0	0
001	732.0	0
001	733.0	0
001	734.0	0
001	735.0	0
001	736.0	0
001	737.0	0
001	738.0	1
001	739.0	1
001	740.0	0
001	741.0	0
001	742.0	1
001	743.0	1
001	744.0	3
001	745.0	3
001	746.0	3
001	747.0	3
001	748.0	0
001	749.0	0
001	750.0	0
001	751.0	2
001	752.0	2
001	753.0	0
001	754.0	3
001	755.0	3
001	756.0	1
001	757.0	1
001	758.0	1
001	759.0	1
001	760.0	3
001	761.0	1
001	762.0	1
001	763.0	3
001	764.0	3
001	765.0	0
001	766.0	0
001	767.0	3
001	768.0	3
001	769.0	0
001	770.0	0
001	771.0	0
001	772.0	0
001	773.0	0
001	774.0	0
001	775.0	0
001	776.0	2
001	777.0	2
001	778.0	0
001	779.0	3
001	780.0	3
001	781.0	3
001	782.0	3
001	783.0	3
001	784.0	3
001	785.0	3
001	786.0	1
001	787.0	1
001	788.0	1
001	789.0	3
001	790.0	3
001	791.0	3
001	792.0	3
001	793.0	1
001	794.0	1
001	795.0	1
001	796.0	1
001	797.0	1
001	798.0	1
001	799.0	1
001	800.0	1
001	801.0	1
001	802.0	1
001	803.0	3
001	804.0	3
001	805.0	3
001	806.0	3
001	807.0	3
001	808.0	3
001	809.0	3
001	810.0	0
001	811.0	3
001	812.0	3
001	813.0	3
001	814.0	0
001	815.0	0
001	816.0	0
001	817.0	0
001	818.0	0
001	819.0	0
001	820.0	0
001	821.0	0
001	822.0	0
001	823.0	0
001	824.0	0
001	825.0	0
001	826.0	0
001	827.0	3
001	828.0	3
001	829.0	3
001	830.0	3
001	831.0	3
001	832.0	3
001	833.0	2
001	834.0	2
001	835.0	2
001	836.0	0
001	837.0	0
001	838.0	0
001	839.0	0
001	840.0	0
001	841.0	0
001	842.0	2
001	843.0	2
001	844.0	0
001	845.0	0
001	846.0	0
001	847.0	0
001	848.0	2
001	849.0	2
001	850.0	2
001	851.0	2
001	852.0	2
001	853.0	1
001	854.0	1
001	855.0	1
001	856.0	0
001	857.0	0
001	858.0	3
001	859.0	3
001	860.0	0
001	861.0	3
001	862.0	1
001	863.0	1
001	864.0	1
001	865.0	1
001	866.0	1
001	867.0	1
001	868.0	1
001	869.0	2
001	870.0	2
001	871.0	2
001	872.0	0
001	873.0	0
001	874.0	0
001	875.0	2
001	876.0	2
001	877.0	2
001	878.0	2
001	879.0	2
001	880.0	1
001	881.0	1
001	882.0	3
001	883.0	0
001	884.0	0
001	885.0	0
001	886.0	1
001	887.0	1
001	888.0	1
001	889.0	1
001	890.0	1
001	891.0	1
001	892.0	1
001	893.0	2
001	894.0	2
001	895.0	2
001	896.0	1
001	897.0	1
001	898.0	1
001	899.0	1
001	900.0	0
001	901.0	0
001	902.0	3
001	903.0	1
001	904.0	1
001	905.0	2
001	906.0	0
001	907.0	0
001	908.0	1
001	909.0	1
001	910.0	1
001	911.0	1
001	912.0	1
001	913.0	1
001	914.0	1
001	915.0	1
001	916.0	1
001	917.0	1
001	918.0	1
001	919.0	1
001	920.0	2
001	921.0	2
001	922.0	0
001	923.0	0
001	924.0	0
001	925.0	0
001	926.0	0
001	927.0	3
001	928.0	3
001	929.0	0
001	930.0	0
001	931.0	3
001	932.0	3
001	933.0	3
001	934.0	3
001	935.0	0
001	936.0	0
001	937.0	1
001	938.0	1
001	939.0	3
001	940.0	0
001	941.0	0
001	942.0	0
001	943.0	0
001	944.0	0
001	945.0	0
001	946.0	0
001	947.0	0
001	948.0	0
001	949.0	0
001	950.0	3
001	951.0	3
001	952.0	3
001	953.0	0
001	954.0	0
001	955.0	3
001	956.0	3
001	957.0	3
001	958.0	0
001	959.0	0
001	960.0	0
001	961.0	0
001	962.0	0
001	963.0	0
001	964.0	0
001	965.0	0
001	966.0	0
001	967.0	0
001	968.0	0
001	969.0	0
001	970.0	0
001	971.0	0
001	972.0	0
001	973.0	0
001	974.0	0
001	975.0	1
001	976.0	1
001	977.0	3
001	978.0	3
001	979.0	0
001	980.0	0
001	981.0	2
001	982.0	2
001	983.0	2
001	984.0	2
001	985.0	2
001	986.0	2
001	987.0	3
001	988.0	3
001	989.0	3
001	990.0	0
001	991.0	0
001	992.0	0
001	993.0	0
001	994.0	0
001	995.0	0
001	996.0	0
001	997.0	0
001	998.0	0
001	999.0	0
001	1000.0	3
001	1001.0	3
001	1002.0	3
001	1003.0	3
001	1004.0	3
001	1005.0	3
001	1006.0	0
001	1007.0	0
001	1008.0	0
001	1009.0	0
001	1010.0	0
001	1011.0	0
001	1012.0	0
001	1013.0	2
001	1014.0	2
001	1015.0	2
001	1016.0	2
001	1017.0	0
001	1018.0	0
001	1019.0	0
001	1020.0	0
001	1021.0	0
001	1022.0	0
001	1023.0	3
001	1024.0	3
001	1025.0	1
001	1026.0	1
001	1027.0	1
001	1028.0	0
001	1029.0	0
001	1030.0	3
001	1031.0	3
001	1032.0	0
001	1033.0	0
001	1034.0	3
001	1035.0	3
001	1036.0	3
001	1037.0	3
001	1038.0	3
001	1039.0	3
001	1040.0	3
001	1041.0	0
001	1042.0	0
001	1043.0	0
001	1044.0	0
001	1045.0	0
001	1046.0	0
001	1047.0	0
001	1048.0	0
001	1049.0	3
001	1050.0	3
001	1051.0	0
001	1052.0	0
001	1053.0	0
001	1054.0	3
001	1055.0	3
001	1056.0	3
001	1057.0	3
001	1058.0	3
001	1059.0	0
001	1060.0	0
001	1061.0	3
001	1062.0	3
001	1063.0	0
001	1064.0	3
001	1065.0	1
001	1066.0	3
001	1067.0	0
001	1068.0	0
001	1069.0	3
001	1070.0	3
001	1071.0	0
001	1072.0	0
001	1073.0	0
001	1074.0	0
001	1075.0	3
001	1076.0	3
001	1077.0	0
001	1078.0	0
001	1079.0	0
001	1080.0	0
001	1081.0	0
001	1082.0	0
001	1083.0	1
001	1084.0	1
001	1085.0	0
001	1086.0	0
001	1087.0	0
001	1088.0	0
001	1089.0	0
001	1090.0	3
001	1091.0	3
001	1092.0	3
001	1093.0	0
001	1094.0	0
001	1095.0	0
001	1096.0	0
001	1097.0	0
001	1098.0	0
001	1099.0	0
001	1100.0	1
001	1101.0	1
001	1102.0	3
001	1103.0	0
001	1104.0	0
001	1105.0	0
001	1106.0	1
001	1107.0	2
001	1108.0	2
001	1109.0	2
001	1110.0	3
001	1111.0	3
001	1112.0	1
001	1113.0	1
001	1114.0	3
001	1115.0	3
001	1116.0	0
001	1117.0	0
001	1118.0	0
001	1119.0	3
001	1120.0	3
001	1121.0	0
001	1122.0	0
001	1123.0	0
001	1124.0	0
001	1125.0	0
001	1126.0	0
001	1127.0	0
001	1128.0	0
001	1129.0	0
001	1130.0	0
001	1131.0	0
001	1132.0	3
001	1133.0	3
001	1134.0	3
001	1135.0	3
001	1136.0	0
001	1137.0	0
001	1138.0	2
001	1139.0	2
001	1140.0	0
001	1141.0	0
001	1142.0	0
001	1143.0	0
001	1144.0	0
001	1145.0	0
001	1146.0	2
001	1147.0	0
001	1148.0	3
001	1149.0	1
001	1150.0	3
001	1151.0	0
001	1152.0	0
001	1153.0	3
001	1154.0	3
001	1155.0	0
001	1156.0	0
001	1157.0	0
001	1158.0	0
001	1159.0	1
001	1160.0	1
001	1161.0	3
001	1162.0	1
001	1163.0	1
001	1164.0	3
001	1165.0	3
001	1166.0	3
001	1167.0	3
001	1168.0	3
001	1169.0	0
001	1170.0	0
001	1171.0	0
001	1172.0	3
001	1173.0	3
001	1174.0	1
001	1175.0	1
001	1176.0	0
001	1177.0	0
001	1178.0	0
001	1179.0	3
001	1180.0	1
001	1181.0	1
001	1182.0	1
001	1183.0	1
001	1184.0	2
001	1185.0	2
001	1186.0	2
001	1187.0	0
001	1188.0	0
001	1189.0	0
001	1190.0	0
001	1191.0	0
001	1192.0	0
001	1193.0	2
001	1194.0	2
001	1195.0	2
001	1196.0	0
001	1197.0	0
001	1198.0	0
001	1199.0	3
001	1200.0	1
001	1201.0	1
001	1202.0	1
001	1203.0	1
001	1204.0	3
001	1205.0	3
001	1206.0	3
001	1207.0	0
001	1208.0	2
001	1209.0	2
001	1210.0	2
001	1211.0	2
001	1212.0	2
001	1213.0	1
001	1214.0	1
001	1215.0	1
001	1216.0	1
001	1217.0	1
001	1218.0	1
001	1219.0	1
001	1220.0	1
001	1221.0	1
001	1222.0	3
001	1223.0	0
001	1224.0	0
001	1225.0	0
001	1226.0	1
001	1227.0	1
001	1228.0	3
001	1229.0	3
001	1230.0	3
001	1231.0	3
001	1232.0	0
001	1233.0	0
001	1234.0	3
001	1235.0	3
001	1236.0	3
001	1237.0	3
001	1238.0	3
001	1239.0	2
001	1240.0	2
001	1241.0	2
001	1242.0	3
001	1243.0	3
001	1244.0	1
001	1245.0	1
001	1246.0	1
001	1247.0	1
001	1248.0	1
001	1249.0	1
001	1250.0	3
001	1251.0	3
001	1252.0	3
001	1253.0	3
001	1254.0	1
001	1255.0	1
001	1256.0	3
001	1257.0	3
001	1258.0	3
001	1259.0	1
001	1260.0	1
001	1261.0	1
001	1262.0	3
001	1263.0	3
001	1264.0	3
001	1265.0	3
001	1266.0	3
001	1267.0	3
001	1268.0	1
001	1269.0	1
001	1270.0	1
001	1271.0	0
001	1272.0	0
001	1273.0	3
001	1274.0	3
001	1275.0	3
001	1276.0	3
001	1277.0	3
001	1278.0	0
001	1279.0	0
001	1280.0	0
001	1281.0	0
001	1282.0	0
001	1283.0	0
001	1284.0	0
001	1285.0	0
001	1286.0	0
001	1287.0	3
001	1288.0	3
001	1289.0	0
001	1290.0	0
001	1291.0	0
001	1292.0	0
001	1293.0	0
001	1294.0	0
001	1295.0	0
001	1296.0	0
001	1297.0	0
001	1298.0	0
001	1299.0	0
001	1300.0	0
001	1301.0	3
001	1302.0	1
001	1303.0	1
001	1304.0	1
001	1305.0	0
001	1306.0	3
001	1307.0	3
001	1308.0	0
001	1309.0	2
001	1310.0	1
001	1311.0	1
001	1312.0	1
001	1313.0	1
001	1314.0	1
001	1315.0	1
001	1316.0	3
001	1317.0	3
001	1318.0	3
001	1319.0	1
001	1320.0	1
001	1321.0	3
001	1322.0	3
001	1323.0	3
001	1324.0	3
001	1325.0	3
001	1326.0	3
001	1327.0	1
001	1328.0	1
001	1329.0	1
001	1330.0	1
001	1331.0	3
001	1332.0	3
001	1333.0	3
001	1334.0	3
001	1335.0	3
001	1336.0	3
001	1337.0	1
001	1338.0	1
001	1339.0	1
001	1340.0	1
001	1341.0	1
001	1342.0	1
001	1343.0	1
001	1344.0	1
001	1345.0	1
001	1346.0	1
001	1347.0	1
001	1348.0	1
001	1349.0	2
001	1350.0	2
001	1351.0	2
001	1352.0	2
001	1353.0	2
001	1354.0	2
001	1355.0	2
001	1356.0	2
001	1357.0	2
001	1358.0	2
001	1359.0	2
001	1360.0	0
001	1361.0	3
001	1362.0	3
001	1363.0	0
001	1364.0	0
001	1365.0	1
001	1366.0	1
001	1367.0	1
001	1368.0	1
001	1369.0	1
001	1370.0	1
001	1371.0	1
001	1372.0	1
001	1373.0	1
001	1374.0	1
001	1375.0	1
001	1376.0	2
001	1377.0	2
001	1378.0	0
001	1379.0	3
001	1380.0	1
001	1381.0	1
001	1382.0	1
001	1383.0	1
001	1384.0	2
001	1385.0	2
001	1386.0	1
001	1387.0	1
001	1388.0	1
001	1389.0	1
002	0.0	0
002	1.0	0
002	2.0	3
002	3.0	3
002	4.0	3
002	5.0	3
002	6.0	3
002	7.0	3
002	8.0	3
002	9.0	3
002	10.0	3
002	11.0	3
002	12.0	3
002	13.0	3
002	14.0	3
002	15.0	3
002	16.0	3
002	17.0	3
002	18.0	3
002	19.0	3
002	20.0	3
002	21.0	3
002	22.0	3
002	23.0	3
002	24.0	3
002	25.0	3
002	26.0	3
002	27.0	3
002	28.0	3
002	29.0	0
002	30.0	0
002	31.0	3
002	32.0	3
002	33.0	3
002	34.0	3
002	35.0	3
002	36.0	3
002	37.0	3
002	38.0	3
002	39.0	3
002	40.0	3
002	41.0	3
002	42.0	3
002	43.0	3
002	44.0	3
002	45.0	3
002	46.0	3
002	47.0	3
002	48.0	3
002	49.0	3
002	50.0	3
002	51.0	3
002	52.0	3
002	53.0	3
002	54.0	3
002	55.0	3
002	56.0	3
002	57.0	3
002	58.0	3
002	59.0	3
002	60.0	3
002	61.0	3
002	62.0	3
002	63.0	3
002	64.0	3
002	65.0	3
002	66.0	3
002	67.0	3
002	68.0	3
002	69.0	3
002	70.0	3
002	71.0	3
002	72.0	3
002	73.0	3
002	74.0	3
002	75.0	3
002	76.0	3
002	77.0	0
002	78.0	0
002	79.0	3
002	80.0	3
002	81.0	3
002	82.0	3
002	83.0	3
002	84.0	3
002	85.0	3
002	86.0	3
002	87.0	3
002	88.0	3
002	89.0	3
002	90.0	0
002	91.0	0
002	92.0	3
002	93.0	3
002	94.0	3
002	95.0	0
002	96.0	0
002	97.0	0
002	98.0	0
002	99.0	0
002	100.0	3
002	101.0	3
002	102.0	3
002	103.0	3
002	104.0	3
002	105.0	3
002	106.0	3
002	107.0	3
002	108.0	3
002	109.0	3
002	110.0	3
002	111.0	3
002	112.0	3
002	113.0	3
002	114.0	2
002	115.0	2
002	116.0	0
002	117.0	0
002	118.0	0
002	119.0	0
002	120.0	2
002	121.0	2
002	122.0	2
002	123.0	3
002	124.0	3
002	125.0	3
002	126.0	3
002	127.0	3
002	128.0	3
002	129.0	3
002	130.0	3
002	131.0	3
002	132.0	3
002	133.0	3
002	134.0	3
002	135.0	3
002	136.0	3
002	137.0	3
002	138.0	3
002	139.0	3
002	140.0	3
002	141.0	3
002	142.0	3
002	143.0	3
002	144.0	3
002	145.0	3
002	146.0	3
002	147.0	3
002	148.0	0
002	149.0	0
002	150.0	0
002	151.0	2
002	152.0	2
002	153.0	3
002	154.0	3
002	155.0	3
002	156.0	3
002	157.0	3
002	158.0	3
002	159.0	3
002	160.0	3
002	161.0	3
002	162.0	3
002	163.0	1
002	164.0	1
002	165.0	3
002	166.0	3
002	167.0	3
002	168.0	3
002	169.0	3
002	170.0	3
002	171.0	3
002	172.0	3
002	173.0	3
002	174.0	3
002	175.0	2
002	176.0	2
002	177.0	2
002	178.0	0
002	179.0	0
002	180.0	3
002	181.0	3
002	182.0	3
002	183.0	3
002	184.0	3
002	185.0	3
002	186.0	3
002	187.0	3
002	188.0	3
002	189.0	3
002	190.0	3
002	191.0	2
002	192.0	2
002	193.0	2
002	194.0	2
002	195.0	2
002	196.0	2
002	197.0	2
002	198.0	1
002	199.0	3
002	200.0	3
002	201.0	3
002	202.0	3
002	203.0	3
002	204.0	3
002	205.0	3
002	206.0	3
002	207.0	3
002	208.0	3
002	209.0	3
002	210.0	3
002	211.0	3
002	212.0	3
002	213.0	3
002	214.0	3
002	215.0	3
002	216.0	3
002	217.0	3
002	218.0	3
002	219.0	3
002	220.0	3
002	221.0	3
002	222.0	3
002	223.0	3
002	224.0	3
002	225.0	3
002	226.0	3
002	227.0	3
002	228.0	0
002	229.0	0
002	230.0	3
002	231.0	3
002	232.0	3
002	233.0	3
002	234.0	3
002	235.0	3
002	236.0	3
002	237.0	3
002	238.0	3
002	239.0	3
002	240.0	3
002	241.0	3
002	242.0	1
002	243.0	1
002	244.0	3
002	245.0	3
002	246.0	3
002	247.0	3
002	248.0	3
002	249.0	3
002	250.0	3
002	251.0	3
002	252.0	3
002	253.0	3
002	254.0	3
002	255.0	3
002	256.0	3
002	257.0	3
002	258.0	3
002	259.0	3
002	260.0	3
002	261.0	3
002	262.0	3
002	263.0	3
002	264.0	3
002	265.0	3
002	266.0	3
002	267.0	3
002	268.0	3
002	269.0	3
002	270.0	3
002	271.0	3
002	272.0	3
002	273.0	3
002	274.0	3
002	275.0	3
002	276.0	3
002	277.0	3
002	278.0	3
002	279.0	3
002	280.0	3
002	281.0	2
002	282.0	2
002	283.0	2
002	284.0	2
002	285.0	2
002	286.0	2
002	287.0	2
002	288.0	2
002	289.0	2
002	290.0	2
002	291.0	2
002	292.0	2
002	293.0	2
002	294.0	1
002	295.0	3
002	296.0	3
002	297.0	3
002	298.0	3
002	299.0	3
002	300.0	3
002	301.0	0
002	302.0	0
002	303.0	0
002	304.0	3
002	305.0	3
002	306.0	3
002	307.0	3
002	308.0	3
002	309.0	3
002	310.0	3
002	311.0	3
002	312.0	0
002	313.0	0
002	314.0	0
002	315.0	3
002	316.0	3
002	317.0	3
002	318.0	3
002	319.0	3
002	320.0	0
002	321.0	0
002	322.0	0
002	323.0	0
002	324.0	3
002	325.0	1
002	326.0	1
002	327.0	1
002	328.0	1
002	329.0	3
002	330.0	3
002	331.0	1
002	332.0	1
002	333.0	3
002	334.0	3
002	335.0	3
002	336.0	3
002	337.0	3
002	338.0	3
002	339.0	3
002	340.0	3
002	341.0	3
002	342.0	3
002	343.0	1
002	344.0	1
002	345.0	1
002	346.0	3
002	347.0	3
002	348.0	3
002	349.0	3
002	350.0	3
002	351.0	3
002	352.0	3
002	353.0	0
002	354.0	0
002	355.0	0
002	356.0	3
002	357.0	3
002	358.0	3
002	359.0	3
002	360.0	3
002	361.0	3
002	362.0	3
002	363.0	3
002	364.0	3
002	365.0	3
002	366.0	3
002	367.0	3
002	368.0	3
002	369.0	3
002	370.0	3
002	371.0	3
002	372.0	3
002	373.0	3
002	374.0	3
002	375.0	3
002	376.0	3
002	377.0	3
002	378.0	3
002	379.0	3
002	380.0	1
002	381.0	1
002	382.0	3
002	383.0	3
002	384.0	3
002	385.0	3
002	386.0	3
002	387.0	1
002	388.0	1
002	389.0	1
002	390.0	3
002	391.0	3
002	392.0	3
002	393.0	3
002	394.0	3
002	395.0	3
002	396.0	1
002	397.0	3
002	398.0	3
002	399.0	3
002	400.0	3
002	401.0	3
002	402.0	3
002	403.0	3
002	404.0	3
002	405.0	3
002	406.0	3
002	407.0	3
002	408.0	3
002	409.0	1
002	410.0	3
002	411.0	3
002	412.0	3
002	413.0	0
002	414.0	0
002	415.0	3
002	416.0	3
002	417.0	3
002	418.0	3
002	419.0	3
002	420.0	3
002	421.0	3
002	422.0	3
002	423.0	3
002	424.0	3
002	425.0	3
002	426.0	3
002	427.0	3
002	428.0	3
002	429.0	3
002	430.0	0
002	431.0	0
002	432.0	0
002	433.0	3
002	434.0	3
002	435.0	1
002	436.0	1
002	437.0	3
002	438.0	3
002	439.0	3
002	440.0	3
002	441.0	3
002	442.0	3
002	443.0	3
002	444.0	1
002	445.0	1
002	446.0	1
002	447.0	3
002	448.0	3
002	449.0	3
002	450.0	3
002	451.0	3
002	452.0	3
002	453.0	3
002	454.0	3
002	455.0	3
002	456.0	3
002	457.0	2
002	458.0	2
002	459.0	2
002	460.0	2
002	461.0	2
002	462.0	3
002	463.0	3
002	464.0	3
002	465.0	2
002	466.0	2
002	467.0	3
002	468.0	3
002	469.0	3
002	470.0	3
002	471.0	3
002	472.0	3
002	473.0	3
002	474.0	3
002	475.0	3
002	476.0	3
002	477.0	3
002	478.0	3
002	479.0	3
002	480.0	3
002	481.0	3
002	482.0	3
002	483.0	3
002	484.0	3
002	485.0	3
002	486.0	3
002	487.0	3
002	488.0	3
002	489.0	3
002	490.0	3
002	491.0	0
002	492.0	0
002	493.0	3
002	494.0	3
002	495.0	0
002	496.0	0
002	497.0	0
002	498.0	0
002	499.0	0
002	500.0	0
002	501.0	3
002	502.0	3
002	503.0	3
002	504.0	3
002	505.0	3
002	506.0	3
002	507.0	3
002	508.0	3
002	509.0	3
002	510.0	3
002	511.0	3
002	512.0	3
002	513.0	3
002	514.0	3
002	515.0	3
002	516.0	3
002	517.0	3
002	518.0	3
002	519.0	3
002	520.0	3
002	521.0	3
002	522.0	3
002	523.0	3
002	524.0	3
002	525.0	3
002	526.0	3
002	527.0	3
002	528.0	3
002	529.0	3
002	530.0	3
002	531.0	3
002	532.0	3
002	533.0	3
002	534.0	3
002	535.0	3
002	536.0	3
002	537.0	3
002	538.0	3
002	539.0	3
002	540.0	3
002	541.0	3
002	542.0	3
002	543.0	3
002	544.0	1
002	545.0	1
002	546.0	3
002	547.0	3
002	548.0	0
002	549.0	0
002	550.0	3
002	551.0	3
002	552.0	0
002	553.0	0
002	554.0	3
002	555.0	3
002	556.0	3
002	557.0	3
002	558.0	3
002	559.0	3
002	560.0	3
002	561.0	3
002	562.0	3
002	563.0	1
002	564.0	1
002	565.0	3
002	566.0	0
002	567.0	3
002	568.0	3
002	569.0	3
002	570.0	3
002	571.0	3
002	572.0	3
002	573.0	3
002	574.0	3
002	575.0	3
002	576.0	3
002	577.0	3
002	578.0	3
002	579.0	3
002	580.0	3
002	581.0	3
002	582.0	3
002	583.0	3
002	584.0	3
002	585.0	3
002	586.0	3
002	587.0	3
002	588.0	3
002	589.0	3
002	590.0	3
002	591.0	3
002	592.0	3
002	593.0	3
002	594.0	3
002	595.0	2
002	596.0	2
002	597.0	2
002	598.0	3
002	599.0	3
002	600.0	3
002	601.0	3
002	602.0	3
002	603.0	3
002	604.0	3
002	605.0	3
002	606.0	3
002	607.0	3
002	608.0	3
002	609.0	3
002	610.0	3
002	611.0	3
002	612.0	3
002	613.0	3
002	614.0	3
002	615.0	3
002	616.0	3
002	617.0	3
002	618.0	3
002	619.0	3
002	620.0	3
002	621.0	3
002	622.0	3
002	623.0	3
002	624.0	3
002	625.0	3
002	626.0	3
002	627.0	3
002	628.0	3
002	629.0	3
002	630.0	0
002	631.0	0
002	632.0	0
002	633.0	0
002	634.0	0
002	635.0	0
002	636.0	0
002	637.0	3
002	638.0	3
002	639.0	3
002	640.0	3
002	641.0	3
002	642.0	0
002	643.0	0
002	644.0	3
002	645.0	3
002	646.0	0
002	647.0	0
002	648.0	3
002	649.0	3
002	650.0	3
002	651.0	3
002	652.0	3
002	653.0	3
002	654.0	3
002	655.0	3
002	656.0	3
002	657.0	3
002	658.0	3
002	659.0	0
002	660.0	0
002	661.0	0
002	662.0	0
002	663.0	3
002	664.0	3
002	665.0	3
002	666.0	3
002	667.0	3
002	668.0	3
002	669.0	3
002	670.0	3
002	671.0	3
002	672.0	3
002	673.0	3
002	674.0	3
002	675.0	3
002	676.0	3
002	677.0	3
002	678.0	3
002	679.0	3
002	680.0	3
002	681.0	3
002	682.0	3
002	683.0	3
002	684.0	3
002	685.0	3
002	686.0	3
002	687.0	3
002	688.0	3
002	689.0	3
002	690.0	3
002	691.0	2
002	692.0	2
002	693.0	3
002	694.0	3
002	695.0	3
002	696.0	3
002	697.0	0
002	698.0	0
002	699.0	0
002	700.0	3
002	701.0	3
002	702.0	3
002	703.0	3
002	704.0	3
002	705.0	3
002	706.0	3
002	707.0	3
002	708.0	3
002	709.0	3
002	710.0	3
002	711.0	3
002	712.0	3
002	713.0	3
002	714.0	0
002	715.0	0
002	716.0	3
002	717.0	3
002	718.0	3
002	719.0	3
002	720.0	3
002	721.0	3
002	722.0	3
002	723.0	3
002	724.0	3
002	725.0	3
002	726.0	3
002	727.0	3
002	728.0	3
002	729.0	3
002	730.0	3
002	731.0	3
002	732.0	3
002	733.0	3
002	734.0	3
002	735.0	3
002	736.0	3
002	737.0	3
002	738.0	0
002	739.0	0
002	740.0	0
002	741.0	0
002	742.0	3
002	743.0	3
002	744.0	3
002	745.0	3
002	746.0	3
002	747.0	1
002	748.0	1
002	749.0	3
002	750.0	3
002	751.0	3
002	752.0	3
002	753.0	3
002	754.0	3
002	755.0	3
002	756.0	3
002	757.0	3
002	758.0	3
002	759.0	3
002	760.0	3
002	761.0	3
002	762.0	3
002	763.0	3
002	764.0	3
002	765.0	3
002	766.0	3
002	767.0	3
002	768.0	3
002	769.0	3
002	770.0	3
002	771.0	3
002	772.0	3
002	773.0	1
002	774.0	1
002	775.0	3
002	776.0	3
002	777.0	3
002	778.0	3
002	779.0	3
002	780.0	3
002	781.0	3
002	782.0	3
002	783.0	3
002	784.0	3
002	785.0	3
002	786.0	3
002	787.0	3
002	788.0	3
002	789.0	3
002	790.0	3
002	791.0	3
002	792.0	3
002	793.0	3
002	794.0	2
002	795.0	2
002	796.0	2
002	797.0	3
002	798.0	3
002	799.0	3
002	800.0	3
002	801.0	3
002	802.0	3
002	803.0	3
002	804.0	3
002	805.0	3
002	806.0	3
002	807.0	3
002	808.0	3
002	809.0	3
002	810.0	3
002	811.0	3
002	812.0	3
002	813.0	3
002	814.0	3
002	815.0	3
002	816.0	3
002	817.0	3
002	818.0	3
002	819.0	0
002	820.0	0
002	821.0	3
002	822.0	3
002	823.0	3
002	824.0	3
002	825.0	3
002	826.0	3
002	827.0	3
002	828.0	3
002	829.0	1
002	830.0	1
002	831.0	3
002	832.0	3
002	833.0	3
002	834.0	3
002	835.0	3
002	836.0	3
002	837.0	3
002	838.0	3
002	839.0	0
002	840.0	0
002	841.0	3
002	842.0	3
002	843.0	1
002	844.0	1
002	845.0	1
002	846.0	1
002	847.0	1
002	848.0	3
002	849.0	3
002	850.0	3
002	851.0	0
002	852.0	0
002	853.0	3
002	854.0	3
002	855.0	3
002	856.0	3
002	857.0	1
002	858.0	1
002	859.0	1
002	860.0	1
002	861.0	3
002	862.0	3
002	863.0	3
002	864.0	3
002	865.0	3
002	866.0	3
002	867.0	3
002	868.0	3
002	869.0	3
002	870.0	3
002	871.0	3
002	872.0	3
002	873.0	3
002	874.0	3
002	875.0	3
002	876.0	3
002	877.0	3
002	878.0	3
002	879.0	3
002	880.0	3
002	881.0	3
002	882.0	3
002	883.0	1
002	884.0	1
002	885.0	1
002	886.0	1
002	887.0	3
002	888.0	3
002	889.0	3
002	890.0	3
002	891.0	3
002	892.0	3
002	893.0	3
002	894.0	3
002	895.0	3
002	896.0	3
002	897.0	3
002	898.0	3
002	899.0	3
002	900.0	3
002	901.0	3
002	902.0	3
002	903.0	3
002	904.0	3
002	905.0	3
002	906.0	1
002	907.0	1
002	908.0	1
002	909.0	3
002	910.0	3
002	911.0	3
002	912.0	3
002	913.0	3
002	914.0	3
002	915.0	3
002	916.0	3
002	917.0	3
002	918.0	3
002	919.0	3
002	920.0	3
002	921.0	3
002	922.0	1
002	923.0	1
002	924.0	3
002	925.0	3
002	926.0	3
002	927.0	3
002	928.0	3
002	929.0	3
002	930.0	3
002	931.0	3
002	932.0	3
002	933.0	3
002	934.0	3
002	935.0	3
002	936.0	3
002	937.0	3
002	938.0	0
002	939.0	2
002	940.0	2
002	941.0	2
002	942.0	2
002	943.0	2
002	944.0	2
002	945.0	2
002	946.0	2
002	947.0	2
002	948.0	2
002	949.0	2
002	950.0	2
002	951.0	2
002	952.0	2
002	953.0	2
002	954.0	2
002	955.0	2
002	956.0	2
002	957.0	2
002	958.0	0
002	959.0	0
002	960.0	2
002	961.0	2
002	962.0	2
002	963.0	2
002	964.0	2
002	965.0	2
002	966.0	2
002	967.0	2
002	968.0	2
002	969.0	2
002	970.0	2
002	971.0	2
002	972.0	2
002	973.0	2
002	974.0	2
002	975.0	2
002	976.0	2
002	977.0	2
002	978.0	2
002	979.0	2
002	980.0	2
002	981.0	2
002	982.0	2
002	983.0	2
002	984.0	2
002	985.0	2
002	986.0	2
002	987.0	1
002	988.0	1
002	989.0	1
002	990.0	2
002	991.0	2
002	992.0	2
002	993.0	2
002	994.0	2
002	995.0	2
002	996.0	2
002	997.0	1
002	998.0	1
002	999.0	2
002	1000.0	2
002	1001.0	2
002	1002.0	2
002	1003.0	2
002	1004.0	2
002	1005.0	2
002	1006.0	2
002	1007.0	2
002	1008.0	2
002	1009.0	2
002	1010.0	2
002	1011.0	2
002	1012.0	2
002	1013.0	2
002	1014.0	2
002	1015.0	2
002	1016.0	2
002	1017.0	2
002	1018.0	2
002	1019.0	2
002	1020.0	2
002	1021.0	2
002	1022.0	2
002	1023.0	2
002	1024.0	2
002	1025.0	2
002	1026.0	2
002	1027.0	2
002	1028.0	2
002	1029.0	2
002	1030.0	2
002	1031.0	2
002	1032.0	2
002	1033.0	2
002	1034.0	1
002	1035.0	1
002	1036.0	2
002	1037.0	2
002	1038.0	2
002	1039.0	2
002	1040.0	2
002	1041.0	2
002	1042.0	2
002	1043.0	2
002	1044.0	2
002	1045.0	2
002	1046.0	2
002	1047.0	2
002	1048.0	2
002	1049.0	2
002	1050.0	2
002	1051.0	2
002	1052.0	2
002	1053.0	2
002	1054.0	2
002	1055.0	2
002	1056.0	2
002	1057.0	2
002	1058.0	2
002	1059.0	2
002	1060.0	2
002	1061.0	2
002	1062.0	2
002	1063.0	2
002	1064.0	2
002	1065.0	2
002	1066.0	2
002	1067.0	2
002	1068.0	2
002	1069.0	2
002	1070.0	2
002	1071.0	2
002	1072.0	2
002	1073.0	2
002	1074.0	2
002	1075.0	2
002	1076.0	2
002	1077.0	2
002	1078.0	2
002	1079.0	2
002	1080.0	2
002	1081.0	2
002	1082.0	2
002	1083.0	2
002	1084.0	0
002	1085.0	0
002	1086.0	2
002	1087.0	2
002	1088.0	2
002	1089.0	2
002	1090.0	2
002	1091.0	2
002	1092.0	2
002	1093.0	2
002	1094.0	2
002	1095.0	2
002	1096.0	2
002	1097.0	2
002	1098.0	2
002	1099.0	2
002	1100.0	0
002	1101.0	0
002	1102.0	0
002	1103.0	0
002	1104.0	0
002	1105.0	2
002	1106.0	2
002	1107.0	2
002	1108.0	2
002	1109.0	2
002	1110.0	2
002	1111.0	2
002	1112.0	2
002	1113.0	2
002	1114.0	2
002	1115.0	2
002	1116.0	2
002	1117.0	2
002	1118.0	2
002	1119.0	2
002	1120.0	2
002	1121.0	2
002	1122.0	2
002	1123.0	2
002	1124.0	2
002	1125.0	2
002	1126.0	2
002	1127.0	2
002	1128.0	2
002	1129.0	2
002	1130.0	2
002	1131.0	2
002	1132.0	2
002	1133.0	2
002	1134.0	2
002	1135.0	2
002	1136.0	2
002	1137.0	2
002	1138.0	2
002	1139.0	2
002	1140.0	2
002	1141.0	2
002	1142.0	2
002	1143.0	2
002	1144.0	2
002	1145.0	2
002	1146.0	2
002	1147.0	2
002	1148.0	2
002	1149.0	2
002	1150.0	2
002	1151.0	2
002	1152.0	2
002	1153.0	2
002	1154.0	2
002	1155.0	2
002	1156.0	2
002	1157.0	2
002	1158.0	2
002	1159.0	2
002	1160.0	2
002	1161.0	2
002	1162.0	2
002	1163.0	2
002	1164.0	2
002	1165.0	2
002	1166.0	2
002	1167.0	2
002	1168.0	2
002	1169.0	2
002	1170.0	2
002	1171.0	2
002	1172.0	2
002	1173.0	2
002	1174.0	2
002	1175.0	2
002	1176.0	2
002	1177.0	2
002	1178.0	2
002	1179.0	2
002	1180.0	2
002	1181.0	2
002	1182.0	2
002	1183.0	2
002	1184.0	2
002	1185.0	2
002	1186.0	2
002	1187.0	2
002	1188.0	2
002	1189.0	2
002	1190.0	2
002	1191.0	2
002	1192.0	0
002	1193.0	0
002	1194.0	0
002	1195.0	0
002	1196.0	0
002	1197.0	0
002	1198.0	0
002	1199.0	0
002	1200.0	0
002	1201.0	0
002	1202.0	0
002	1203.0	2
002	1204.0	2
002	1205.0	2
002	1206.0	2
002	1207.0	2
002	1208.0	2
002	1209.0	2
002	1210.0	2
002	1211.0	2
002	1212.0	2
002	1213.0	2
002	1214.0	2
002	1215.0	2
002	1216.0	0
002	1217.0	0
002	1218.0	0
002	1219.0	3
002	1220.0	3
002	1221.0	3
002	1222.0	3
002	1223.0	3
002	1224.0	3
002	1225.0	3
002	1226.0	3
002	1227.0	3
002	1228.0	3
002	1229.0	3
002	1230.0	3
002	1231.0	3
002	1232.0	3
002	1233.0	2
002	1234.0	2
002	1235.0	2
002	1236.0	2
002	1237.0	2
002	1238.0	2
002	1239.0	2
002	1240.0	3
002	1241.0	1
002	1242.0	1
002	1243.0	0
002	1244.0	0
002	1245.0	0
002	1246.0	2
002	1247.0	2
002	1248.0	2
002	1249.0	2
002	1250.0	2
002	1251.0	2
002	1252.0	2
002	1253.0	2
002	1254.0	2
002	1255.0	2
002	1256.0	2
002	1257.0	2
002	1258.0	2
002	1259.0	2
002	1260.0	2
002	1261.0	2
002	1262.0	2
002	1263.0	2
002	1264.0	2
002	1265.0	1
002	1266.0	1
002	1267.0	2
002	1268.0	2
002	1269.0	2
002	1270.0	2
002	1271.0	2
002	1272.0	2
002	1273.0	2
002	1274.0	2
002	1275.0	2
002	1276.0	2
002	1277.0	2
002	1278.0	2
002	1279.0	2
002	1280.0	2
002	1281.0	2
002	1282.0	2
002	1283.0	2
002	1284.0	2
002	1285.0	2
002	1286.0	2
002	1287.0	2
002	1288.0	2
002	1289.0	2
002	1290.0	2
002	1291.0	2
002	1292.0	0
002	1293.0	0
002	1294.0	0
002	1295.0	0
002	1296.0	2
002	1297.0	2
002	1298.0	2
002	1299.0	2
002	1300.0	2
002	1301.0	2
002	1302.0	2
002	1303.0	1
002	1304.0	1
002	1305.0	1
002	1306.0	2
002	1307.0	2
002	1308.0	2
002	1309.0	2
002	1310.0	3
002	1311.0	3
002	1312.0	0
002	1313.0	0
002	1314.0	3
002	1315.0	3
002	1316.0	3
002	1317.0	3
002	1318.0	3
002	1319.0	3
002	1320.0	3
002	1321.0	3
002	1322.0	3
002	1323.0	1
002	1324.0	1
002	1325.0	1
002	1326.0	1
002	1327.0	1
002	1328.0	3
002	1329.0	3
002	1330.0	3
002	1331.0	3
002	1332.0	3
002	1333.0	3
002	1334.0	3
002	1335.0	3
002	1336.0	3
002	1337.0	3
002	1338.0	3
002	1339.0	1
002	1340.0	1
002	1341.0	3
002	1342.0	3
002	1343.0	3
002	1344.0	3
002	1345.0	3
002	1346.0	3
002	1347.0	1
002	1348.0	1
002	1349.0	3
002	1350.0	3
002	1351.0	3
002	1352.0	1
002	1353.0	1
002	1354.0	3
002	1355.0	3
002	1356.0	3
002	1357.0	3
002	1358.0	3
002	1359.0	3
002	1360.0	3
002	1361.0	3
002	1362.0	3
002	1363.0	3
002	1364.0	3
002	1365.0	3
002	1366.0	3
002	1367.0	3
002	1368.0	3
002	1369.0	1
002	1370.0	1
002	1371.0	1
002	1372.0	1
002	1373.0	3
002	1374.0	3
002	1375.0	3
002	1376.0	3
002	1377.0	3
002	1378.0	3
002	1379.0	1
002	1380.0	1
002	1381.0	3
002	1382.0	3
002	1383.0	3
002	1384.0	3
002	1385.0	3
002	1386.0	3
002	1387.0	3
002	1388.0	3
002	1389.0	3
003	0.0	0
003	1.0	0
003	2.0	0
003	3.0	0
003	4.0	0
003	5.0	0
003	6.0	0
003	7.0	0
003	8.0	0
003	9.0	0
003	10.0	0
003	11.0	0
003	12.0	0
003	13.0	0
003	14.0	0
003	15.0	3
003	16.0	3
003	17.0	0
003	18.0	0
003	19.0	0
003	20.0	0
003	21.0	0
003	22.0	0
003	23.0	0
003	24.0	0
003	25.0	0
003	26.0	0
003	27.0	0
003	28.0	0
003	29.0	3
003	30.0	3
003	31.0	3
003	32.0	0
003	33.0	0
003	34.0	0
003	35.0	0
003	36.0	0
003	37.0	0
003	38.0	0
003	39.0	0
003	40.0	0
003	41.0	0
003	42.0	0
003	43.0	0
003	44.0	0
003	45.0	0
003	46.0	0
003	47.0	0
003	48.0	3
003	49.0	3
003	50.0	3
003	51.0	0
003	52.0	0
003	53.0	0
003	54.0	0
003	55.0	0
003	56.0	0
003	57.0	0
003	58.0	0
003	59.0	0
003	60.0	0
003	61.0	3
003	62.0	2
003	63.0	2
003	64.0	2
003	65.0	2
003	66.0	2
003	67.0	0
003	68.0	0
003	69.0	0
003	70.0	0
003	71.0	0
003	72.0	0
003	73.0	0
003	74.0	0
003	75.0	0
003	76.0	0
003	77.0	0
003	78.0	0
003	79.0	3
003	80.0	3
003	81.0	3
003	82.0	3
003	83.0	0
003	84.0	0
003	85.0	0
003	86.0	3
003	87.0	3
003	88.0	0
003	89.0	0
003	90.0	3
003	91.0	3
003	92.0	0
003	93.0	0
003	94.0	0
003	95.0	0
003	96.0	0
003	97.0	0
003	98.0	2
003	99.0	2
003	100.0	0
003	101.0	0
003	102.0	0
003	103.0	0
003	104.0	0
003	105.0	0
003	106.0	0
003	107.0	0
003	108.0	0
003	109.0	0
003	110.0	0
003	111.0	0
003	112.0	3
003	113.0	3
003	114.0	0
003	115.0	0
003	116.0	0
003	117.0	0
003	118.0	0
003	119.0	0
003	120.0	3
003	121.0	3
003	122.0	3
003	123.0	0
003	124.0	0
003	125.0	0
003	126.0	0
003	127.0	3
003	128.0	3
003	129.0	3
003	130.0	3
003	131.0	1
003	132.0	1
003	133.0	3
003	134.0	3
003	135.0	3
003	136.0	3
003	137.0	3
003	138.0	3
003	139.0	3
003	140.0	1
003	141.0	1
003	142.0	1
003	143.0	1
003	144.0	3
003	145.0	3
003	146.0	0
003	147.0	0
003	148.0	0
003	149.0	0
003	150.0	0
003	151.0	0
003	152.0	0
003	153.0	0
003	154.0	0
003	155.0	0
003	156.0	0
003	157.0	3
003	158.0	3
003	159.0	3
003	160.0	3
003	161.0	0
003	162.0	0
003	163.0	0
003	164.0	0
003	165.0	0
003	166.0	0
003	167.0	0
003	168.0	0
003	169.0	0
003	170.0	0
003	171.0	0
003	172.0	0
003	173.0	0
003	174.0	0
003	175.0	0
003	176.0	0
003	177.0	0
003	178.0	0
003	179.0	0
003	180.0	0
003	181.0	0
003	182.0	0
003	183.0	0
003	184.0	0
003	185.0	0
003	186.0	0
003	187.0	3
003	188.0	3
003	189.0	0
003	190.0	2
003	191.0	2
003	192.0	0
003	193.0	0
003	194.0	0
003	195.0	0
003	196.0	0
003	197.0	0
003	198.0	0
003	199.0	0
003	200.0	0
003	201.0	0
003	202.0	2
003	203.0	2
003	204.0	2
003	205.0	2
003	206.0	2
003	207.0	2
003	208.0	2
003	209.0	2
003	210.0	2
003	211.0	2
003	212.0	2
003	213.0	2
003	214.0	2
003	215.0	0
003	216.0	0
003	217.0	0
003	218.0	0
003	219.0	1
003	220.0	1
003	221.0	1
003	222.0	2
003	223.0	0
003	224.0	0
003	225.0	0
003	226.0	0
003	227.0	0
003	228.0	0
003	229.0	0
003	230.0	0
003	231.0	0
003	232.0	0
003	233.0	1
003	234.0	1
003	235.0	2
003	236.0	2
003	237.0	2
003	238.0	1
003	239.0	1
003	240.0	2
003	241.0	2
003	242.0	2
003	243.0	2
003	244.0	0
003	245.0	0
003	246.0	0
003	247.0	0
003	248.0	0
003	249.0	2
003	250.0	2
003	251.0	2
003	252.0	2
003	253.0	2
003	254.0	0
003	255.0	0
003	256.0	0
003	257.0	2
003	258.0	2
003	259.0	2
003	260.0	2
003	261.0	2
003	262.0	2
003	263.0	2
003	264.0	0
003	265.0	0
003	266.0	0
003	267.0	0
003	268.0	0
003	269.0	0
003	270.0	0
003	271.0	0
003	272.0	0
003	273.0	0
003	274.0	0
003	275.0	0
003	276.0	3
003	277.0	3
003	278.0	3
003	279.0	0
003	280.0	0
003	281.0	0
003	282.0	0
003	283.0	0
003	284.0	0
003	285.0	3
003	286.0	3
003	287.0	3
003	288.0	3
003	289.0	3
003	290.0	3
003	291.0	3
003	292.0	3
003	293.0	0
003	294.0	0
003	295.0	3
003	296.0	3
003	297.0	3
003	298.0	3
003	299.0	1
003	300.0	1
003	301.0	2
003	302.0	0
003	303.0	0
003	304.0	0
003	305.0	0
003	306.0	0
003	307.0	0
003	308.0	0
003	309.0	0
003	310.0	0
003	311.0	2
003	312.0	2
003	313.0	2
003	314.0	0
003	315.0	0
003	316.0	0
003	317.0	0
003	318.0	0
003	319.0	0
003	320.0	0
003	321.0	2
003	322.0	2
003	323.0	2
003	324.0	0
003	325.0	0
003	326.0	0
003	327.0	0
003	328.0	0
003	329.0	0
003	330.0	0
003	331.0	0
003	332.0	0
003	333.0	0
003	334.0	0
003	335.0	0
003	336.0	0
003	337.0	0
003	338.0	0
003	339.0	0
003	340.0	0
003	341.0	0
003	342.0	3
003	343.0	3
003	344.0	0
003	345.0	0
003	346.0	0
003	347.0	0
003	348.0	0
003	349.0	3
003	350.0	1
003	351.0	3
003	352.0	3
003	353.0	3
003	354.0	3
003	355.0	3
003	356.0	1
003	357.0	1
003	358.0	3
003	359.0	3
003	360.0	0
003	361.0	0
003	362.0	2
003	363.0	2
003	364.0	1
003	365.0	1
003	366.0	3
003	367.0	3
003	368.0	3
003	369.0	3
003	370.0	3
003	371.0	3
003	372.0	3
003	373.0	3
003	374.0	0
003	375.0	0
003	376.0	1
003	377.0	1
003	378.0	1
003	379.0	1
003	380.0	1
003	381.0	1
003	382.0	3
003	383.0	3
003	384.0	3
003	385.0	3
003	386.0	3
003	387.0	3
003	388.0	3
003	389.0	3
003	390.0	3
003	391.0	3
003	392.0	3
003	393.0	0
003	394.0	0
003	395.0	0
003	396.0	2
003	397.0	2
003	398.0	2
003	399.0	0
003	400.0	0
003	401.0	3
003	402.0	1
003	403.0	1
003	404.0	1
003	405.0	1
003	406.0	1
003	407.0	3
003	408.0	0
003	409.0	1
003	410.0	1
003	411.0	1
003	412.0	1
003	413.0	0
003	414.0	0
003	415.0	1
003	416.0	1
003	417.0	1
003	418.0	3
003	419.0	3
003	420.0	3
003	421.0	3
003	422.0	0
003	423.0	0
003	424.0	0
003	425.0	3
003	426.0	3
003	427.0	3
003	428.0	3
003	429.0	3
003	430.0	3
003	431.0	1
003	432.0	1
003	433.0	3
003	434.0	3
003	435.0	0
003	436.0	0
003	437.0	0
003	438.0	0
003	439.0	0
003	440.0	0
003	441.0	0
003	442.0	0
003	443.0	0
003	444.0	0
003	445.0	0
003	446.0	0
003	447.0	0
003	448.0	0
003	449.0	0
003	450.0	0
003	451.0	0
003	452.0	0
003	453.0	0
003	454.0	0
003	455.0	0
003	456.0	0
003	457.0	0
003	458.0	0
003	459.0	0
003	460.0	0
003	461.0	0
003	462.0	0
003	463.0	0
003	464.0	0
003	465.0	0
003	466.0	0
003	467.0	0
003	468.0	0
003	469.0	0
003	470.0	0
003	471.0	0
003	472.0	0
003	473.0	0
003	474.0	0
003	475.0	3
003	476.0	3
003	477.0	3
003	478.0	0
003	479.0	3
003	480.0	3
003	481.0	0
003	482.0	0
003	483.0	0
003	484.0	0
003	485.0	0
003	486.0	0
003	487.0	0
003	488.0	0
003	489.0	0
003	490.0	3
003	491.0	1
003	492.0	1
003	493.0	2
003	494.0	0
003	495.0	0
003	496.0	0
003	497.0	0
003	498.0	0
003	499.0	0
003	500.0	0
003	501.0	0
003	502.0	0
003	503.0	0
003	504.0	0
003	505.0	3
003	506.0	3
003	507.0	0
003	508.0	0
003	509.0	0
003	510.0	0
003	511.0	0
003	512.0	0
003	513.0	0
003	514.0	0
003	515.0	0
003	516.0	0
003	517.0	0
003	518.0	0
003	519.0	3
003	520.0	2
003	521.0	1
003	522.0	1
003	523.0	2
003	524.0	2
003	525.0	1
003	526.0	1
003	527.0	1
003	528.0	1
003	529.0	3
003	530.0	0
003	531.0	0
003	532.0	0
003	533.0	0
003	534.0	0
003	535.0	0
003	536.0	0
003	537.0	0
003	538.0	0
003	539.0	0
003	540.0	0
003	541.0	0
003	542.0	0
003	543.0	3
003	544.0	1
003	545.0	1
003	546.0	0
003	547.0	0
003	548.0	0
003	549.0	0
003	550.0	0
003	551.0	0
003	552.0	0
003	553.0	0
003	554.0	0
003	555.0	0
003	556.0	2
003	557.0	2
003	558.0	2
003	559.0	0
003	560.0	0
003	561.0	0
003	562.0	0
003	563.0	0
003	564.0	0
003	565.0	0
003	566.0	3
003	567.0	3
003	568.0	0
003	569.0	0
003	570.0	3
003	571.0	1
003	572.0	3
003	573.0	3
003	574.0	3
003	575.0	1
003	576.0	1
003	577.0	3
003	578.0	3
003	579.0	3
003	580.0	3
003	581.0	3
003	582.0	3
003	583.0	0
003	584.0	0
003	585.0	0
003	586.0	0
003	587.0	3
003	588.0	3
003	589.0	3
003	590.0	3
003	591.0	1
003	592.0	1
003	593.0	3
003	594.0	3
003	595.0	3
003	596.0	0
003	597.0	2
003	598.0	2
003	599.0	2
003	600.0	1
003	601.0	1
003	602.0	3
003	603.0	3
003	604.0	0
003	605.0	0
003	606.0	3
003	607.0	1
003	608.0	1
003	609.0	3
003	610.0	0
003	611.0	0
003	612.0	3
003	613.0	3
003	614.0	0
003	615.0	0
003	616.0	0
003	617.0	0
003	618.0	0
003	619.0	0
003	620.0	0
003	621.0	0
003	622.0	0
003	623.0	0
003	624.0	0
003	625.0	0
003	626.0	1
003	627.0	1
003	628.0	1
003	629.0	1
003	630.0	3
003	631.0	0
003	632.0	0
003	633.0	0
003	634.0	0
003	635.0	0
003	636.0	0
003	637.0	0
003	638.0	3
003	639.0	3
003	640.0	3
003	641.0	0
003	642.0	0
003	643.0	0
003	644.0	0
003	645.0	0
003	646.0	0
003	647.0	0
003	648.0	0
003	649.0	0
003	650.0	0
003	651.0	3
003	652.0	3
003	653.0	3
003	654.0	3
003	655.0	3
003	656.0	1
003	657.0	1
003	658.0	1
003	659.0	0
003	660.0	0
003	661.0	3
003	662.0	3
003	663.0	3
003	664.0	3
003	665.0	0
003	666.0	0
003	667.0	0
003	668.0	0
003	669.0	0
003	670.0	0
003	671.0	2
003	672.0	2
003	673.0	1
003	674.0	1
003	675.0	1
003	676.0	3
003	677.0	3
003	678.0	3
003	679.0	3
003	680.0	3
003	681.0	3
003	682.0	0
003	683.0	0
003	684.0	0
003	685.0	3
003	686.0	1
003	687.0	1
003	688.0	1
003	689.0	1
003	690.0	0
003	691.0	0
003	692.0	1
003	693.0	1
003	694.0	1
003	695.0	1
003	696.0	2
003	697.0	2
003	698.0	2
003	699.0	2
003	700.0	2
003	701.0	2
003	702.0	2
003	703.0	2
003	704.0	2
003	705.0	2
003	706.0	2
003	707.0	2
003	708.0	2
003	709.0	2
003	710.0	2
003	711.0	2
003	712.0	2
003	713.0	2
003	714.0	2
003	715.0	2
003	716.0	2
003	717.0	0
003	718.0	0
003	719.0	0
003	720.0	1
003	721.0	1
003	722.0	3
003	723.0	3
003	724.0	1
003	725.0	1
003	726.0	3
003	727.0	3
003	728.0	0
003	729.0	0
003	730.0	3
003	731.0	3
003	732.0	3
003	733.0	3
003	734.0	1
003	735.0	1
003	736.0	0
003	737.0	0
003	738.0	0
003	739.0	2
003	740.0	0
003	741.0	0
003	742.0	0
003	743.0	3
003	744.0	3
003	745.0	3
003	746.0	0
003	747.0	0
003	748.0	0
003	749.0	0
003	750.0	0
003	751.0	0
003	752.0	2
003	753.0	2
003	754.0	2
003	755.0	0
003	756.0	0
003	757.0	0
003	758.0	0
003	759.0	0
003	760.0	2
003	761.0	2
003	762.0	2
003	763.0	1
003	764.0	1
003	765.0	1
003	766.0	3
003	767.0	1
003	768.0	1
003	769.0	1
003	770.0	2
003	771.0	2
003	772.0	0
003	773.0	0
003	774.0	0
003	775.0	0
003	776.0	0
003	777.0	2
003	778.0	2
003	779.0	2
003	780.0	2
003	781.0	2
003	782.0	2
003	783.0	2
003	784.0	2
003	785.0	2
003	786.0	2
003	787.0	2
003	788.0	2
003	789.0	2
003	790.0	2
003	791.0	2
003	792.0	2
003	793.0	2
003	794.0	2
003	795.0	2
003	796.0	2
003	797.0	0
003	798.0	0
003	799.0	3
003	800.0	3
003	801.0	0
003	802.0	0
003	803.0	3
003	804.0	1
003	805.0	2
003	806.0	2
003	807.0	0
003	808.0	0
003	809.0	0
003	810.0	0
003	811.0	0
003	812.0	0
003	813.0	0
003	814.0	2
003	815.0	2
003	816.0	0
003	817.0	0
003	818.0	0
003	819.0	0
003	820.0	0
003	821.0	0
003	822.0	0
003	823.0	0
003	824.0	0
003	825.0	0
003	826.0	0
003	827.0	0
003	828.0	0
003	829.0	0
003	830.0	0
003	831.0	2
003	832.0	2
003	833.0	2
003	834.0	2
003	835.0	2
003	836.0	2
003	837.0	1
003	838.0	1
003	839.0	3
003	840.0	0
003	841.0	0
003	842.0	0
003	843.0	0
003	844.0	3
003	845.0	3
003	846.0	0
003	847.0	0
003	848.0	1
003	849.0	1
003	850.0	1
003	851.0	1
003	852.0	1
003	853.0	3
003	854.0	1
003	855.0	1
003	856.0	3
003	857.0	3
003	858.0	3
003	859.0	3
003	860.0	3
003	861.0	3
003	862.0	3
003	863.0	3
003	864.0	1
003	865.0	1
003	866.0	2
003	867.0	2
003	868.0	2
003	869.0	2
003	870.0	3
003	871.0	3
003	872.0	3
003	873.0	1
003	874.0	1
003	875.0	1
003	876.0	1
003	877.0	1
003	878.0	1
003	879.0	1
003	880.0	1
003	881.0	1
003	882.0	1
003	883.0	1
003	884.0	1
003	885.0	3
003	886.0	3
003	887.0	3
003	888.0	3
003	889.0	3
003	890.0	3
003	891.0	3
003	892.0	3
003	893.0	1
003	894.0	1
003	895.0	1
003	896.0	1
003	897.0	3
003	898.0	3
003	899.0	1
003	900.0	1
003	901.0	1
003	902.0	3
003	903.0	3
003	904.0	3
003	905.0	3
003	906.0	1
003	907.0	1
003	908.0	1
003	909.0	2
003	910.0	2
003	911.0	0
003	912.0	0
003	913.0	0
003	914.0	1
003	915.0	1
003	916.0	3
003	917.0	3
003	918.0	3
003	919.0	3
003	920.0	3
003	921.0	1
003	922.0	1
003	923.0	1
003	924.0	3
003	925.0	0
003	926.0	2
003	927.0	2
003	928.0	2
003	929.0	2
003	930.0	0
003	931.0	0
003	932.0	0
003	933.0	2
003	934.0	2
003	935.0	2
003	936.0	1
003	937.0	3
003	938.0	0
003	939.0	3
003	940.0	1
003	941.0	3
003	942.0	0
003	943.0	0
003	944.0	0
003	945.0	0
003	946.0	0
003	947.0	0
003	948.0	0
003	949.0	2
003	950.0	0
003	951.0	3
003	952.0	3
003	953.0	1
003	954.0	1
003	955.0	3
003	956.0	3
003	957.0	3
003	958.0	0
003	959.0	0
003	960.0	2
003	961.0	2
003	962.0	2
003	963.0	2
003	964.0	2
003	965.0	2
003	966.0	2
003	967.0	2
003	968.0	2
003	969.0	0
003	970.0	0
003	971.0	0
003	972.0	0
003	973.0	0
003	974.0	3
003	975.0	3
003	976.0	3
003	977.0	0
003	978.0	0
003	979.0	2
003	980.0	2
003	981.0	2
003	982.0	2
003	983.0	2
003	984.0	2
003	985.0	0
003	986.0	0
003	987.0	0
003	988.0	2
003	989.0	2
003	990.0	2
003	991.0	0
003	992.0	0
003	993.0	0
003	994.0	3
003	995.0	3
003	996.0	2
003	997.0	2
003	998.0	3
003	999.0	1
003	1000.0	1
003	1001.0	1
003	1002.0	3
003	1003.0	0
003	1004.0	2
003	1005.0	2
003	1006.0	0
003	1007.0	0
003	1008.0	0
003	1009.0	0
003	1010.0	0
003	1011.0	0
003	1012.0	0
003	1013.0	1
003	1014.0	1
003	1015.0	2
003	1016.0	0
003	1017.0	0
003	1018.0	0
003	1019.0	0
003	1020.0	0
003	1021.0	0
003	1022.0	0
003	1023.0	0
003	1024.0	1
003	1025.0	1
003	1026.0	1
003	1027.0	0
003	1028.0	0
003	1029.0	2
003	1030.0	2
003	1031.0	0
003	1032.0	0
003	1033.0	0
003	1034.0	3
003	1035.0	3
003	1036.0	3
003	1037.0	1
003	1038.0	1
003	1039.0	3
003	1040.0	3
003	1041.0	3
003	1042.0	0
003	1043.0	0
003	1044.0	0
003	1045.0	3
003	1046.0	1
003	1047.0	3
003	1048.0	3
003	1049.0	3
003	1050.0	0
003	1051.0	0
003	1052.0	0
003	1053.0	0
003	1054.0	0
003	1055.0	0
003	1056.0	3
003	1057.0	3
003	1058.0	3
003	1059.0	0
003	1060.0	0
003	1061.0	0
003	1062.0	0
003	1063.0	2
003	1064.0	2
003	1065.0	2
003	1066.0	2
003	1067.0	2
003	1068.0	2
003	1069.0	0
003	1070.0	0
003	1071.0	0
003	1072.0	0
003	1073.0	0
003	1074.0	0
003	1075.0	0
003	1076.0	0
003	1077.0	0
003	1078.0	1
003	1079.0	1
003	1080.0	1
003	1081.0	3
003	1082.0	0
003	1083.0	0
003	1084.0	0
003	1085.0	1
003	1086.0	2
003	1087.0	2
003	1088.0	2
003	1089.0	2
003	1090.0	2
003	1091.0	1
003	1092.0	1
003	1093.0	1
003	1094.0	3
003	1095.0	1
003	1096.0	1
003	1097.0	3
003	1098.0	3
003	1099.0	1
003	1100.0	1
003	1101.0	2
003	1102.0	2
003	1103.0	2
003	1104.0	2
003	1105.0	1
003	1106.0	3
003	1107.0	0
003	1108.0	0
003	1109.0	0
003	1110.0	0
003	1111.0	0
003	1112.0	0
003	1113.0	0
003	1114.0	0
003	1115.0	3
003	1116.0	3
003	1117.0	3
003	1118.0	3
003	1119.0	0
003	1120.0	0
003	1121.0	0
003	1122.0	0
003	1123.0	0
003	1124.0	0
003	1125.0	0
003	1126.0	0
003	1127.0	0
003	1128.0	0
003	1129.0	0
003	1130.0	0
003	1131.0	0
003	1132.0	0
003	1133.0	2
003	1134.0	2
003	1135.0	2
003	1136.0	2
003	1137.0	2
003	1138.0	0
003	1139.0	0
003	1140.0	2
003	1141.0	2
003	1142.0	2
003	1143.0	2
003	1144.0	2
003	1145.0	0
003	1146.0	3
003	1147.0	3
003	1148.0	3
003	1149.0	3
003	1150.0	1
003	1151.0	1
003	1152.0	2
003	1153.0	2
003	1154.0	2
003	1155.0	2
003	1156.0	3
003	1157.0	3
003	1158.0	1
003	1159.0	3
003	1160.0	0
003	1161.0	0
003	1162.0	3
003	1163.0	3
003	1164.0	2
003	1165.0	2
003	1166.0	0
003	1167.0	0
003	1168.0	0
003	1169.0	0
003	1170.0	0
003	1171.0	0
003	1172.0	0
003	1173.0	0
003	1174.0	0
003	1175.0	0
003	1176.0	0
003	1177.0	3
003	1178.0	3
003	1179.0	3
003	1180.0	1
003	1181.0	1
003	1182.0	1
003	1183.0	3
003	1184.0	3
003	1185.0	3
003	1186.0	3
003	1187.0	3
003	1188.0	0
003	1189.0	0
003	1190.0	0
003	1191.0	0
003	1192.0	0
003	1193.0	0
003	1194.0	0
003	1195.0	0
003	1196.0	0
003	1197.0	0
003	1198.0	0
003	1199.0	1
003	1200.0	1
003	1201.0	1
003	1202.0	3
003	1203.0	3
003	1204.0	3
003	1205.0	3
003	1206.0	3
003	1207.0	3
003	1208.0	3
003	1209.0	3
003	1210.0	3
003	1211.0	0
003	1212.0	0
003	1213.0	3
003	1214.0	3
003	1215.0	3
003	1216.0	3
003	1217.0	1
003	1218.0	1
003	1219.0	1
003	1220.0	0
003	1221.0	0
003	1222.0	0
003	1223.0	3
003	1224.0	1
003	1225.0	1
003	1226.0	1
003	1227.0	1
003	1228.0	0
003	1229.0	0
003	1230.0	0
003	1231.0	0
003	1232.0	0
003	1233.0	0
003	1234.0	0
003	1235.0	0
003	1236.0	0
003	1237.0	3
003	1238.0	3
003	1239.0	0
003	1240.0	0
003	1241.0	0
003	1242.0	0
003	1243.0	0
003	1244.0	0
003	1245.0	0
003	1246.0	0
003	1247.0	0
003	1248.0	2
003	1249.0	2
003	1250.0	0
003	1251.0	3
003	1252.0	3
003	1253.0	3
003	1254.0	0
003	1255.0	0
003	1256.0	0
003	1257.0	0
003	1258.0	0
003	1259.0	0
003	1260.0	0
003	1261.0	0
003	1262.0	3
003	1263.0	3
003	1264.0	0
003	1265.0	3
003	1266.0	1
003	1267.0	2
003	1268.0	2
003	1269.0	2
003	1270.0	2
003	1271.0	2
003	1272.0	2
003	1273.0	2
003	1274.0	2
003	1275.0	0
003	1276.0	0
003	1277.0	0
003	1278.0	0
003	1279.0	0
003	1280.0	2
003	1281.0	2
003	1282.0	2
003	1283.0	0
003	1284.0	0
003	1285.0	0
003	1286.0	0
003	1287.0	0
003	1288.0	0
003	1289.0	0
003	1290.0	0
003	1291.0	0
003	1292.0	0
003	1293.0	0
003	1294.0	0
003	1295.0	0
003	1296.0	0
003	1297.0	2
003	1298.0	0
003	1299.0	0
003	1300.0	0
003	1301.0	0
003	1302.0	0
003	1303.0	0
003	1304.0	0
003	1305.0	0
003	1306.0	0
003	1307.0	0
003	1308.0	0
003	1309.0	0
003	1310.0	1
003	1311.0	1
003	1312.0	1
003	1313.0	1
003	1314.0	1
003	1315.0	3
003	1316.0	3
003	1317.0	3
003	1318.0	3
003	1319.0	3
003	1320.0	3
003	1321.0	3
003	1322.0	3
003	1323.0	1
003	1324.0	1
003	1325.0	3
003	1326.0	1
003	1327.0	1
003	1328.0	1
003	1329.0	1
003	1330.0	1
003	1331.0	1
003	1332.0	0
003	1333.0	0
003	1334.0	1
003	1335.0	1
003	1336.0	1
003	1337.0	1
003	1338.0	1
003	1339.0	1
003	1340.0	1
003	1341.0	1
003	1342.0	1
003	1343.0	1
003	1344.0	3
003	1345.0	3
003	1346.0	1
003	1347.0	3
003	1348.0	3
003	1349.0	1
003	1350.0	1
003	1351.0	1
003	1352.0	3
003	1353.0	3
003	1354.0	3
003	1355.0	3
003	1356.0	3
003	1357.0	3
003	1358.0	3
003	1359.0	3
003	1360.0	3
003	1361.0	3
003	1362.0	3
003	1363.0	3
003	1364.0	3
003	1365.0	3
003	1366.0	3
003	1367.0	3
003	1368.0	1
003	1369.0	1
003	1370.0	1
003	1371.0	3
003	1372.0	3
003	1373.0	3
003	1374.0	3
003	1375.0	1
003	1376.0	1
003	1377.0	1
003	1378.0	3
003	1379.0	3
003	1380.0	3
003	1381.0	2
003	1382.0	2
003	1383.0	0
003	1384.0	3
003	1385.0	3
003	1386.0	3
003	1387.0	3
003	1388.0	1
003	1389.0	1
