timestamp	ibi	hf-hrv	posterior_alpha	state
0	-0.11092941305045244	0.05983805732546772	-0.7487477323385489	0
1	-0.11092941305045244	0.06852433173002852	-0.7622430865941558	0
2	0.8641544127076056	0.08622170254828032	-0.8898994494960513	0
3	1.2942145795224067	0.10176019518123566	-0.9816132723947023	0
4	1.489741578934828	0.11061343014206776	-0.7636410970572036	0
5	0.9429879256497644	0.11109885282901087	-0.4572106540867443	0
6	0.39578006851289393	0.10651146300732864	-0.10241550598426435	0
7	0.2780829751090107	0.10136301963918876	0.15461524388607864	0
8	-0.307637426356406	0.09255639680925602	-0.18776877542116735	0
9	-0.23041312548361192	0.07442389370237207	-0.33987892109392026	0
10	0.31602975674494893	0.04628168639192448	-0.3525559168635917	0
11	0.08294643163937271	0.010925451646811357	-0.694074556791026	0
12	0.31650786606264353	-0.02547666503272499	-0.8279972328980605	0
13	0.3560324084469719	-0.05193623674531554	-0.7151374413139632	0
14	0.7460345667728899	-0.06363635183271507	-0.7266930362421734	0
15	0.5521570445065132	-0.06725982463931371	-0.6883966505737078	0
16	-0.14994564973912827	-0.06535011636208445	-0.47993892860884757	0
17	0.23757034013477912	-0.05277070972696536	-0.19617913063328812	0
18	0.39468041708219614	-0.03352307282897046	0.04386730390911957	0
19	0.3173206519027241	-0.019721772657589294	0.1667126556355889	0
20	-0.46182306797726247	-0.018659211444596348	0.21556893545992273	0
21	-0.9710044585919076	-0.033020371806793535	-0.00038611116610295476	0
22	-0.4670264910514971	-0.061827867191778324	0.07823205547503832	0
23	-0.5816079054017401	-0.09946698380208333	-0.1007789874061991	0
24	-0.07629123177178128	-0.12771639263957763	-0.6634133436874582	0
25	-0.6185506574705225	-0.1394668759573382	0.21768160011659182	0
26	-0.6212280696496084	-0.14207352379980748	0.5289452815959215	0
27	0.0009649430555246225	-0.1347171903832937	0.19072291592651294	0
28	0.5874662564065036	-0.12147580173899644	0.2277462020082487	0
29	1.0960181364195258	-0.1079305551808592	-0.2694452530039417	0
30	0.9823291927956461	-0.09157088322382015	-0.6584871187189328	0
31	0.5153736622102942	-0.06443406122060821	-0.6624730484920831	0
32	0.8621299939624952	-0.024206948646930366	-0.5363167676125272	0
33	0.3594429215798578	0.021598089834474362	-0.34463300251033174	0
34	-0.07101609229989236	0.0639894736260754	-0.49066258261821755	0
35	-0.9668449075279714	0.09641311549982275	-0.7481168876092741	0
36	-0.6625534904639184	0.11594554660505442	-0.5424202556731608	0
37	0.038210497692176826	0.12263688449068273	-0.6968342172202698	0
38	0.392568767595714	0.12196960014530217	-0.3209465304264606	0
39	0.12368218429519137	0.12434392327592635	0.16666197692034554	0
40	0.9360154981000578	0.1377200909738124	0.17318432203788386	0
41	1.058868203646409	0.1663941437675968	0.38602599908851815	3
42	1.2148945661403874	0.2077616000207383	1.0950971008065702	3
43	0.40225048127901825	0.2534495212700632	0.7140470003032608	3
44	-0.03104531455238115	0.29790319490670736	0.18419466612656588	2
45	0.5463400478079017	0.3386975393185665	0.12394107499045827	2
46	0.6678062363329379	0.37677015133955677	-0.6596911776519336	2
47	0.3203327406041938	0.41920241425027815	-0.9856361297946904	2
48	-0.7283987895755949	0.4741183027557211	-0.7975681653830833	2
49	-0.15783445348107725	0.5378615186910022	-0.6508341132221953	2
50	-0.11339335361312922	0.5992311720550159	-0.5448626023590895	2
51	0.23525947843259107	0.6515152422827929	-0.49877008276877355	2
52	-0.07065751031162086	0.692274342880672	-0.6354394578799191	2
53	0.9704481762509527	0.7213413749825557	-0.672583126353011	2
54	1.9871057009138011	0.7420355626426114	-0.5073943830383311	2
55	2.307397843143352	0.7566159614746295	-0.3819515422998325	2
56	1.8469685047445261	0.7617071163258345	-0.6063838195661324	2
57	0.6436210345579574	0.7560619973840411	-0.8213589812720242	2
58	1.3639485010846593	0.7488803090963313	-0.8822585611147863	2
59	1.5657387325588725	0.7615642292072708	-0.029621023799587937	2
60	1.5680495942610606	0.8114005422969065	0.5859139349848019	2
61	0.6798784966047087	0.8912353138624614	0.36609080220026274	2
62	-0.4893630034647293	0.9841918588710333	1.1799393022366949	2
63	-0.23374395373021498	1.0807679707533457	0.6771391343145785	2
64	-0.3846545465248657	1.1767879632187774	-0.7322847735962796	2
65	-0.07798851984959677	1.2782342973015863	-0.40851950881795446	2
66	-0.45967157604763786	1.3927731340400085	0.3871748106979883	2
67	0.15224208632707534	1.5038916123561972	0.028703552376187012	2
68	1.2017864023469533	1.5876850530783997	-0.04509399188996871	2
69	2.33422061465428	1.6337405501721702	0.001620092097738747	2
70	1.7332237817002536	1.6353183226753378	-0.4844105431658547	2
71	0.4912601768329681	1.5894176260869763	-0.5776201300438442	2
72	1.0898664631985262	1.4989474889514096	-0.7791719645558639	2
73	1.4456032816347497	1.3721359666066633	-0.5449702973757597	2
74	1.1041539633089517	1.2215891816257665	-0.3105234857597439	2
75	0.2903225736419799	1.062875967193643	-0.6335630755361344	2
76	-0.1455231385504581	0.910666539971054	-0.621445868018283	2
77	0.19430060809518318	0.7792713177708106	0.018765239733624837	2
78	0.2767123950649549	0.6757491586842724	-0.0006218359898398989	2
79	-0.22220558219652745	0.5935800833742021	-0.24207417398546996	2
80	-0.49953876344298076	0.5286047542638825	0.7444790483679649	2
81	0.03444937105964583	0.49877673495840585	0.6588099752942013	2
82	0.312515653259897	0.5100360712344452	-0.6295123383034914	2
83	0.9705278611372333	0.5461380236109322	-0.8118500663032004	2
84	0.2129787454397649	0.6095764592498105	-0.8368879496657265	2
85	-0.14607296426580701	0.7045485620252244	-1.0791069004952696	2
86	-0.036846374273735646	0.81860822265189	-0.9404127342030424	2
87	0.6565467619012434	0.9427917230425663	-0.601258490969399	2
88	0.9376888807119879	1.0754913852648316	-0.45808459197420315	2
89	-0.1324627856887798	1.2082763859651815	-0.5382150927415177	2
90	-0.22886723868973352	1.329051595052558	-0.5233914524678327	2
91	0.2686164106186672	1.4300917298327822	-0.6114907941656089	2
92	0.9302144383787077	1.5033174266220677	-0.8039058363598486	2
93	1.2494308346434442	1.540315389160714	-0.7286346090134943	2
94	0.21975992926238755	1.5370945592345588	-0.22173228147287977	2
95	1.2350716181353707	1.4946306296159684	0.7475999134508796	2
96	1.6386680180610524	1.4181348771302489	0.9021649548898553	2
97	1.4545917368073986	1.3167592510011918	-0.026560238684180948	2
98	0.41609174602626536	1.204265821830531	-0.6267550969086457	2
99	0.012088953180536842	1.099337394562419	-0.5461719525043093	2
100	0.27241737969433416	1.0100900116807103	-0.23769425989674517	2
101	0.814103074211841	0.9317595794390776	-0.3044673954928852	2
102	0.404075265174881	0.86272652398919	-0.6897789945841949	2
103	-0.44696980517423107	0.7993264862089097	-0.01511876297126831	2
104	-0.19693666596811055	0.7409402172223449	0.4544617149485072	2
105	0.535853516773154	0.6970920471036235	-0.08885856937195909	2
106	1.1254625406891403	0.6640569774965558	-0.46317566975996144	2
107	1.520508752316725	0.629246829352457	-0.24149393325870322	2
108	0.6111565730982447	0.5898647037912121	-0.3371500030445441	2
109	1.0877309082461586	0.5491615974939115	-0.569529549710609	2
110	1.2900470599698397	0.509955112946856	-0.06830675102141885	2
111	1.4090430170201245	0.4702504658872582	0.33785604514845813	2
112	0.9913654589000639	0.4283481162875387	-0.0999814020879962	2
113	-0.04981194406016407	0.3871628167457986	-0.5430548435985633	2
114	0.3080293941622053	0.35588112380897885	0.3277990166366136	2
115	0.12610460483817618	0.3450204597935069	0.20542258239283334	2
116	0.236096169738555	0.3570559686378965	-0.8010455473459577	2
117	-0.48638278871776486	0.3882915106400806	-0.8862717852077053	2
118	0.2211313480947355	0.43262542282271677	-0.3762022292778992	2
119	0.31515322299584253	0.47942299244164355	-0.19316411501578803	2
120	0.5077637555703318	0.5172856291705056	0.31120591489988475	2
121	-0.6316357545863805	0.5393150169378945	0.36410370614532434	2
122	-0.35528185865290546	0.5429972304801443	-0.3840013290857804	2
123	-0.30944627327501395	0.529929672026009	-0.6007738850080611	2
124	-0.3847023574566345	0.5196117108235397	-0.5556446897836872	2
125	-1.1487856338292466	0.5236982954024714	-0.4345473888874549	2
126	-0.9399583881080217	0.5294507608789322	0.018148167035076705	2
127	-1.581515666968051	0.5331418198860689	0.28129792047059254	2
128	-1.6366664155523447	0.5433548176979777	-0.2979113611870132	2
129	-1.637678413608131	0.577025348924936	-0.71563819088846	2
130	-1.3331479418852363	0.6627461513722313	-0.8456400246005403	2
131	-1.248807780667425	0.7944537313246448	-0.8612353246370045	2
132	-1.7413908094694586	0.9336632788299051	-0.8831540535706578	2
133	-1.7169187421038676	1.056415346734686	-0.8340292776049835	2
134	-1.1073159414313445	1.1485071314947344	0.23958061171741749	2
135	0.16451439760287015	1.2019826602146515	0.6101626128354912	2
136	0.9221025169551543	1.2151184747687922	-0.36775856804328233	2
137	-0.007721548337546571	1.193602505715278	-0.8382175360474191	2
138	-0.30083233706789353	1.1534454537695193	-0.8106953204384003	2
139	0.10946640058242016	1.1057238918320493	-0.5454088535277822	2
140	0.3874689348736477	1.0444942663815453	-0.5993811133181418	2
141	-0.28839352631922277	0.964347499216793	-0.30942108258258644	2
142	-0.7261516757824283	0.8712144050257806	-0.18769129469834303	2
143	-0.055181866607311524	0.7849275178030051	-0.48440783494132184	2
144	0.1549593409493015	0.7162841688735081	-0.4028656275819988	2
145	0.8436988797653905	0.654907872989284	-0.4613111594015535	2
146	0.1055769393435411	0.5935525036212899	-0.5458323239700561	2
147	0.044537477662994734	0.5334352887751155	-0.46097277862793684	2
148	0.3088342115136466	0.4814324500485678	-0.3916593395152621	2
149	0.8099275861706455	0.4426470872237883	-0.41688046342357954	2
150	0.2566548703994076	0.4097694705885838	-0.2767513008190768	2
151	-0.5570330864722729	0.3743551874067553	-0.4856106474093639	2
152	-0.013768792418081504	0.33979476895939903	0.5622965341977886	2
153	0.11792893550561002	0.323831289646494	1.6921316064412812	2
154	0.12156256632008292	0.3448584520413396	0.6349917448916204	2
155	-0.5600451751737404	0.39878722865825805	0.08098670834565294	2
156	0.28862612435244783	0.46961384296710446	0.7460616837063588	2
157	0.6198430644913051	0.5476783178862911	0.12492513178816612	2
158	0.7811605034344337	0.6304619740827136	-0.6452167429210944	2
159	-0.3867271923564931	0.7224984553604014	-0.12772455631466298	2
160	-0.27444783243151966	0.8450189932435266	0.0661729186130443	2
161	-0.4206570169355115	1.009336901108527	-0.19329770452588638	2
162	-0.9551152922672107	1.1966482572087944	-0.322361046574683	2
163	-1.6157331959259722	1.386409547571169	-0.30966734712002425	2
164	-1.4487015118481148	1.563781896793378	-0.6965816426797158	2
165	-0.8376086038021107	1.715041844389586	-0.5379548339989042	2
166	0.467801785099739	1.8288523514201636	-0.2525158653464318	2
167	0.5880479560763665	1.8976958210225536	-0.3559248660517172	2
168	-0.20234014004633014	1.9192126606816564	-0.3496613523832382	2
169	0.6758472801471181	1.8969154191435502	-0.42419458044215336	2
170	0.25500539325335875	1.847440724550831	-0.5416089733760261	2
171	-0.4404675184536036	1.7956047617257427	-0.54019301845707	2
172	0.06339176054569111	1.7378562198744132	-0.44099953550073606	2
173	0.5728759537282083	1.659295128769103	-0.5331424367518502	2
174	0.024958062315139886	1.5633416012109445	-0.6026389820057657	2
175	0.6830189199125155	1.4589065015175129	1.926299596280479	2
176	0.632576709319228	1.3614002964274867	2.105424433926234	2
177	0.4036369983003333	1.299171292561652	-0.45588290400340536	2
178	-0.4338217989376589	1.2852701271757516	0.0308951174949848	2
179	-0.08809256343020484	1.302474133933208	0.34756718615061316	2
180	0.4911096143373231	1.338330402402367	-0.46527370058838086	2
181	1.228043411165256	1.3878468886558994	-0.3654405278778728	2
182	0.9540800618202626	1.434757219596825	0.1921754193188123	2
183	0.49081394146978746	1.4617596988497081	-0.18356448217353735	2
184	1.8283071431654871	1.4637410823194836	-0.5500216157884413	2
185	2.2194559250655903	1.4442720680469607	0.41069485062508665	2
186	1.781210859007774	1.4126874621643308	0.39840149301408284	2
187	0.7856060813006994	1.3844245122975898	-0.6899162817384787	2
188	0.859882880169333	1.3738591224847942	-0.7993811970992445	2
189	1.2027187155164505	1.385014384100492	-0.15982142749022404	2
190	1.2537895979230862	1.422076525959687	-0.0784703152439531	2
191	-0.09759267945166394	1.4878642767758734	-0.38505233988413895	2
192	-0.0018080909871031913	1.5694881782703296	-0.40022793253583866	2
193	0.6804371295969824	1.6491063981273453	-0.7268317607888383	2
194	0.8582015290687767	1.714460674651503	-0.9110630489992305	2
195	0.6015147018580851	1.7568754336135426	-0.6744455911270316	2
196	-0.009952725153453983	1.7706367381737547	-0.3696266643047469	2
197	0.9410285162355136	1.7536364602291457	-0.6213479574273051	2
198	2.2199428416601905	1.708639835106246	-0.6479964572149579	2
199	2.3092624694823596	1.6462854128658497	-0.11833012463105164	2
200	1.2230933021505426	1.5879760163372467	-0.19053625248334433	2
201	1.7021148020956254	1.5434126075195254	-0.6501337795459533	2
202	1.8743968813912006	1.5035846119748661	-0.5796851233810845	2
203	1.6184112811797842	1.4642773131964846	-0.3866309367366731	2
204	0.25798476921205926	1.4281981244993103	-0.051178000568842155	2
205	1.0989991899547693	1.4011497194780975	-0.0402038831782243	2
206	1.0256307987897582	1.3969202787494708	-0.6934404300102059	2
207	1.4701630023752608	1.4299469847343111	-0.7261729687934297	2
208	0.6286314686599624	1.494578075333324	-0.5543568800020265	2
209	0.3286359057548094	1.5736580658449784	-0.6752261164906924	2
210	0.6538932551880473	1.6592338921708432	-0.4330630162283506	2
211	1.230194903094887	1.749317797836129	-0.36527503509916087	2
212	0.8063409274996537	1.8348042626277627	-0.3063209516652728	2
213	0.07547115051780694	1.9075282289643984	-0.4691494905952648	2
214	1.3148705796233768	1.9669284604565274	-0.0786031726802031	2
215	1.858635210884551	2.0109402005288426	-0.06369502002569628	2
216	1.2827072431549345	2.0393197802505267	-0.7845303421728631	2
217	-0.01538807318617021	2.059685136652332	-0.36061319292102756	2
218	0.075551674192371	2.090848083416214	-0.18474980214636025	2
219	0.4560394570961745	2.1316679700609433	-0.3681462281361955	2
220	1.2203936620821707	2.1613201640789037	-0.3560198228544586	2
221	1.6660485837759538	2.168009051900185	-0.14797531764075292	2
222	0.7146689179555807	2.144480204707591	-0.4130001507729392	2
223	1.4527120122794177	2.0895876964406157	-0.8557830588039693	2
224	2.2362065269504092	2.0150933536715443	-0.7433892552574165	2
225	2.3463645913237055	1.9306695203114932	-0.4732778030758978	2
226	0.6713744416618138	1.8292355450833409	-0.2653039859167837	2
227	0.2550532041851189	1.7081434935434108	-0.34819690844989765	2
228	0.5371284749536657	1.584621897179569	-0.5529680119988449	2
229	0.5515992503025358	1.4850464232687184	-0.7754882300410132	2
230	0.2907130295847632	1.4203500240685678	0.23525722295951457	2
231	-0.39276730673668514	1.3929098212499826	0.15706191525909166	2
232	0.6173417978503383	1.3992237541735792	-0.8066787442334902	2
233	1.1903197472109115	1.4181216427007854	-0.8173649535617005	2
234	2.0354282935320085	1.4306659943387086	-0.8457443768732545	2
235	1.927356295602727	1.4318747929443911	0.001517247540547002	2
236	1.6221245968805442	1.4294674348812446	0.7394001541245854	2
237	1.830425922352312	1.418842123058513	-0.031137404831407183	2
238	0.055835116961230134	1.384992960792639	-0.7400114227788261	2
239	0.37436077108020277	1.329488148741955	-0.6811221164794846	2
240	0.6183609256064568	1.2720161034947388	-0.06758431546452322	2
241	1.0016058055756376	1.2355136426378772	0.2525625514369337	2
242	0.7605133106103951	1.2219191249465098	-0.34161194204420103	2
243	-0.18207627346474492	1.2251640894798286	-0.46746332721997286	2
244	-0.007338222095097486	1.2515985296517622	-0.4952471876186103	2
245	0.4129290948291463	1.3056389089518887	-0.1251491220263494	2
246	0.9171620540056622	1.370580006647784	0.057225193038129084	2
247	0.534067736532122	1.4246094494798485	-0.2983566497793132	2
248	0.32687486976797897	1.4592683975053247	-0.50575006442155	2
249	1.2821033155957595	1.4772861955067045	-0.5240415489346257	2
250	1.853025394890274	1.4900555972433707	-0.6093623078670152	2
251	1.2871695967867622	1.4955160265728584	-0.6353032582270282	2
252	0.735977495335763	1.4818851101791959	-0.6915854200190977	2
253	1.4867861084420455	1.4469738502032987	-0.8119213441854183	2
254	1.4177207011362707	1.391874687741137	-0.34391277393625275	2
255	0.41077592532295054	1.3172575417838228	0.2073872427991627	2
256	0.09669207452307348	1.2250114141584556	-0.06002207885990883	2
257	0.8976631623323714	1.12054545756736	-0.40107367077283546	2
258	1.1648197448122681	1.013334087385415	0.32039256744369926	2
259	1.1771071542770126	0.9218114458203029	0.40186251088814456	2
260	0.6586814780653211	0.86088910997422	-0.33358856931816766	2
261	0.9259672339398557	0.8181906138678822	-0.40930081159840953	2
262	1.682831059615291	0.7747482492066712	-0.2081517597647428	2
263	1.3173550704988053	0.7253271466373361	-0.4456020129149169	2
264	0.40642513053189777	0.6713583836431344	0.5035348770108344	2
265	0.4301091563116162	0.6226209837058694	0.5776590461314558	2
266	0.9890554359861723	0.5858958399797144	-0.4864032977558857	2
267	1.1316540563532782	0.5540546057069685	-0.4752973057626233	2
268	0.06597984177328581	0.5232553250670419	-0.6080153185813474	2
269	0.18907327955506742	0.5031021328567042	-0.5182335552353371	2
270	0.49535681877616633	0.499206873872959	-0.5651355809937594	2
271	0.5494477583729112	0.5173703458385226	-0.581905391078253	2
272	-0.4087051227814169	0.5703425850700654	-0.2754289794912719	2
273	-0.6125583540220906	0.6503074559296935	-0.3176137181865531	2
274	-0.067445370606151	0.7397440183623412	-0.36521817838891957	2
275	0.555759640154762	0.8335117320384205	-0.2803067218509885	2
276	0.77520804242914	0.9339362732778198	0.9803208630259098	2
277	0.15895071496376897	1.064303586170852	0.7454183701290481	2
278	1.2281717457716346	1.249342115845249	-0.6673903369723478	2
279	0.8518418363551462	1.4737354756927021	0.16427980744403162	2
280	0.12470928053993625	1.7076382888680934	0.3998045138007636	2
281	-0.3598884838683166	1.932210474073547	-0.03176783641812729	2
282	0.16616387474888428	2.1298166181570735	0.2920190374102693	2
283	1.010387918832227	2.2844948021142097	0.20003492849631788	2
284	0.8019502902655019	2.383340332738626	-0.12414866710114118	2
285	0.5283463616970677	2.417765285375616	-0.33473472842582125	2
286	2.2431965690538984	2.38446265474388	-0.07630633981272354	2
287	2.534010755482806	2.28599446250419	-0.15079478704557636	2
288	1.5516089246444285	2.13101301207621	-0.8137172296872015	2
289	1.4530617869907774	1.9342756049188863	-0.6504030064585907	2
290	1.6715149669749156	1.7168645875672415	1.4473790949398093	2
291	1.5014154147751826	1.5073959914034727	2.0783722783914396	2
292	0.570475761074503	1.3530932957382158	0.030194669842788617	2
293	-0.44344857198886445	1.3186901669756128	-0.7895737419048964	2
294	-0.09959109252073253	1.394924688348277	-0.6878687144546898	2
295	0.5876184964786959	1.517274111317503	-0.697093532217893	2
296	1.4748891549200842	1.6526127105723412	-0.5233314331264044	2
297	1.3820130648048663	1.7811400010133605	-0.10061095798194038	2
298	1.5562163886481297	1.8898940681821315	0.09766920802106015	2
299	1.9719655725201504	1.9737908878092087	-0.26867978097900796	2
300	2.255067939533457	2.039013341554594	-0.6009508986981306	2
301	0.7668943924250043	2.0845539398056996	0.07412781283624395	2
302	1.366100831802576	2.099433644526556	0.6121997268957037	2
303	1.8519257434595762	2.0809337282866975	0.44572687500072034	2
304	1.4406460429197043	2.0330460980509075	-0.19136593186593495	2
305	0.20150244423847988	1.9625351460763811	-0.2993870468935488	2
306	0.8548396656559757	1.8759691935136726	-0.3613910040096341	2
307	0.7201680138973597	1.7811511018293027	-0.8366144920113434	2
308	0.707976226296155	1.694337693644423	-0.8199763125641252	2
309	-0.3545823092302015	1.642303171346676	-0.6274463228867592	2
310	0.16035484653890347	1.6263959646263233	-0.36112143246160805	2
311	1.1885993924554938	1.6277346350781836	-0.5767825650660906	2
312	1.1820635542037747	1.6476542744761598	-0.798956191212926	2
313	0.22529719007074647	1.679648650781714	-0.44291963196624284	2
314	0.6730583091272443	1.6989954290391616	-0.2304634202504229	2
315	1.1836740276949753	1.6869713621581643	-0.388236898942965	2
316	1.8747164597246195	1.6332800766185576	-0.4782358368401471	2
317	0.6397307345308036	1.5333463014769224	-0.5153594453183125	2
318	0.9904180475416126	1.3883533700591977	-0.5864854122888875	2
319	1.1304109721272781	1.205274919022026	-0.6856424383517415	2
320	0.40696698775866375	0.9967341385350751	-0.10576349727329155	2
321	0.283039375035775	0.7812186784932446	0.05858745696437123	2
322	0.42408497890866165	0.5882578136622798	-0.5229536914293704	2
323	0.5804300809477756	0.4587566687377215	-0.5538784112542448	2
324	-0.32231705998619037	0.4120502502543963	-0.6961952212174862	2
325	-0.094562976196327	0.42231246062470895	-0.7691061753336286	2
326	0.25463171307611154	0.45833453696037796	-0.5115444559725351	2
327	0.3874290924305074	0.5069756984066802	-0.6380117995418199	2
328	-0.11561740072870892	0.5591071904002824	-0.464086396547496	2
329	0.2856698150713863	0.6083629011973575	-0.5425918141926735	2
330	0.4264516200312557	0.654707556580732	-0.760636192751413	2
331	-0.22204705121225612	0.7104323823801727	-0.1982886090441889	2
332	0.022273520435706788	0.7922574254000216	-0.25988021611074436	2
333	0.22561760719242496	0.8917058925363643	-0.7411367719638834	2
334	0.49393045931171103	0.9828658294512085	-0.811784520839275	2
335	1.0225637694561573	1.0501111873682198	-0.5214265690333605	2
336	-0.06934438726455523	1.0875090271701595	-0.24791391350926587	2
337	0.3213216719823891	1.0957356755727055	-0.3932830991496271	2
338	0.647398936956031	1.0815477212137312	-0.7262637550787742	2
339	0.5232784029295046	1.0584833453067344	-0.9047954644218609	2
340	-0.2517464471179587	1.0474223058968617	-0.673383573091898	2
341	0.5647648710929839	1.0750502539933586	-0.16379874894289517	2
342	1.2118195683181927	1.1458981093611207	-0.09836754789905208	2
343	1.509878788486669	1.2345638272729318	0.5245147147108832	2
344	0.5108458830928716	1.3195189740164304	1.8944891858952986	2
345	0.8342004413205351	1.3926455841668208	1.0511024221090572	2
346	0.31917647096481744	1.4525190629964906	-0.5329216828462298	2
347	-0.26711766168182716	1.502804550869864	-0.6635594705765293	2
348	-0.3811324745511831	1.553952511943209	-0.6713842250758321	2
349	0.48504643327949426	1.619823148236609	-0.11082949386892334	2
350	1.2778640796455685	1.693106103571623	0.09254714066491955	2
351	1.333484130270632	1.7532689091834586	-0.4401295516909017	2
352	0.02678116863442279	1.7912861416092731	0.3941411810898769	2
353	0.5792993943508494	1.8052486264355958	0.4698433148519578	2
354	1.246570986014219	1.798046396354941	-0.3689725892862207	2
355	1.4032100833442602	1.7776728894285214	0.08420814276828419	2
356	0.43250599381210747	1.7630019204985978	0.44281384550778785	2
357	1.0087623471520462	1.7872024410073775	0.15406077745618058	2
358	1.8210637870023878	1.858030880741299	-0.48756851453457944	2
359	2.4606679473602475	1.955795169657341	-0.7834821121671014	2
360	0.69463362117935	2.068789104012451	-0.4703432959736583	2
361	0.660276014579256	2.1882937286717286	-0.5295094949372666	2
362	0.705099601901361	2.3038261869993204	0.22982235152189806	2
363	1.142492039675974	2.4038260964244014	0.11546389217732289	2
364	0.3082667712444565	2.476259683683169	-0.8658314311698082	2
365	0.5283950114171221	2.509211844152672	-0.35407815063041753	2
366	1.5648001284773203	2.493286182503887	-0.03432847720532833	2
367	2.2612602939858744	2.424058900441792	-0.2776317679404214	2
368	0.6470290313259105	2.3034484436571803	-0.27932697952229535	2
369	1.1634181296020185	2.1408351737821927	-0.2931388110412185	2
370	0.8908165530241496	1.9567055579960841	-0.43908501409176376	2
371	0.06914333175872732	1.7733207519442085	0.7822496798557255	2
372	-0.1402719045444525	1.6003758937515884	0.8657806747740342	2
373	0.3898523517617756	1.437506461524093	0.49876636520205925	2
374	0.6149265070076876	1.2818624057909578	0.31124999896187144	2
375	1.0631560893166825	1.1341056250804542	-0.7030085853215514	2
376	1.3516610916199168	1.0005858675273063	-0.6151102747019103	2
377	0.43402797514010694	0.8789374100377328	-0.5385672879587257	2
378	1.3305613725206664	0.7536412033360711	-0.5574761327675639	2
379	0.9786867547042483	0.6183505119349474	0.07333235357465509	2
380	0.18498376731219687	0.48328353254788625	0.06926320534460886	2
381	-0.5997618000734709	0.3546138428100918	-0.5105409567560181	2
382	-0.6603223136480132	0.24027765960062872	-0.6035359687067388	2
383	-0.9126742830449416	0.1676655547870265	-0.38136890460031375	2
384	-0.7537704573678945	0.14945711017725682	-0.6203074760141066	2
385	-0.7024764572796565	0.16495690705034907	-0.6760304822092393	2
386	-0.5553110541402776	0.1944063223980135	-0.3377003745311599	2
387	-0.8311868407560494	0.23490403958579914	-0.4485057590342269	2
388	-0.4596787057479786	0.28555108213699315	-0.7115589232023413	2
389	-0.8937889649960254	0.3430435407891557	-0.6752920062054415	2
390	-0.43005899472852627	0.41237208100054396	-0.46099152210006195	2
391	0.6569468639092633	0.5155277275545661	0.07353164955296328	2
392	1.322727509410816	0.6690425069232053	0.9807708135314517	2
393	1.552431356549724	0.8584596785853987	1.3815260813123138	2
394	0.8487970349108422	1.0586335393640558	0.28945813052878716	2
395	-0.18461109163680559	1.2525197201586997	-0.6807903807061972	2
396	-0.05369972772245457	1.4276670913878016	-0.3507109169091721	2
397	0.18081792533620328	1.5748743974836394	-0.18981581780581708	2
398	1.0980199046417607	1.6889396062891027	-0.4434652308081453	2
399	1.3567210818988538	1.770156060959447	-0.5353887013475224	2
400	0.4028783143040614	1.8275202033394367	0.36080702252111013	2
401	0.8197296659716651	1.8758471617312067	0.05356774618557339	2
402	1.1515442427576357	1.9237211192599133	-0.4899671651902204	2
403	0.4592889228798888	1.9731268969658142	1.216633184916323	2
404	-0.21478775807195621	2.018645258041367	3.877722507789829	3
405	-0.4487547466269622	2.0448934193650974	3.512080443350925	3
406	-0.8593881607996662	2.0368084885751445	1.2011400553031495	2
407	-0.07012991248562317	1.985044525855296	0.2767919932750088	2
408	1.008109769872845	1.8859637574536632	-0.4620574683739487	2
409	0.16699804968999143	1.7409614342404494	-0.32747904113941173	2
410	-0.16837760272451868	1.5550188370412146	-0.2530335238060314	2
411	0.38204323290609205	1.3366605911730325	-0.0018129113779331435	2
412	0.3626781279629189	1.0982222396530665	0.11064370438608016	2
413	0.03382699015835269	0.8547411955413465	0.08221076867210778	2
414	-0.42535926401446683	0.620859992222496	0.45660603935272265	2
415	0.21525941076401447	0.40733621835515854	-0.009351253842673556	2
416	0.3137268635313894	0.22621558499619399	-0.14700237249761075	2
417	0.7106066663317772	0.0968146689856516	0.900603150432528	2
418	-0.004128598754523463	0.024189668144698938	0.505077028757465	2
419	1.070520650385787	-0.0002841811892032625	-0.8298556416050197	2
420	0.8910635761716265	0.021193450621949054	-0.5770358194485706	2
421	1.007343117387962	0.08521191152689557	-0.22096384324749796	2
422	-0.0514551302941578	0.18246958368522956	-0.4309696534880287	2
423	0.2766813598987265	0.31193465399461295	-0.1615540307961749	2
424	-0.07592552008316687	0.47639715130228744	-0.25382269800574914	2
425	-0.3272965265905415	0.6603615708921594	-0.4969885298380542	2
426	-0.9545981792946787	0.8413118233117428	0.2189362160417842	2
427	-0.7979725025769876	1.003770019618465	0.5493313580217829	2
428	-0.31361295403928663	1.1362461482342072	-0.1248871966297147	2
429	0.4799784745119701	1.2303055191366543	-0.687335734355318	2
430	0.19484162653359413	1.2809344192444991	-0.49129968727746354	2
431	-0.1603533346759048	1.286834850084513	-0.19159430885294057	2
432	1.1282221541193418	1.2503308701760902	-0.08064085835274235	2
433	1.7544216390279115	1.176861284645217	0.296385977554108	2
434	1.5531078392948432	1.0741838975751157	0.08017145537772433	2
435	0.28169815258135467	0.9515322718220847	-0.11989534973770474	2
436	0.4100524704343502	0.8193700480579854	1.7725053771963457	2
437	0.4699365012638167	0.6905208167554591	1.5350939751978208	2
438	0.4377987478378593	0.5782501281356707	-0.6276929455826055	2
439	-0.5982008150906211	0.4922212423503261	-0.8447745257639938	2
440	-0.30785970524969447	0.43155237135637126	-0.8076677889631451	2
441	-0.5184966366778433	0.39192504020314034	-0.8819066459378148	2
442	-0.2939785980593201	0.38617713869436854	-0.7025685175448882	2
443	-0.5895294218864953	0.41024957307438653	-0.5959671203742184	2
444	0.26787701875286635	0.44070945138410583	-0.13921993299083607	2
445	0.7116903807851962	0.4681434832863267	-0.09253383377676833	2
446	0.46268433782384016	0.4902635530530581	-0.6331584186333988	2
447	-0.4541909334479597	0.5113798964671724	-0.7222678480230007	2
448	-0.3653779337448742	0.5311548716701848	-0.008267202484582287	2
449	-0.5607145282185124	0.5422175510053816	0.29138296667051883	2
450	-0.9728141442988076	0.542184400582865	-0.4571003399396227	2
451	-1.402763174906347	0.5365906257288242	-0.7265139757470737	2
452	-0.803198992328833	0.5405259043870169	-0.7916775555371297	2
453	-0.06415354601438315	0.5573636714962885	-0.9216281020614866	2
454	1.1397844311189755	0.5781084576550848	-0.8657522630829964	2
455	1.3972018429185713	0.61081395309131	-0.964178421764364	2
456	0.4894894947809141	0.6589376222305338	-0.949510297468242	2
457	0.0051555292856871405	0.7105446730943276	-0.6053369375277713	2
458	0.0006382350217649455	0.7597247625040827	-0.6035093233558896	2
459	0.11061386294488676	0.8097319708658242	-0.7510657030039388	2
460	-0.6226082957588509	0.8712779187212862	-0.16586951542893585	2
461	-0.6994165576464159	0.9533495594792718	0.16408877152752466	2
462	-1.0182034943135208	1.0660184913080042	-0.20230260586572602	2
463	-1.6178695896666362	1.2132296637398934	-0.4085833972948802	2
464	-1.535153322552406	1.379769050683688	-0.5606622489847793	2
465	-1.0602364330391632	1.5497183391935845	-0.7146535084011629	2
466	0.22644087788605594	1.7193793420820505	-0.4890011070855044	2
467	1.4175558792399854	1.8979572458454252	-0.10599945072761803	2
468	1.0691068727453876	2.0746128360341847	-0.2562355063471684	2
469	2.647519779021427	2.220127726959579	-0.4191403511640214	2
470	3.172635630527625	2.3174037144687847	-0.19463920739935017	2
471	3.5988474399685404	2.3548168263352327	-0.5663662585420248	2
472	3.5693623544674997	2.325771673378607	-0.8890852878138767	2
473	1.4065358788611562	2.2291476889251065	-0.7654845260083	2
474	1.4597083452950077	2.069270818038131	-0.5744802747051972	2
475	1.5251782866528745	1.8554342035762232	-0.3247128004929058	2
476	1.175863231262712	1.6011990403518006	-0.611806854593107	2
477	0.18487933817172997	1.3239841412526714	-0.8310460196193704	2
478	0.4354010715490521	1.0469026314363983	-0.690454935390252	2
479	0.579266681608052	0.8015920262066567	-0.4368210917084137	2
480	0.4495841425190107	0.5997851498702189	-0.0981805254644427	2
481	0.1874309321093441	0.42711609813317036	-0.08532053969123266	2
482	0.7248392258100584	0.2819491627851302	-0.4581166008186146	2
483	0.82141814677256	0.19006708211661627	-0.870212829127765	2
484	1.071977206228146	0.1673771461462136	-0.5465003896517472	2
485	0.1475062877170305	0.18532601843625113	-0.313250910180488	2
486	0.3604398214466729	0.21367085358801124	-0.39862092063889254	2
487	0.360000715783833	0.24655155120862488	-0.1933929723384329	2
488	0.2504872602011488	0.28781995079822836	-0.11284189094096547	2
489	0.20363967676747077	0.3566935048068257	-0.4044014132435277	2
490	0.8685064624416771	0.46477139567808645	0.84670345497089	2
491	1.0481107439982946	0.6037902035585399	0.8074320482693057	2
492	0.7783706936262611	0.7683150908463304	-0.09176872496492251	2
493	-0.1674469671316426	0.9461909412665994	1.0805387574253433	2
494	0.08227791738290582	1.1171370445649307	1.2340447979032867	2
495	0.2621938087843095	1.268967840300349	0.6584341237988436	2
496	0.9809363848622586	1.4006038955028808	-0.1376855456124228	2
497	-0.06471553415977983	1.5105474636502727	-0.6602895265170653	2
498	0.4412189070359535	1.5882456280963242	-0.4818757526488484	2
499	1.3906534228427418	1.6244817297555765	-0.6017583370682911	2
500	2.683872024143389	1.6163080665007783	-0.15871533767977902	2
501	1.6955454123128189	1.5666987180344194	0.14919197090904276	2
502	1.743559750239365	1.4836096944743247	-0.17263092490689413	2
503	2.1144614413234084	1.3772235181511632	-0.3034931293738399	2
504	1.9790327831451113	1.263692230174339	-0.7700234578240214	2
505	1.748523279866457	1.163603497623277	-0.9805531445206911	2
506	2.320619243354174	1.0821730386552135	-0.8689847596872983	2
507	2.669526228247703	1.016058631576769	-0.7118393632023747	2
508	2.1058609257286727	0.9672236839942249	-0.2734294580798765	2
509	1.9320417669161334	0.9334017082014485	-0.31176911701952176	2
510	1.6746298072402745	0.9134606218352672	-0.7439757104292558	2
511	0.24502549033762955	0.9167927956606461	-0.5383382802408303	2
512	-0.7230456427940074	0.9537183557509886	-0.22962172207745632	2
513	-1.2018574456698707	1.0181688070292576	-0.511956382129194	2
514	-0.6866334243101225	1.085148922860292	-0.5303377647003272	2
515	0.49872203734207504	1.128645094322086	0.14365919902540092	2
516	2.309330411332887	1.1339542514087133	0.020081764837340033	2
517	2.121503907694211	1.095136774889132	-0.5683407952342336	2
518	2.216172907750754	1.013436806084306	-0.7646256872016121	2
519	2.8970165131245578	0.896988549745999	-0.8931000786415876	2
520	2.6957735910008167	0.7629945911073882	-0.8472332040932107	2
521	2.173379607452275	0.646077781934923	-0.618795711267106	2
522	1.5562864274691497	0.5659380323600405	0.02609333903808234	2
523	1.0706447910506571	0.5020164758681563	1.1168335661407036	2
524	-0.02707155509185254	0.4341986498035454	1.0919787911838128	2
525	-0.18701589762596008	0.35898560204138474	0.5792697763218746	2
526	-0.15628059819857468	0.27749895117980306	0.270835972020932	2
527	-0.22190277962866192	0.1948117201762292	-0.47770319742705775	2
528	-0.02091652671761936	0.12209707493572154	-0.016170547945654656	2
529	-0.4841365137129143	0.07011059594657115	1.0955667589911862	3
530	0.3289332561988576	0.0405276941526674	0.6426877002156828	3
531	1.0619935287652726	0.03554335459793412	-0.3649517421370992	0
532	1.4169167225731127	0.043422033411833955	-0.6360163166723533	0
533	0.8930867334948857	0.04145097130386695	0.06615942824261747	0
534	0.19801224621936117	0.018747883884001205	0.6057171398607012	0
535	0.6789877034549294	-0.029114429351860812	0.02053594850370524	0
536	0.5032527522184669	-0.1018025140129908	0.536801443934204	0
537	0.47341076230572615	-0.19500818226220235	1.886563058814388	3
538	-0.08363188737495036	-0.3007360505565104	1.4479081450456135	3
539	-0.7786266897641877	-0.40686094177344356	0.2662058140014413	0
540	-0.6817973905010908	-0.49766493462251143	0.27096889628009935	0
541	-0.7299048339263243	-0.5573173623730842	-0.038140008280090405	0
542	-0.6341609266932263	-0.5910720785235585	-0.4629160903444459	0
543	-0.7255540391353041	-0.6134931524073403	-0.6191451257419105	0
544	-0.9471149296844693	-0.6270280311654177	-0.7459719169354859	0
545	-0.7992793347120176	-0.6308810108938683	-0.6683019408911354	0
546	-0.49959370407507947	-0.6181662845645183	-0.8840167804263926	0
547	-0.1521600507894844	-0.580248145322401	-0.8669511799464432	0
548	-0.42562222413919637	-0.523739083501536	-0.8336454556483274	0
549	-0.8815812404175746	-0.466288978168599	-0.6405334290864475	0
550	-0.5867865842217647	-0.4197079077883115	0.7292968821582342	3
551	-0.26534697962979487	-0.39008772081878035	1.1401362274489053	3
552	0.012639617684164824	-0.3809272230592379	1.2278534126269216	3
553	-0.8240168785671864	-0.3934847746599151	0.8997220532463784	3
554	-0.8992943518498552	-0.4268052101918821	-0.3036671966734666	0
555	-0.8948877776384399	-0.4776070972457209	-0.6558102811971106	0
556	-0.7215291135897753	-0.5396367177580296	-0.8430899606241762	0
557	-1.184709258141932	-0.6013315627294626	-0.695625323188344	0
558	-1.073456994461684	-0.6534702371488519	-0.48859949038722983	0
559	-0.8087299622250976	-0.6948271329765516	-0.47937702887639916	0
560	-0.11944772739399838	-0.7237069225434585	-0.3787518763418577	0
561	0.5192958361919772	-0.7353735906997775	-0.38373506974860316	0
562	0.9715566349585603	-0.7268107381159941	-0.8399867267906486	0
563	1.0207301782833933	-0.6979568384497158	-0.9105189859757491	0
564	0.6400423443755963	-0.6518825130420072	-0.44702075203922426	0
565	0.3138933630043022	-0.5938557561879534	-0.09908347229124767	0
566	-0.6214537036960435	-0.5287002832849316	-0.3387463954433783	0
567	-0.7385108016448206	-0.46405503973127465	-0.1428181303708852	0
568	-0.6002063578600282	-0.4088962930995591	-0.13230551982686492	0
569	-0.4092931133633718	-0.36835966737335846	-0.7136349809331758	0
570	-0.24842190978341294	-0.3444243114149405	-0.879324805303558	0
571	-0.47215106802772366	-0.3373500549639671	-0.78796902903659	0
572	-0.7112107596044986	-0.34632079383189784	-0.48332690254515703	0
573	-0.42768438511731893	-0.3697412067297503	-0.34361389528403113	0
574	0.20031849458609347	-0.40521721951943324	0.09505590265668003	0
575	0.4505411999426963	-0.448668534596125	1.5168901798636174	3
576	-0.25134886147484764	-0.4934760172813206	1.072183001590766	3
577	-0.8306298853403641	-0.536560473976822	-0.2740633496356146	0
578	-0.8258949255186135	-0.5800780869026515	-0.49657321239337954	0
579	-0.26488396850107165	-0.6250249742417082	-0.7277363545328139	0
580	0.08465252699409362	-0.6682598735781051	-0.380201299194297	0
581	0.1560350869141138	-0.7011473180602554	-0.10637959199676227	0
582	0.19512136242388795	-0.7067574475153677	-0.3284951074115357	0
583	-0.14481478185085525	-0.6710925124441753	-0.2932913413713932	0
584	-0.5356775369485792	-0.5996102652364489	-0.2876466582818076	0
585	-1.133184171883485	-0.504404424824203	-0.4450039673911266	0
586	-1.4831031548327922	-0.39076013242646257	0.0008096797214343179	0
587	-1.3482721333016106	-0.265998063456953	0.1525375636580581	0
588	-0.843090085190044	-0.14021853777439466	-0.05183172841165627	0
589	0.3578844529617584	-0.021198581191109157	-0.17462697668461266	0
590	1.0629178734461306	0.08457851905791025	0.36602983130651756	0
591	0.8972630603243841	0.171808874416487	0.2447813114836935	0
592	0.21104072512652547	0.2365966095821071	-0.2941505232330481	0
593	-0.22220642098481086	0.27657400347879807	-0.3521986373501228	0
594	0.4179987311733393	0.29080507984670745	-0.6077234532448536	0
595	0.7530317385767611	0.2799495422934967	-0.5175128938596869	0
596	0.3739287951176667	0.24734496264701233	-0.13221147642183873	0
597	-0.40421173398338234	0.20152097992117585	0.3144722419361823	0
598	-0.19491183106823456	0.1604696717628047	0.020310048610907558	0
599	-0.35807166846108457	0.13655985001277254	-0.45816399278128056	0
600	-0.28369924772889593	0.1298773538185146	-0.7514111339639565	0
601	-0.8527034376288732	0.13714292758610439	-0.25557819929116776	0
602	-0.8653716569711797	0.14794648487813378	0.12708106544015707	0
603	-0.5814158228863706	0.1510638299654797	0.2856569365459091	0
604	0.039877589392056045	0.14183833497513876	0.2664366138519499	0
605	0.19012512005398557	0.12348913802862714	-0.28452678177577917	0
606	-0.3828951881145912	0.10803518049210735	-0.5536346335264732	0
607	0.39178240358637567	0.09960613124983175	-0.7745918867126168	0
608	0.683791863309458	0.08866106092656438	-0.845646046585152	0
609	0.8449738379459195	0.06572189320709403	-0.89288916940919	0
610	0.008317341694550949	0.025335751193708976	-0.6541841175426419	0
611	0.297798693551866	-0.03386807437926055	-0.6514667159291854	0
612	0.013873055844954175	-0.10899717428725063	-0.7010987598027599	0
613	-0.6849474598740757	-0.19232188206657927	-0.5105105573436468	0
614	-0.9486528479897193	-0.2720425136268338	-0.40528640895929163	0
615	-0.7678667137512535	-0.3374504721801582	0.21904980949402242	0
616	-0.567542684184614	-0.38256240789627155	0.3322247026852283	0
617	-0.4746682716459735	-0.40341208823653485	-0.3509032176850844	0
618	-0.9775163913777608	-0.40392228397486507	-0.7382384180848662	0
619	-0.5045492652135668	-0.3945425722482413	-0.768572504498179	0
620	-0.3574333505825279	-0.378622549404307	-0.5771275603057144	0
621	-0.4841834858563693	-0.34981882772195444	-0.5646101255790525	0
622	-0.435653712533845	-0.3065692383676182	-0.6258575953303865	0
623	-0.15265409708444685	-0.2593927129879862	-0.25644325386580186	0
624	0.3306854849088825	-0.21800880942188663	-0.17991564400889135	0
625	-0.04836251791808934	-0.18558451770157688	-0.26816964682061595	0
626	-0.4882562223336625	-0.15861414774161292	-0.11176580415280198	0
627	-0.06555600001295296	-0.1294316933831795	-0.3451098285268924	0
628	0.17476984246736538	-0.10171436763767877	-0.7691851209839962	0
629	0.6088314519953903	-0.08672149946080115	-0.691499419560107	0
630	0.25989720648279424	-0.08908280090522407	-0.5191894030262011	0
631	-0.10691581114667284	-0.10875935481663364	-0.5793871664336282	0
632	0.46109315646305404	-0.1421046835272679	-0.2878398725539828	0
633	0.6197155686732578	-0.179714941301605	-0.19298059974405096	0
634	0.4254865941189524	-0.21044173797547033	0.39843567557973314	0
635	-0.4217910586856734	-0.23806987661317583	0.2827888084373392	0
636	-0.13462853701909241	-0.27269777508882653	-0.6403130182387429	0
637	-0.10793493890279139	-0.3145962462393777	-0.7512548943635406	0
638	-0.35113111486587456	-0.3564600420068865	-0.32331631362348057	0
639	-0.9308281777166072	-0.3858675829707294	-0.12919871790794926	0
640	-0.6041419524540745	-0.3997316316555045	-0.5718903605507066	0
641	-0.3730675252711346	-0.4080578533915357	-0.6248951634552135	0
642	0.1962147229425545	-0.4209596041196977	-0.617300841705343	0
643	-0.2657160464715082	-0.443371290754146	-0.6037943284017023	0
644	-0.14374532679806987	-0.4758863529754053	-0.550776225343492	0
645	0.05680978893876566	-0.5135299887615211	-0.6408523937917685	0
646	0.08246832232167811	-0.5470825133735282	-0.7443546266480467	0
647	-0.6643568852587568	-0.5762991181469729	-0.9069816233386517	0
648	-0.9133595730669901	-0.6070386275465767	-0.9371359082080167	0
649	-1.2054273285753156	-0.6363892906425196	-0.5880513098229175	0
650	-1.5181175326535565	-0.6513948300019934	-0.605197429470314	0
651	-1.5594899256113215	-0.6496204905187195	0.4605032759833148	3
652	-1.1526088307942497	-0.637149829410015	1.1426902621728436	3
653	-1.361549312932851	-0.6061993724525616	0.6627690208357866	3
654	-1.233658844996873	-0.5511443652732166	1.0721034149234518	3
655	-0.834930352834724	-0.4828852088288087	1.0406234540173853	3
656	-0.2017320185457749	-0.41605796034211145	-0.15394527717164813	0
657	-0.11300289767034591	-0.3610493339337931	-0.3622860403639167	0
658	-0.31615657948828096	-0.3260311436976638	1.2609220140306427	3
659	0.09249435859258541	-0.3160109679690403	1.4035648314413023	3
660	0.05912778034129226	-0.3325319929010779	-0.03672519329936259	0
661	-0.7348318762634509	-0.37376426412998454	-0.6640689177774082	0
662	-1.0587559717308839	-0.4343352358667472	-0.24476558013728686	0
663	-1.1241781021569777	-0.5041089782329712	-0.4065863217493478	0
664	-1.2308866497425244	-0.5669908559267914	-0.6287505189189403	0
665	-1.2129328060748263	-0.6109215065758988	1.3576536579835397	3
666	-1.6131841183532583	-0.6372707731552772	1.403941405894625	3
667	-1.642985427034536	-0.6500833211374918	-0.5073006525957086	0
668	-1.0972102202741372	-0.6454487732109431	-0.6390176422610114	0
669	-0.30297334414406973	-0.6262558527979972	-0.2434923366042004	0
670	0.4840751164551944	-0.6063112889029098	0.25302662345002325	0
671	0.5231827810659626	-0.5942607122895196	0.5679239253962953	3
672	1.2886949332679345	-0.589446226815434	1.8930039657500513	3
673	1.4454120379076725	-0.5844405249950531	1.9787730292891614	3
674	1.1471838019014113	-0.580034565420544	1.275800491092655	3
675	-0.04767974426093882	-0.5849493490374594	0.6816204252363784	3
676	-0.06170805879382882	-0.6031548106893876	-0.38147654922024926	0
677	-0.23705968378784661	-0.6352687381309274	-0.4636342673797252	0
678	-0.37047860525523263	-0.679424591408107	-0.18678933616099214	0
679	-0.8583451275776339	-0.7314730014172371	1.0751895146346657	3
680	-0.39504377811953495	-0.7845186071025024	2.154732988965765	3
681	-0.510528148049618	-0.8283663041671753	1.354856505814213	3
682	-0.24003025246961782	-0.851465205766223	-0.05877009135226894	1
683	-0.7297471417303668	-0.855632963608396	-0.27094510951555356	1
684	-0.682092224580343	-0.8540028925473588	0.18788032595557558	1
685	-0.4921033247645423	-0.8538467741770739	-0.15456231573074244	1
686	-0.49848692294405395	-0.8561273422448819	-0.8833720466805816	1
687	-0.9411075280470769	-0.856924903022689	-1.0696976948398316	1
688	-0.6423516942147682	-0.8463329079480354	-0.9503334657586668	1
689	-0.3804622827181255	-0.8229827970073406	-0.6300130692715852	1
690	-0.11234067432591464	-0.7964502704372816	0.8728402439402513	3
691	-0.77942437741531	-0.7709110960302525	1.1628247231570603	3
692	-0.592595612431791	-0.7417048805931892	-0.3023100284903957	0
693	-0.5094595317851335	-0.7058684777207704	-0.4492255493398594	0
694	-0.4368011748963116	-0.6700911823510125	-0.42839401808410976	0
695	-0.7613979785616699	-0.641672393363974	-0.6484319509186215	0
696	-1.1858168780612564	-0.6227703527339499	-0.8248327209924348	0
697	-0.8777060385794139	-0.6106577122066991	-0.5806365067722546	0
698	-0.7160786673680486	-0.5946669153313692	0.07413105084014787	0
699	-0.9676744691336032	-0.5697499712244208	1.2831297312216294	3
700	-1.3809374845536309	-0.5436296208898951	2.2503485469522895	3
701	-1.2075930799056174	-0.5202191717366541	0.8901405278175677	3
702	-1.2020558190972868	-0.49483638367169536	0.23239964628187437	0
703	-1.5426453794395276	-0.46516738328230267	0.08039273817791896	0
704	-1.6320765661024825	-0.43701895592317436	-0.433545737478469	0
705	-1.6041939856040035	-0.4165986057314222	-0.1696530174367001	0
706	-1.8998723052492128	-0.4057360953077728	0.3299471066683133	0
707	-1.5153419822460001	-0.40351268750964575	0.47179404278387244	0
708	-0.9402993555424759	-0.4075063366004431	-0.1898113889932476	0
709	-0.28710011479654085	-0.4139838157743111	-0.6005678413755962	0
710	-0.258080556789126	-0.4196570247521346	-0.4565318045073465	0
711	-0.9046755980388083	-0.4252037247152595	-0.5113703447352067	0
712	-0.6444553752126068	-0.42975328364330134	-0.6697147248761737	0
713	-0.6155545057463033	-0.425564267539478	-0.7871625097294555	0
714	-0.5878153580431328	-0.40556852262079995	-0.911962587491872	0
715	-1.216823944890205	-0.3674903732553934	-0.17047109719637196	0
716	-0.7571792929241962	-0.31725384454726624	0.44651497059708567	0
717	-0.15949022153917908	-0.2653992822704251	-0.21223757462285978	0
718	0.5603272617153184	-0.22125547307043603	-0.7573415346325668	0
719	0.20166181401110408	-0.1923290776623086	-0.32442932333624436	0
720	-0.07862683772816427	-0.18216190718719782	0.14543355289405602	0
721	0.02042483107395636	-0.1919378719271634	0.48453178929861246	0
722	0.010025114625823518	-0.22086935736208835	0.34957304515715154	0
723	-0.5625170842250435	-0.26625602122762654	-0.4510438544208887	0
724	-0.5936562602076254	-0.3233996511086524	-0.868747087669892	0
725	-0.4821586509565085	-0.38530529262502905	-0.4782132467564109	0
726	-0.6647536321135844	-0.43808618136028576	-0.40094174388055115	0
727	-1.1324351339524195	-0.47332147642365213	0.8789060111695779	3
728	-1.7737613266421637	-0.49778797452388074	1.6562011343846448	3
729	-2.171882536092017	-0.5180542670949992	0.13323910780840578	0
730	-2.457088584103158	-0.5317861985238833	-0.2490264516420958	0
731	-1.9985930720761218	-0.5379334766378097	-0.35098226373033264	0
732	-0.18133562341637893	-0.5381656771765034	-0.35423278010860176	0
733	1.8511507030920193	-0.539089661730462	-0.35690592095646173	3
734	3.118810167420464	-0.5511042282436058	-0.9463110333513958	3
735	3.4876685702625743	-0.5783513426383392	-0.9983825852727662	3
736	3.489524389324648	-0.6218614939539915	-0.7251878441389634	3
737	2.7858493864543292	-0.6804972052824921	-0.40558105532961525	3
738	2.297252279543011	-0.7511911500186597	1.1948889294834792	3
739	2.1330112440616418	-0.829022895057471	1.2427174005346915	3
740	1.5176694540001865	-0.9069465429557144	-0.3791976623281153	3
741	0.8473140572377909	-0.9768120257252312	-0.7181790400940659	3
742	0.11646818572176225	-1.029747998265077	1.5193101962966815	3
743	-0.5929894235277298	-1.0615371787607408	2.4189328460349073	3
744	-0.6662429006987908	-1.0750232982754295	0.16276415712378633	1
745	-0.4944938713530218	-1.070780918847867	-0.4081115541601251	1
746	-0.29906249380413596	-1.0515819935593083	-0.01800058743444433	1
747	0.1947166470804145	-1.0254680391436677	0.1464284237799045	1
748	0.04594706136188141	-0.9974005395039037	-0.31568500448054093	1
749	-0.5921288267558587	-0.9693396858579039	-0.7949726767112361	1
750	-1.030675017805017	-0.9421293604190771	-0.27006907099093924	1
751	-1.1565947526849194	-0.9155768342179136	0.38129529465605366	1
752	-0.903668213318484	-0.8872111671892556	-0.015102801563524105	1
753	-0.06134696044064846	-0.8523514374144893	-0.4105372456163938	1
754	0.7443477635485206	-0.8132801387159967	-0.13973348054097018	3
755	1.1621272344442304	-0.7795476894498898	0.189005920070536	3
756	1.0508112228549737	-0.7579674642615765	1.95799598281001	3
757	0.2931887131832517	-0.7513369646267785	2.0944701581357936	3
758	0.2929052027458137	-0.7595035115923878	0.5216764708419267	3
759	-0.04656163948813593	-0.7793924172387098	-0.12630009664809325	0
760	-0.4104183478365176	-0.8036052858910709	-0.4061331911566892	0
761	-0.828271212706442	-0.8191403273389491	0.7127201223729493	0
762	-0.8618575534861213	-0.8131885955969613	0.5406348538208348	0
763	-0.690682255321591	-0.7865455407496963	-0.2763356076632539	0
764	-0.49525087777270727	-0.7459379851648368	-0.24785288442765824	0
765	-0.4318447749695582	-0.6936705902581909	-0.6033090272557313	0
766	-0.8877337524268902	-0.6317147761715501	-0.5107177268117324	0
767	-0.4782205399976185	-0.5659363694826478	0.0046232586105440475	0
768	-0.08982088667422271	-0.503151129498046	-0.15048648474552198	0
769	0.5587255955010623	-0.4456478570096388	-0.6153636665296521	0
770	0.5370160773245725	-0.39414671989775324	-0.7626583523598786	0
771	-0.11370664103450388	-0.3484265337129978	-0.5864913002633825	0
772	-0.49388994379385764	-0.30710137794113035	-0.42430526781999783	0
773	-0.41126929854316735	-0.2681474516290435	-0.5018693846828152	0
774	-0.05731658277134147	-0.23077248390461544	-0.2612508139408335	0
775	-0.028646799475283993	-0.19728736246015244	-0.2259156451754336	0
776	-0.7261063812155011	-0.17239825154037625	-0.5362711332163931	0
777	-0.4608651717653042	-0.1602023318760062	-0.7821132874703932	0
778	-0.25505169232211805	-0.1635619431320217	-0.7218890903371609	0
779	0.06576720894521008	-0.1845532031474631	-0.06599190459631821	0
780	-0.4375128867490655	-0.22393213656273955	0.2298086074179854	0
781	-0.6745548731263334	-0.28053208358115095	-0.23719601472273627	0
782	-0.14061203319063845	-0.34930785626481214	-0.4086071985938332	0
783	-0.10054018145578968	-0.4192526199146834	-0.18716895941807196	0
784	-0.44155207169532784	-0.48339506131350946	-0.1185676312764284	0
785	-1.0623434691901896	-0.5382771893561354	0.5455191732019578	3
786	-1.0371915639263087	-0.5728193526304329	1.1464758415072676	3
787	-1.0450015215702713	-0.5709154826504145	2.2742209387737833	3
788	-0.8543264929441495	-0.5292390954675605	1.4026450699546456	3
789	-0.8823294395603416	-0.46013392097255024	0.11441789356610689	0
790	-0.6652380323433472	-0.37610672220584423	0.1265003694637069	0
791	0.23154951788495173	-0.2876052898382403	-0.10267111338902582	0
792	1.1822103421522994	-0.20329136734077366	0.5251396464972434	3
793	1.4646169342900008	-0.12929819950428773	0.682390651248152	3
794	1.1293335485858622	-0.06934831914584477	1.0165898509540692	3
795	1.2564280064473088	-0.02468302010047091	0.6847394087451346	3
796	0.803000453187825	0.006065081413832879	0.8342328247515283	3
797	0.15120366644051836	0.027850881332850106	1.5186986721706581	3
798	-0.5460063757873933	0.04480174792190309	0.8178365760493029	3
799	-0.6275869235749381	0.055734124632798275	0.659422261647273	3
800	-0.2939538538051425	0.05879980628759631	0.9597075777014936	3
801	0.12962835438842998	0.05505815489557123	0.8872851204175581	3
802	-0.029229337933428128	0.045445188806295785	0.13147787411341302	0
803	-0.5317578793317943	0.027877526359245574	-0.5625965975131164	0
804	0.06537843057895672	0.0014430485364258622	-0.21376946523633564	0
805	0.8535026371430441	-0.028363567086474178	0.2606566189038767	0
806	1.733266979296519	-0.04553939844417764	0.3805721988588759	0
807	1.4234005559515919	-0.03391217326421596	-0.04171260747609541	0
808	0.48422861470975653	0.009321402634631886	-0.13541657627926754	0
809	-0.5973259589181076	0.08114330072126436	-0.4231175756652606	0
810	-0.7776050456432254	0.17120443075043382	-0.6362588658390772	0
811	-0.8428845820623003	0.2639445480668886	0.25456477029680796	0
812	-0.6600027353145899	0.3480098914296077	0.6379391229769451	0
813	-0.947466381972361	0.4138875773200949	-0.28149863522884283	0
814	-0.5881642939661981	0.4534686231331607	-0.8268658348548202	0
815	-0.27569007786923827	0.4604867376310686	-0.7458356260678715	0
816	0.8129119948590574	0.4311295252524118	-0.49833313568402265	0
817	0.727402562783508	0.36455841653130355	-0.5440896327188985	0
818	0.11495417288241735	0.26318564418969487	-0.7077858799063844	0
819	0.4277680982314702	0.13266845955782064	-0.6413790526775902	0
820	0.5450730581160141	-0.018289943770185724	-0.4880133601839915	0
821	0.6167194169490385	-0.17796995428541024	-0.5061077176789656	0
822	0.1089539009453179	-0.3301683378843544	-0.9059134178133611	0
823	-0.12589675105912437	-0.455361887484833	-0.9509166558337597	0
824	-0.08702478595401018	-0.535862619555293	-0.8916559719575319	0
825	-0.17149328177816317	-0.5627665163767438	-0.9537946221379024	0
826	-0.5814342762284606	-0.5518422189889496	-0.39046654784152757	0
827	-0.9854450375628501	-0.5209311974178497	-0.06435421559657757	0
828	-0.6287088028949415	-0.4733393265546015	-0.04301016525893189	0
829	-0.5105432462385721	-0.4188710427603933	0.04347134146009187	0
830	-0.17906166839841195	-0.36969706317995893	-0.33616698028650965	0
831	-0.2754048898551988	-0.3325592546794763	-0.16779372208189558	0
832	-0.43836383745573476	-0.30985165791968794	0.14583517814878658	0
833	0.05458028969948369	-0.30196675235225445	0.6243935768309586	0
834	0.8097866697401851	-0.3076357171806895	0.34958275041725007	0
835	0.8127475923567435	-0.32034360620284297	-0.5573157659005853	0
836	0.13735359441640926	-0.3241111443115271	-0.7649488420294527	0
837	0.16644277185088382	-0.31449053094874574	-0.7487810080071581	0
838	-0.0272212787991273	-0.3020781482628182	-0.6282690633981838	0
839	-0.33324185789547717	-0.29231327507771415	-0.4485729433565334	0
840	-1.1644709746027906	-0.2829327445010953	-0.5138836803726604	0
841	-1.3249244616208926	-0.2685014778210784	-0.1521532891154457	0
842	-1.2601389714967715	-0.2555353653617197	0.37512076768754427	0
843	-1.0524273141834928	-0.25656029177959266	-0.021421175303871054	0
844	0.12101777333447578	-0.2764763913530468	-0.549238599378038	0
845	-0.129404563632106	-0.3153801784686326	-0.5488097630636166	0
846	0.3522100502703457	-0.3699770587266165	-0.7281443223919675	0
847	0.5704694701624805	-0.4341648877479105	-0.7429580207080848	0
848	1.0435225721250472	-0.49951713779669277	0.041095062059832876	0
849	0.45893663180372674	-0.5553104775781578	0.2980997972155853	0
850	0.38169178061817866	-0.5895653174997708	1.6379760239568146	3
851	0.39522227430891654	-0.5944253659959287	3.007875864403139	3
852	0.03977861237538691	-0.568070480666058	1.523681318431913	3
853	-0.7132213351036953	-0.5175362501387436	1.1892092857693726	3
854	-0.7589021640444792	-0.4528321775745134	1.7682292293033326	3
855	-0.8353782657745018	-0.37799348643410835	0.7344664126733232	3
856	-0.8880747198612988	-0.2935599601347938	-0.26365184238880185	0
857	-1.056253866301625	-0.18892341730387996	-0.5421517675611552	0
858	-0.4127887635063035	-0.06540595347300586	-0.3124586860295695	0
859	0.14996477615602238	0.05630290693875851	-0.556504152519498	0
860	0.7225849823165684	0.16222808459558818	-0.8929673252827908	0
861	1.1799137398507604	0.24420365013000078	-0.31792038169836523	0
862	0.6428615117734303	0.29657270680711617	3.422820286071342	3
863	0.15802553149461684	0.31608240637560014	7.674250466195853	3
864	0.501295020380809	0.30199757971693314	11.025189846482562	3
865	0.5906934943009405	0.25660475724037296	8.475653786900123	3
866	-0.31094854307860575	0.1860451976527274	1.7031526199163287	3
867	-0.503945337654394	0.09931119932906902	0.5023427396091751	3
868	-0.5683164663698463	0.004261185372444841	0.9376146903574234	3
869	-0.42124584630571293	-0.09017464526057649	0.20057753475074025	0
870	-0.8692070163662327	-0.16846640391782794	0.05147877072603132	0
871	-0.9409146067434088	-0.22282100291598242	-0.020730297864295772	0
872	-0.6767524984111405	-0.2519843730737849	-0.3657802749921419	0
873	-0.3640622943329366	-0.245351970258669	-0.2573932212367397	0
874	-0.372749624514289	-0.20103768408747336	-0.3099337340439361	0
875	-0.7722200249071087	-0.1367154090900973	-0.08019187429047772	0
876	-0.14911357176867435	-0.0723669667144825	0.140593557085438	0
877	0.5181014016860556	-0.02084825365464377	0.3143196564447638	0
878	1.3040112071996262	0.009551509907245286	0.6333324682583233	3
879	1.0013961085064074	0.01339670622330804	0.25930372409267166	3
880	0.29373853889866786	-0.012037164473358663	1.0802300695262141	3
881	0.22482075832960785	-0.0665881727539969	1.1870187067760531	3
882	-0.2422647844386741	-0.14702330342620262	-0.2607448358764469	0
883	-0.7644268430287212	-0.24688462262332445	-0.6003342064410261	0
884	-0.7916773965606858	-0.3565575631632332	-0.45808984408773595	0
885	-1.3224567465110175	-0.4642927822757519	-0.38341876739335906	0
886	-1.4422071936161072	-0.5568544384792414	1.1407447012507508	3
887	-1.3461047043947267	-0.6258607280814898	7.335977880392312	3
888	-1.2608720724505715	-0.664645571149503	10.008696206827917	3
889	-1.278754199720615	-0.669169734345262	3.946186474657587	3
890	-1.189799444798777	-0.6467489723854556	0.8690474209054958	3
891	-0.912529172673077	-0.610631143641034	1.7002505292949848	3
892	-0.5358503273335342	-0.5754147273981475	0.9012984874577559	3
893	-0.6247828543660797	-0.5522963276442344	0.27216239433797235	3
894	-1.5557170559430222	-0.5469585985296623	0.10650482605811633	3
895	-1.9787540517566995	-0.5615384551159753	0.5877073262169132	3
896	-1.7409588335069466	-0.5950774163571838	1.0278369702826224	3
897	-1.35722787573146	-0.6433890840416789	1.9471401088902813	3
898	-0.6788465333437728	-0.6997907750258725	3.074422239951024	3
899	-0.03202292228879038	-0.7580877311741733	1.0599598154472918	3
900	-0.1410456867297066	-0.8112269286976284	-0.6992097641434495	1
901	-0.4146496152981147	-0.8565318156919154	-0.37241452725029833	1
902	-0.49676572940035296	-0.9016571866420098	0.22470570002076923	1
903	-0.6315720066773417	-0.9543162246436787	1.576866976600879	1
904	-1.202600192688842	-1.016725963055607	1.1228701442632276	1
905	-1.29303373134241	-1.0880776832623857	-0.19078210239129936	1
906	-1.158299170463082	-1.1649510635082907	-0.3791566433353691	1
907	-0.8744548952190567	-1.2393201980103299	-0.17278575140330993	1
908	-0.4661642167030938	-1.299825629955265	0.7169270612439328	1
909	-0.32294489301124	-1.3428383353620128	1.7649628374319564	1
910	-0.4358776690037328	-1.3655355080220695	5.024696666060041	3
911	-0.36932233561584976	-1.3543030111647878	5.306531367522411	3
912	-0.6340829193835278	-1.3012984960725102	1.5456540208510652	3
913	-1.1131673284493333	-1.2124358381102034	0.8239828070030351	3
914	-1.8122029933614	-1.1044496311040457	2.286229593861892	3
915	-2.141298637948558	-0.9944441342334172	2.4165121727239978	3
916	-2.0895885988750864	-0.8918575640088952	1.6265408664606882	3
917	-2.0041248807607026	-0.8035629099809817	1.837987207528969	3
918	-1.2266352513621686	-0.7340244912047075	2.205532449544644	3
919	-0.5745771820667903	-0.6852788426226775	1.3117983278437135	3
920	-0.46485109365598914	-0.656988160147161	0.7816451126136779	3
921	-0.11545551459128438	-0.6465588695234166	0.20857697387437543	0
922	-0.03481440967353631	-0.649157110535461	-0.8063881074629775	0
923	-0.4792765744379754	-0.656636449633871	-0.8339771629269023	0
924	-1.3438777215203168	-0.6632342092921671	-0.8508667870769046	0
925	-1.615589763130668	-0.6672293358504886	-0.6022295268995529	0
926	-1.5742316295735606	-0.6628655245745948	-0.6283813163619236	0
927	-1.2106202667960628	-0.6521586309887349	-0.011591532455075668	0
928	-1.3514054269090876	-0.6437007130609028	-0.05788620058227462	0
929	-1.6884083285803344	-0.6344617704695851	-0.9554732398404598	0
930	-1.5014290011011509	-0.6138938074360467	-0.966909789502225	0
931	-1.1570552474487554	-0.5782247846559414	0.308357741819657	0
932	-1.090358997630464	-0.5352771380961754	0.6314678268262149	0
933	-1.1220266102273573	-0.4927114433501664	-0.3063482392502681	0
934	-1.2560918180619132	-0.45187951419843553	-0.14824148669097628	0
935	-1.7289536762973916	-0.4100950440832323	-0.45104413964303813	0
936	-2.27616153343426	-0.3652938468158659	-0.9489479499853696	0
937	-2.3171975722930633	-0.3221218447843799	0.22338100400232522	0
938	-2.0492584003510093	-0.28756169476383986	0.8402052275158559	0
939	-0.6931147413239314	-0.26509911205633563	-0.21523808827535748	0
940	0.9726462209300285	-0.25543228572839116	-0.8231155710430991	0
941	1.673636262526604	-0.25753864953321054	-0.664285069532536	0
942	1.7635208142530847	-0.2681917955472125	-0.5582397979023382	0
943	0.5000037058287825	-0.28236293084122466	-0.7759850428210062	0
944	0.45239072809273234	-0.29893179597354047	-0.4890103659616087	0
945	0.25992908043732776	-0.323224536225188	-0.26719881925369415	0
946	0.3575711655405248	-0.36066198452236264	-0.18705743726126553	0
947	0.1427738442601628	-0.41346506385189385	-0.17303977524575823	0
948	-0.13836827455060774	-0.4820430905096097	-0.6335702420764088	0
949	-0.03349080177295284	-0.5653704845412159	-0.8050201878769084	0
950	-0.3425737968674739	-0.6599296085015626	-0.3605931849998945	0
951	-1.087764625490838	-0.757853008925383	0.04318889618274225	0
952	-1.7194791433183545	-0.8531416222729981	-0.19952259786826465	1
953	-2.1482320618434207	-0.9396750336138007	-0.6584918374073903	1
954	-1.8460887815558282	-1.0113745800741332	-0.7368477604365472	1
955	-1.1251150286619391	-1.071033864325397	-0.16364300395250356	1
956	0.2548128913439419	-1.1225196040140937	0.026586334300937476	1
957	0.834886570130854	-1.1687343237162093	-0.6752730914667694	1
958	0.8719790459069958	-1.214454502871238	-0.7548271536045027	1
959	0.2351445644385803	-1.2621524122287489	-0.5332004975133382	1
960	-0.5151284823529437	-1.310990844993102	-0.8051329683006286	1
961	-0.8804337780551297	-1.3576224908986834	-0.9418712615768006	1
962	-1.0597281273435257	-1.3952823077072194	-0.6584295661875407	1
963	-1.2160732293826289	-1.412756634946557	-0.7512011549315172	1
964	-1.4352595103205845	-1.4045122469649762	-0.7816586651772858	1
965	-1.5127140585752956	-1.3756406050044252	-0.8060606662533701	1
966	-1.4575863766685975	-1.334045287921751	-1.0284628351641718	1
967	-1.2852237736984518	-1.2850452295538146	-1.0126453851552903	1
968	-1.2781246891189857	-1.229291116630703	-0.8968943204997553	1
969	-1.2858302176224878	-1.1698915825275435	-0.18472549456143772	1
970	-0.9407296539283778	-1.1150035803669083	-0.31184108971224017	1
971	-0.6676046734659347	-1.0709515874330917	-0.5684173343082679	1
972	-0.27630281270528617	-1.0403062468695237	-0.1282230575765735	1
973	-0.28523800482243794	-1.022839182602431	-0.33276794578919067	1
974	-0.8726103997988124	-1.014679562922814	-0.5373335256188313	1
975	-0.730174084963122	-1.006656238310726	0.5918100755373406	1
976	-0.5036974757186423	-0.9838047323291637	1.304993588533538	1
977	-0.057730105391737695	-0.9333543141976088	0.34761832437610285	1
978	0.19991923136636353	-0.8604001157476087	-0.34651623969360423	3
979	0.48925379527524276	-0.7790744790391715	-0.6507965482513116	0
980	0.5828923439338963	-0.6919080692774777	-0.8384724409359962	0
981	0.5906934943009405	-0.5981514829866085	0.4481534937227436	0
982	0.809633590879692	-0.5063249889381326	0.625377051779627	0
983	0.08262349815278101	-0.4237854276699244	-0.3862249478296608	0
984	-0.33183143540829835	-0.35012085652127556	0.3927015559819165	0
985	-0.7304483687296658	-0.28068359565488693	1.1524542793049193	0
986	-1.2228879647363542	-0.20863209992527493	0.20515131596750763	0
987	-1.6060602895196145	-0.1357091645592686	-0.4843304278421865	0
988	-1.4269378918278401	-0.07229001680726116	-0.11992673713376759	0
989	-0.9581408015811002	-0.027220445290008284	-0.534827448251095	0
990	-0.16909854124820142	-0.006308120995020256	-0.5738641269955731	0
991	-0.3701854487525473	-0.013084062950566593	-0.5180174921700341	0
992	-0.8704182266377294	-0.04862273717483781	-0.4780905631687191	0
993	-0.4428547098889494	-0.11136838022389443	-0.513068159746058	0
994	0.34633811293958344	-0.19714733113619612	-0.9236379597796036	0
995	0.6995464041157755	-0.29932764949398927	-0.6124483674871205	0
996	0.7159048724812465	-0.40902844093467694	-0.05887382877868848	0
997	0.48987282102336965	-0.5153053352987774	-0.35614378999646534	0
998	0.2785682141270417	-0.6042736096763637	-0.8294296629258995	0
999	-0.2594217792435268	-0.6556071790352047	-0.6053704478079652	0
1000	-1.0093370828352255	-0.661795182279586	0.12058034556463869	0
1001	-1.604308060809657	-0.6376753238792731	0.3104381964402363	0
1002	-1.7781024753680232	-0.5915644643141794	-0.10740052142184346	0
1003	-1.2651884769221666	-0.5163599514812722	-0.3957693721305571	0
1004	0.11462075454251618	-0.410755640404707	0.008892066452458838	0
1005	1.0251002652048542	-0.2865906198672267	0.04410665084270344	0
1006	1.9231690645256723	-0.1562272872539244	-0.7149437347869623	3
1007	2.519382287937959	-0.027818097216497015	-0.8245819932359982	3
1008	2.9032239657659544	0.09332656829606124	-0.7656886450685492	2
1009	2.198892191674972	0.20610056397708626	-0.5111813295383715	2
1010	0.9111949142054226	0.3133439130343749	-0.6448132154479248	2
1011	0.4435113153960104	0.41520131520656023	-0.7396407752549058	2
1012	0.05380315236105901	0.5066851586815858	-0.5169403052228413	2
1013	-0.7174773468194223	0.5836910911358725	-0.1442717808018778	2
1014	-1.1120429327644645	0.6452985301159682	-0.14424714019457355	2
1015	-1.2615900752153957	0.6925397715691011	-0.31699981419008444	2
1016	-1.7509236382336848	0.7278169637099084	-0.2668613526354288	2
1017	-1.841245618046443	0.7586134010534187	-0.6643266646534856	2
1018	-1.5542370140287187	0.7878518920091132	-0.7827891116349643	2
1019	-0.6447787280932717	0.8028087319858181	-0.7683167235963335	2
1020	0.34860200249830997	0.7905277136788046	-0.7689210567748144	2
1021	-0.09869484724721635	0.7466000019867741	-0.7219675176064466	2
1022	-0.7956729645166182	0.6707205129799583	-0.38390860197000654	2
1023	-0.3768739464705429	0.5662446914818229	-0.16008243883054019	2
1024	0.6361038140226698	0.4398156703761431	-0.05971674417813791	2
1025	1.6377159933671	0.30166604210077336	1.6078512811288606	3
1026	2.0581951043311753	0.16663713984083395	3.503508179364418	3
1027	1.929857562243683	0.046559486267339245	1.8421218857196466	3
1028	1.4789656659446366	-0.05896704322769839	-0.5686986923533366	0
1029	1.2180651858261653	-0.1544973345158876	-0.784661765821265	0
1030	0.5283191010779639	-0.23922057950212602	-0.2450366710663784	0
1031	0.016374322485923173	-0.3064761098609322	-0.09345743990899172	0
1032	-0.41357470812161623	-0.34854877954133373	-0.3408063157556251	0
1033	-0.812652974995012	-0.3643031528862648	-0.5458091773724798	0
1034	-1.388692501565488	-0.3540086702713824	0.11992689368913577	0
1035	-1.4895408548561038	-0.3213324673673001	0.45791204622199033	0
1036	-1.388760862809961	-0.2777115657227714	-0.08087632987063016	0
1037	-1.3331798158397417	-0.2357180828901688	0.5883207989380118	0
1038	-1.5407409106573278	-0.2059292748632249	0.05284036942421308	0
1039	-0.8588333023545821	-0.19475560695756175	-0.6725060901620751	0
1040	0.01760734125271079	-0.20502382952176032	-0.4223159058738009	0
1041	0.23055807014193222	-0.23695940121381925	-0.2546224125233235	0
1042	-0.3155375537401215	-0.2891776821862331	-0.2733360805649092	0
1043	-0.3416867782648193	-0.36008521287043693	-0.5544363414955757	0
1044	-0.06220923478911464	-0.44782584046274104	-0.4041837517299684	0
1045	0.3735815367711856	-0.5495062024483891	-0.537756068361271	0
1046	0.5041779356876234	-0.6612301015960287	-0.69588604050408	0
1047	0.26643136715790533	-0.7778727955568692	-0.770877710834854	0
1048	-0.2922687281575028	-0.8917997729786167	-0.5620514444453428	1
1049	-0.579473189237656	-0.9933058525194419	-0.2507138394443237	1
1050	-0.6826986685043748	-1.0774662121184637	-0.3317928594790103	1
1051	-0.6994165576464159	-1.1421496924870014	-0.6024892021563508	1
1052	-0.3922229331450624	-1.1850065790123545	-0.9338424198299505	1
1053	-0.24705132973935495	-1.207448818599514	-0.6007619400095054	1
1054	-0.0460650768283319	-1.213971922684615	-0.2558733993144321	1
1055	-0.08780653662785372	-1.211568286034594	-0.38785618121586624	1
1056	0.19387198728586766	-1.2042963301690548	-0.48831599846064244	1
1057	0.0018238622507681264	-1.191329622067008	-0.1524559354062641	1
1058	-0.196594859745399	-1.1760021868971826	-0.38376786382190575	1
1059	-0.23028562966556032	-1.1632868249924624	-0.9455358069115481	1
1060	-0.3222524732888811	-1.152015117908491	-0.660272369375008	1
1061	-0.5008065919231669	-1.137476675460069	0.05241598807979318	1
1062	-0.4511205489612489	-1.1208860133352614	0.0567039284547908	1
1063	-0.27259830428147713	-1.1098738051769743	-0.6450570733172479	1
1064	-0.2609093702521468	-1.1099981596533806	-0.3569601029583103	1
1065	-0.9735426319171432	-1.1239834778407836	0.6558003287879409	1
1066	-1.6888801469859827	-1.1525402073285818	0.06160339129281094	1
1067	-1.8637494687208627	-1.1945041359683162	-0.7579265083925459	1
1068	-1.9640194774947968	-1.2469994257028874	-0.6537835791221843	1
1069	-1.7754393225896101	-1.3056693717510126	-0.1395486650778099	1
1070	-1.7464428312597626	-1.3647666026289782	0.006463913423559225	1
1071	-1.632689300938574	-1.4152810566093967	-0.7336122320475863	1
1072	-1.6291441622872913	-1.4523714239734125	-0.9191208891682637	1
1073	-1.2405020991518483	-1.4798263796710198	-0.9730255158210301	1
1074	-1.1599972973291788	-1.5000035904758235	-0.6528598896141258	1
1075	-1.0464031367805577	-1.511075846385933	-0.1924649474691634	1
1076	-0.9816423909106032	-1.5098038545714763	-0.18766435057546277	1
1077	-0.7289150637598781	-1.4957350593202148	-0.4501300125741078	1
1078	-0.6603223136480132	-1.4734990645228607	-0.8610803690796711	1
1079	-0.8738518064482259	-1.44653165231843	-0.8003516064372589	1
1080	-1.086463245479534	-1.4164917792109772	-0.6512620536559709	1
1081	-1.1294532416288687	-1.3860428028172918	-0.951916748619431	1
1082	-1.1904138572114438	-1.3559719214876809	-0.4187633732404959	1
1083	-1.4514204440469534	-1.3223701280130302	1.2638022351790623	1
1084	-1.642253164869039	-1.2841596032440028	0.731932112667382	1
1085	-1.6767726576065358	-1.24579483591736	-0.7717610727373757	1
1086	-1.6158757899329887	-1.2098500014461313	-0.2578107012296036	1
1087	-1.4463818428689996	-1.176440909889705	0.00881670156143272	1
1088	-1.7987354087914174	-1.144409046875375	-0.5632788577085128	1
1089	-2.27643246204762	-1.1118585143147575	-0.6181645007764528	1
1090	-2.5021352891068327	-1.0791024135522547	0.31066068391385465	1
1091	-2.111125746060608	-1.0525844461202631	0.862200929080965	1
1092	-1.3207129056837228	-1.0389091197376383	-0.00014512161914755352	1
1093	0.1470382438588303	-1.040314940334844	-0.450371632420769	1
1094	1.2721221544977623	-1.0572426955182859	-0.23734802888285922	1
1095	1.489861106264251	-1.0883215205834267	-0.5191516664228131	1
1096	1.3076486125613214	-1.1303216172506214	-0.8340789221690547	1
1097	1.0124093985789453	-1.178028018489238	-0.9976021052301985	1
1098	0.5783079466078104	-1.2242703996386797	-0.9196479817324645	1
1099	0.10927264049038832	-1.2608514523541363	-0.3606364703221584	1
1100	-0.1777414156509882	-1.28096668317396	1.9596225953839563	1
1101	-0.3516012556949428	-1.2811220499551381	2.2425740414251925	1
1102	-0.5989091717901979	-1.2569846914186857	-0.008305715858247797	1
1103	-0.6906352831780991	-1.2089708648814184	-0.8675985449626334	1
1104	-0.6994165576464159	-1.1465731922247844	-0.7858576553833764	1
1105	-0.7297135901992491	-1.0793426986799093	-0.2616535260853217	1
1106	-0.708221737580618	-1.01467934089377	0.834449660829848	1
1107	-0.9719464178265828	-0.9591361846374258	0.5110548993964388	1
1108	-1.232903516153785	-0.918456343388354	-0.24087588020769374	1
1109	-1.3160953762208136	-0.8971842868542745	0.007246360095144698	1
1110	-0.5987518989883224	-0.89824468719944	0.4174607439923669	1
1111	0.09732494027777809	-0.9226026377437935	0.7626965943805669	1
1112	0.08763903265309578	-0.9690489601039195	1.3729491132739406	1
1113	0.13407393225470873	-1.034082338212477	1.806979726108307	1
1114	0.06998086185293777	-1.1116848222108502	0.42637188481327404	1
1115	-0.2587993983422727	-1.1920002493848492	-0.2798798567484034	1
1116	-0.8309184285074787	-1.2614883742927883	-0.3909827742240915	1
1117	-1.486500247353306	-1.313507778025617	-0.7319407488031858	1
1118	-1.6678718558088004	-1.349326216071528	-0.6252944560251974	1
1119	-1.5560307627583747	-1.3659089848444155	0.1575923837188752	1
1120	-1.0979106084851504	-1.3612599510208552	0.16087412341458218	1
1121	-0.4903636778786863	-1.3367511480339416	-0.7337278959587485	1
1122	0.2556630032623191	-1.3011086684033784	-0.663711891633903	1
1123	0.46447011806484817	-1.2663887678786556	-0.5882531255300775	1
1124	0.47341076230572615	-1.237143358126239	-0.6736884060635551	1
1125	0.6240990762070711	-1.2149875951217308	-0.5156858279915447	1
1126	0.3374553450896822	-1.1993360783964992	-0.6989052286230807	1
1127	-0.21298058872988257	-1.1892625022111805	-0.9146521187260069	1
1128	-0.2873408470320082	-1.1860391352533473	-0.8920412302093239	1
1129	-0.08874514070943644	-1.1924419510651485	-0.9932559445379046	1
1130	-0.09501005034780624	-1.2102585279574665	-1.0071927159565393	1
1131	0.1277159171176516	-1.2396016975389776	-0.523705222135144	1
1132	0.47048800455571504	-1.2792460100163106	0.21761992142102543	1
1133	0.5515992503025358	-1.3269651568313094	0.03265012740146653	1
1134	0.40126951838942976	-1.37974095869094	-0.11054569145937083	1
1135	0.025490273476595503	-1.4337215138050543	-0.05548399493709725	1
1136	0.07634139335484519	-1.4832920936426979	-0.25735959323689783	1
1137	0.39194093457062096	-1.5186488582737854	-0.424461445893632	1
1138	0.7136833417305105	-1.5312073338699765	-0.5213024106820394	1
1139	0.8462169221719216	-1.5201671716057084	-0.5238514374420636	1
1140	0.8043169313880741	-1.4898392285983377	-0.9062535254150053	1
1141	0.8461850482173924	-1.446025151701916	-1.0420527506125694	1
1142	0.6243356145011039	-1.3925093700906057	-0.8707829640203549	1
1143	0.22166272046793156	-1.3302212400266173	-0.7630098354352627	1
1144	-0.38820387911761955	-1.2586529710478243	-0.8266929310098466	1
1145	-1.1126271487992296	-1.1770749593030674	-0.5031762519004775	1
1146	-1.4656521647369165	-1.089065749148352	-0.4007155286921231	1
1147	-1.4005462574911167	-1.0015928728825771	-0.6762436375084938	1
1148	-0.9746116675756209	-0.9201572661453138	0.34039031794593555	1
1149	-0.2269187335229893	-0.8455863530352229	1.2580448256620353	3
1150	0.23463164540754142	-0.7758326150964016	0.05113272151024549	0
1151	-0.04213199859912069	-0.7153917942426122	-1.0694737689513127	0
1152	0.11720548061703143	-0.6689868460748247	-0.8520292367945195	0
1153	-0.06947985157121363	-0.6324397766261516	-0.0199098595609411	0
1154	-0.7203220972596979	-0.6030173971895578	-0.0041274743006095085	0
1155	-0.9845836020027042	-0.5817543718920548	-0.823358733041039	0
1156	-0.8926079511024476	-0.5678662120406335	-0.6883571942218396	0
1157	-1.1546202450816994	-0.559923075436932	-0.6026194502485182	0
1158	-1.7247312161126565	-0.5567659528880751	-0.6611823714451591	0
1159	-2.1111777509338174	-0.5576637453273118	1.5807890052629026	3
1160	-2.4238679550120996	-0.5623017119077701	2.031990647849493	3
1161	-2.6171549703316734	-0.5701607898033474	-0.12222357332820341	3
1162	-1.9975865261441352	-0.5792163892680867	1.1188847248461153	3
1163	-0.4514866800440647	-0.5900307282614761	1.7578177164125388	3
1164	0.7705116668681035	-0.6083722353569333	0.05216675214543405	3
1165	1.2294626409294076	-0.6391762630712369	-0.4384943903000656	3
1166	1.2347679767791937	-0.6841093158528098	-0.26752580122261793	3
1167	1.3652163295648214	-0.742964015161078	-0.09071651287277849	3
1168	1.2329025116519396	-0.8133956946423875	-0.034728264574964966	3
1169	0.6409402672256619	-0.8895952534245896	-0.3952954310426056	1
1170	0.02672455042569432	-0.9636285846318164	-0.8073842121277535	1
1171	-0.7977384806479353	-1.0318729320820745	-0.6805464815557263	1
1172	-1.0121705096336542	-1.094969196065469	-0.30976295691830347	1
1173	-1.1907015615903531	-1.1536409609762213	-0.15819221517021953	1
1174	-0.9790111120866933	-1.2084190318161574	0.6862067895295585	1
1175	-0.8948877776384399	-1.2586682534522422	0.43263781079794567	1
1176	-0.8651565077782081	-1.304728852812348	-0.4196624523640626	1
1177	-0.409944013066106	-1.3501647648671469	-0.5170773121595248	1
1178	-0.2990952065469399	-1.3972870761943224	-0.7932846128540286	1
1179	0.5827468141679824	-1.44571740315874	0.18952800186625005	1
1180	1.0722489736297895	-1.4957699257661317	0.5112487967227157	1
1181	1.2567786199469604	-1.5471922720447842	-0.21973330538177635	1
1182	1.0569222148445345	-1.5954431367115693	1.0243514649204417	1
1183	0.4771525968078643	-1.631925500943542	1.8269807962670714	1
1184	0.1686961765560947	-1.6501056909524732	0.560036943666971	1
1185	-0.17503296830565443	-1.6420711644930925	0.0926051128445756	1
1186	-0.2990314586379184	-1.6006214187155612	-0.10187095746822332	1
1187	-0.5159794330596499	-1.5314883138191375	-0.5880851533738924	1
1188	-0.8192190096247238	-1.4465329469480919	-0.7145735776067482	1
1189	-1.2800476112432146	-1.3550852004723484	-0.8027998124138519	1
1190	-1.8177889038897372	-1.2644993354183272	-0.9095146514930649	1
1191	-2.068879335718615	-1.180553184690284	-0.6147326176952613	1
1192	-1.8107716011671593	-1.1078151562882765	-0.602881047934091	1
1193	-1.1831424016410854	-1.0498158661234178	0.12012967731844823	1
1194	0.17134297296301682	-1.0090797081103926	0.8125156287926714	1
1195	1.1136167532521815	-0.9870975443953567	0.04124698844008139	1
1196	1.1761022859215517	-0.9842640045084643	-0.6231687375856381	1
1197	0.9901932522834066	-0.999774190905804	-0.9500144559060559	1
1198	0.6174260960721311	-1.0314415944773088	-0.44209385346113067	1
1199	-0.31483884310579213	-1.075230763438533	0.3929124896881804	1
1200	-0.907074113115901	-1.125390587409037	0.8812866301744194	1
1201	-1.366555201367964	-1.1770699619736258	1.6162487101134346	1
1202	-1.7765423291734852	-1.2250121660996272	2.0959753230004092	1
1203	-1.7541793949295106	-1.2626624283771228	1.5638159607770417	1
1204	-1.1552120102107766	-1.292528238777451	0.3363267741677342	1
1205	-0.7075746124251451	-1.3219420671361823	-0.08013968101246519	1
1206	-0.7097047152537562	-1.3500656315116268	-0.07804184822854617	1
1207	-0.5910895680810486	-1.3755930093119577	-0.5212422107006147	1
1208	-0.749373529221694	-1.3995518536500493	-0.6935853599911138	1
1209	-0.8756359091126259	-1.4193539286077246	-0.7173761910004408	1
1210	-0.8359670951447011	-1.4290260985644563	-0.7829907016645501	1
1211	-0.7283421713669098	-1.419669246412794	-0.6304931645885725	1
1212	-0.7583053661856579	-1.3920588868612518	-0.3325687283059592	1
1213	-0.8953507887671673	-1.3585153483601426	1.1476527623650634	1
1214	-1.1105528253909724	-1.32910578344705	1.7295294789715248	1
1215	-1.1391269868235465	-1.3100277474922926	0.3280212528091475	1
1216	-1.0706281809986742	-1.3052714480174359	0.2121850381744234	1
1217	-1.4923331810292286	-1.3166009127525253	1.8238540232657885	1
1218	-1.4612988535810743	-1.3434631142721447	2.3367615624276037	1
1219	-1.138615325974795	-1.38352734460702	1.0379403440302335	1
1220	-1.0806454099926435	-1.4334766615751464	0.2238398000381842	1
1221	-0.9728682461426099	-1.489658685970377	-0.09437943080151685	1
1222	-0.6109701084201586	-1.548876934539211	-0.5092994284337597	1
1223	-0.26909133049673983	-1.607856150394536	-0.78883071915558	1
1224	0.04359887358141635	-1.6619636737905064	-0.38978217534694093	1
1225	-0.02514150326712009	-1.7040778084439516	-0.10366199659172895	1
1226	-0.0739086536719411	-1.7207859993182104	1.805314448282851	3
1227	-0.3964823000140576	-1.7001452402053163	3.3584905055769627	3
1228	-0.6505298799122108	-1.647895144161976	0.9439412976434045	1
1229	-1.1976685370162035	-1.577907786502801	-0.43707397539120163	1
1230	-1.3933196770936034	-1.4968994311448074	0.20702544770740938	1
1231	-1.3445269436463452	-1.411348031117613	-0.14409032896175195	1
1232	-0.9149339786621967	-1.3294677889716757	-0.5797949970701834	1
1233	-0.48483438555901665	-1.256828757638505	-0.429409845301055	1
1234	-0.21104802054041052	-1.1975064392805657	-0.17013554213182336	1
1235	0.11125301961172465	-1.1542301909919195	0.03541408290661007	1
1236	-0.3560589959912824	-1.1281403749472028	0.17604352465814535	1
1237	-1.0109626545153085	-1.1186392157060716	0.6602192204570039	1
1238	-1.1685474856272735	-1.1233256399794818	0.5952758026003471	1
1239	-1.1393182305506218	-1.1379399759993643	0.010017439377881469	1
1240	-0.8372403757486568	-1.1559999249238817	0.03305869943656268	1
1241	-0.4463776206508959	-1.16644603746774	0.08836847497523913	1
1242	-0.3767737112715387	-1.1570402928582932	-0.10186195263454802	1
1243	-0.4158599867813237	-1.1306418809531678	-0.15152562097691522	1
1244	-0.7176509759926758	-1.0995887686858	0.5703540137217354	1
1245	-0.6999735130621184	-1.070491217561509	0.41933386477700846	1
1246	-1.0104040215230108	-1.0467336398299458	0.8908878854518993	1
1247	-1.5377703419756932	-1.0291622055996124	0.9955569038931099	1
1248	-1.8225603510015442	-1.016791979945278	0.45295621136158193	1
1249	-1.8139447372178266	-1.0125048351576482	0.6686376125542538	1
1250	-1.2112233555670346	-1.0208914730252552	0.15448994072813405	1
1251	0.007506652825095351	-1.0433786211880045	0.2102131391951691	1
1252	0.6765103422798742	-1.0800392726811068	0.35507889502582335	1
1253	0.698811625585387	-1.1296588793498885	0.4415891888999246	1
1254	0.4942236158144072	-1.1896782397415449	0.7907439520195917	1
1255	-0.11861690760594464	-1.2558401158615473	0.9867606973286569	1
1256	-0.33756790843234363	-1.3219547143831658	0.4518677019125975	1
1257	-0.2603108948167413	-1.3816579973532568	-0.194622315592597	1
1258	-0.055818506909262246	-1.4312435704718698	0.12851017021526578	1
1259	-0.11199970689148218	-1.4690518588592014	2.240020427905884	1
1260	-0.2392828921151342	-1.492567645813781	1.816518084778604	1
1261	-0.4437035636249481	-1.4964671501498812	0.01812989073335513	1
1262	-0.7944051360364125	-1.471385985335829	0.1213654767612654	1
1263	-1.1562298797846013	-1.4168570468967248	-0.08284861212765188	1
1264	-1.1886758879021937	-1.344797149471145	0.3765178342193797	1
1265	-1.052459188137998	-1.2652400003105122	0.5241033883222488	1
1266	-0.693015344913089	-1.1844570691315621	0.022864673189367586	1
1267	-0.14704176472531516	-1.1078522302582392	-0.05476353729245485	1
1268	0.17826884776345245	-1.0402168869787578	0.5880782740666389	1
1269	0.2098550978974854	-0.9853878700383347	3.1842824148132203	3
1270	0.14178659045854086	-0.9457597393492105	2.088202846479639	3
1271	0.7300220985715303	-0.9217432681240394	-0.7883118053066712	1
1272	1.0294405751423328	-0.9110659829309773	-0.33825726109705473	1
1273	0.8281578105754234	-0.9084585855626088	0.09725911605382738	1
1274	0.4286165325732089	-0.9087027195589057	0.1328187646525063	1
1275	-0.3196987823806225	-0.9091059347226865	-0.16692881405961568	1
1276	-1.0059903176112353	-0.905256228203969	0.3649840798218354	1
1277	-1.1396210331185004	-0.8928452146600221	0.09672802097682275	1
1278	-1.0137793055482511	-0.877262478306372	-0.6799833825628736	1
1279	-0.7996131724460963	-0.8679201587187338	-0.6951889464465518	1
1280	-0.7096082546019308	-0.8702828618074506	-0.6921738551559226	1
1281	-1.1906243930688274	-0.8877357744416051	-0.24881497219553556	1
1282	-1.6528848062756971	-0.9217579291667769	-0.3958971855910811	1
1283	-1.466174729833231	-0.9719854546542701	-0.6452399093733256	1
1284	-1.3928893787076797	-1.036369148097785	-0.23973839587802476	1
1285	-1.3165248358184583	-1.111374485162514	-0.33534159604319724	1
1286	-1.3146849537336132	-1.1920819841894235	-0.5504395221591205	1
1287	-0.8922229472834361	-1.2716304819144622	-0.11116569624378647	1
1288	-0.6519944042432156	-1.337651934994239	-0.25872238990491553	1
1289	-0.6788897309400859	-1.3822583277161646	-0.8702104226136005	1
1290	-0.9011765927426972	-1.411330277838251	-1.0342204779150692	1
1291	-0.8001869036273372	-1.4331433858242484	-0.9891318084980738	1
1292	-0.5944761757480511	-1.4487895107663191	-1.0515438014935403	1
1293	-0.5718385383435246	-1.4552423263857577	-0.9891398539400522	1
1294	-0.5533428374491062	-1.452249495968259	-0.9346189366081888	1
1295	-0.7445207196471415	-1.4385734941572945	-0.7434754283463751	1
1296	-1.018124648215528	-1.4101705157432811	-0.7270951426627563	1
1297	-1.1766602458390993	-1.3686730354079533	-0.6690897881032501	1
1298	-1.2364008438732617	-1.3190236269136855	-0.5294371745126576	1
1299	-1.1029802448292654	-1.2639814234373685	-0.641055387590366	1
1300	-0.8788056900100488	-1.207530302536642	-0.6229047278836545	1
1301	-0.385671157916134	-1.154982274348648	0.2547307238398082	1
1302	0.08571401355819842	-1.1094847229699438	1.8554412580110162	3
1303	-0.03000312011863014	-1.0694933422693813	2.7623823361014934	3
1304	0.23153274211950245	-1.0304739393522535	1.3040319698616636	3
1305	0.44223803479208723	-0.9847730937920564	-0.6472980394685044	3
1306	1.2194902871082096	-0.9254222646322992	0.3650619951068413	3
1307	1.8341098804633629	-0.8559886937925035	0.681225690317938	3
1308	2.0450303223290254	-0.7840617139350826	-0.5164594832525955	3
1309	1.5028455487867647	-0.7126955371730929	0.07354029532790321	3
1310	0.6637930538231405	-0.6414218554496345	1.0011576580204053	3
1311	0.4056609944119063	-0.5646299877380436	0.7229554117543662	3
1312	0.2519844972749554	-0.47428386850498927	1.7984287878863454	3
1313	0.37158857582587573	-0.3752800014343868	1.680851420995138	3
1314	0.6061062288845314	-0.2801757798322718	1.5867015698024076	3
1315	0.38264548288868505	-0.19575514131432872	1.192122099315211	3
1316	0.5640963568364172	-0.12711255689706016	-0.15152266920897842	0
1317	0.8977436860069463	-0.07844005249828499	0.16832771561151227	0
1318	1.353432612460261	-0.05277285164770375	0.06330396937150921	0
1319	2.0045130740193122	-0.05169990115977513	0.9585902686770708	3
1320	1.9934708457511883	-0.07505852478926715	0.9494719629205525	3
1321	0.8054400688903324	-0.12062177598737771	-0.011224539459368155	0
1322	-0.004727912978177633	-0.1836836203237144	-0.12278306912072756	0
1323	-0.3234565538600198	-0.25593130223727856	-0.29127455768038035	0
1324	-0.3010068050294305	-0.33077039882583326	0.16514006309426846	0
1325	-0.3264678037732082	-0.4066952033836067	0.3085862788425004	0
1326	-0.29049636852877125	-0.4808572347756659	-0.015114624449863218	0
1327	-0.5831881825149937	-0.5431611034993502	0.7697927399032376	3
1328	-0.3571758425815918	-0.5838459516771021	1.1943214709018586	3
1329	0.14037155463583037	-0.6060889910255193	1.4185044501329351	3
1330	0.6199890136515486	-0.6191408539606912	1.4567322806477736	3
1331	1.2315050903831573	-0.6286861260212633	0.49207809771085476	3
1332	1.2977198757305466	-0.6364312384961578	-0.3084630996292378	0
1333	0.9704934708178952	-0.6398346004977317	-0.381667731192036	0
1334	0.778936456318854	-0.6346496378520433	0.040880506273062604	0
1335	0.4339633884427695	-0.620934222002766	0.28114409519262384	0
1336	-0.42283031736050514	-0.6045185007188145	0.6702709180615232	3
1337	-0.8132099304107385	-0.5913858491210027	1.1525026989392635	3
1338	-0.6851512854253371	-0.5835375600551157	3.0768550217451582	3
1339	-0.39376881993896684	-0.5793806109280152	3.0604573961075343	3
1340	0.061043572765252095	-0.5792365553358116	0.9181728474112894	3
1341	0.11450164660717292	-0.5862008218374944	1.948787438429936	3
1342	-0.31525068814945656	-0.6008866172017824	2.683841688901309	3
1343	-0.038843109766248246	-0.6204092670863938	2.397966721043858	3
1344	0.3203105127148947	-0.6388522869876755	1.9568141215437636	3
1345	0.6506836318474473	-0.64588999893575	1.7765592741466674	3
1346	0.4916808291536855	-0.6335831353524644	1.7107254190348629	3
1347	-0.08704491687275591	-0.6032931188973182	1.055390773764897	3
1348	-0.09921573476692497	-0.5630488781381658	0.7086068448182415	3
1349	-0.11987257365616981	-0.5226256973846168	0.23836905417490956	0
1350	0.1596951395593268	-0.4888379690668562	0.13556981534441245	0
1351	0.5896441701668662	-0.4648681942035042	-0.07131120138521807	0
1352	0.3113728042328926	-0.45091439122634847	-0.3919139595351929	0
1353	0.500506978794854	-0.44406773890302115	-0.3308499790614166	0
1354	0.7713521327213547	-0.4367043232675366	-0.4240129776128428	0
1355	1.080003151853331	-0.4193657259892962	-0.22653511015874578	0
1356	0.9790285609269359	-0.3903523552313642	0.8302494716595644	3
1357	0.19622311082520857	-0.34984654793716297	1.2859330441410342	3
1358	0.06749637097749833	-0.2929699473022603	0.5827089172774316	0
1359	-0.07634868876873241	-0.2181167507817649	-0.31699067861039	0
1360	0.07402340195236633	-0.12817668397310733	-0.4918950337719369	0
1361	-0.12191418432162308	-0.029384078453972288	0.6015884940453095	0
1362	-0.7105208562470616	0.07032166506986362	0.6942582687097603	0
1363	-1.290264052452905	0.1668744671739287	-0.48070855685468317	0
1364	-1.611606357604805	0.25413536066952447	-0.8567209145253155	0
1365	-1.2533942749640838	0.3209239462615337	-0.002141490688423158	0
1366	0.03833128320426704	0.35872432161520584	1.2343969734881854	3
1367	2.3352238054335475	0.363289343744117	1.4933102686287445	3
1368	3.251040106505674	0.3335268264813929	1.363029680765972	3
1369	3.1863238164143612	0.2711601615659383	2.5712337118572126	3
1370	2.70903860820194	0.18039145101602838	4.284850683337947	3
1371	2.5454056942211785	0.06762191252844688	4.106733713455091	3
1372	2.207372341152014	-0.058368011987050356	3.7145087548015874	3
1373	2.0199518110393786	-0.18372014919863305	2.7075737175045673	3
1374	1.266095041335676	-0.29525223530274725	1.353834877794831	3
1375	0.8690537717921432	-0.38779580860340823	1.2753195725163755	3
1376	0.6282959533492909	-0.4663554766690549	0.6033992146388465	3
1377	0.5797288539484896	-0.542188648301709	-0.36771313588357446	0
1378	0.02826079115437739	-0.6225468330316053	-0.6438908044960602	0
1379	-0.3317597190106419	-0.7090144136739598	-0.4502704625966887	0
1380	-0.4147683038392479	-0.7991083086050184	0.8680172094910543	3
1381	-0.8472227950291842	-0.884770782790802	2.658622558691049	3
1382	-1.377337405270319	-0.9551052099197664	4.132642157681633	3
1383	-1.7731318160405862	-1.0077883820937046	2.562569983820007	3
1384	-1.9003177018241142	-1.0472233325326563	1.0029268764108665	3
1385	-1.7710088429123354	-1.0730415963914715	1.5006955742454602	3
1386	-1.771982676101553	-1.08088838464626	1.8299534266980333	3
1387	-1.5977059582840074	-1.0752143549262851	2.9184590037049194	3
1388	-0.9034727756499786	-1.0682452007031769	2.3591685999276857	3
1389	-0.43605045938872034	-1.0676772776932573	2.41063626949971	3
