timestamp	ibi	hf-hrv	state
0	-0.0682370457100611	1.5694064070258031	1
1	-0.0682370457100611	1.543285069768999	1
2	0.9239410796429914	1.4639987492821527	1
3	0.49506501068109093	1.3345572010007736	1
4	0.15790138413151283	1.1674292116733678	1
5	0.06584776266295961	0.9856679012793103	1
6	0.12705602073877317	0.8218032107679818	1
7	0.035221297110717364	0.7018214862580094	1
8	0.21887287515535755	0.6311791032693196	1
9	0.3109130947153102	0.6066141725741776	1
10	0.49469869184597165	0.6247675844051032	1
11	0.6173743115639014	0.6789975250415329	1
12	0.9541984230955666	0.7593417710582254	1
13	1.046537951947627	0.8569238552311176	1
14	0.8019372193934741	0.9707354703574305	1
15	0.342611712955704	1.0977362742400048	1
16	0.7087086972708201	1.220886112372088	1
17	0.526022056645513	1.3229825075464796	1
18	-0.08595330884380091	1.398840249174404	1
19	-1.1269493610250876	1.4498625814620905	1
20	-0.7322942723852894	1.4708592520754364	1
21	0.552493930531167	1.4527374695003916	1
22	1.8703030733367432	1.3918933049514364	1
23	2.1187769574768427	1.2889059426675877	1
24	1.7835074673430018	1.1490929645227492	1
25	0.8659956166986247	0.9838138620891481	1
26	-0.2978011396808782	0.8077386833353019	1
27	-0.485267794374192	0.6302122338406503	1
28	-0.08904021512510506	0.45622994611641854	2
29	0.1262251024054545	0.30268353367122863	2
30	0.12710069376744582	0.18502506042746608	2
31	-0.6358805633182528	0.09714648176580729	2
32	-0.36459799364368	0.03261650381634622	2
33	-0.3633516161437037	-0.018719513119434632	2
34	0.12474195785351277	-0.07187919168217333	2
35	0.00509516947961057	-0.12811156391346384	2
36	-0.26998460763216436	-0.1835260725912979	2
37	0.12500999602555024	-0.241143755429714	2
38	-0.05582718121269411	-0.3072269103964221	3
39	0.18704917243467908	-0.38181349228974965	3
40	0.005532965160607069	-0.4580115814779105	3
41	-0.5135801970411739	-0.5197742056723198	3
42	-0.6384984027984885	-0.5386641946124717	3
43	-0.7306279684157863	-0.466157385155022	3
44	-0.6702684978847594	-0.27153676022129625	3
45	-0.2130336891888866	0.004957783162441948	2
46	0.12488937884813295	0.3037290804001045	2
47	-0.14692926717051477	0.5924650305581516	1
48	-0.6967582409818832	0.8497058788186502	1
49	-0.5483433850485363	1.0609291326825296	1
50	-0.9429180622367258	1.2174706470858097	1
51	-1.0370534468414399	1.316620555249682	1
52	-0.49006567765367354	1.3627509086652916	1
53	-0.6380695417232285	1.3719172638485038	1
54	-1.0042290682784853	1.3731788445007755	1
55	-0.3380055025806121	1.3769303085495537	1
56	-0.02862266965680326	1.3629300037700942	1
57	0.7339118571421623	1.3131128004711214	1
58	0.49697701630829433	1.2235034289649906	1
59	-0.38649088209035837	1.0996358180493813	1
60	-0.3636151870128737	0.9562205785248579	1
61	-0.30258115374888495	0.8231887540138627	1
62	-0.3931873690884359	0.7095117362208496	1
63	-0.8800256309799378	0.5845483433501798	1
64	-0.12516146320412283	0.4274593294581847	2
65	0.0033439867556296784	0.24304914295014493	2
66	-0.35986711990720993	0.044730118330798214	2
67	-0.3026347613832924	-0.14585845444505768	2
68	-0.39310695763682546	-0.31292025485512415	3
69	-0.6368008277089168	-0.45823946287768164	3
70	-1.185441498957582	-0.5834323127938307	3
71	-1.0392870982750881	-0.6685229322917715	3
72	-1.1287318148691405	-0.6925671997817807	3
73	-0.5837141262458508	-0.6642507919059979	3
74	-0.7902145955507711	-0.5827434812425316	3
75	-1.0957242768886264	-0.4550882049331245	3
76	-0.9777571943928296	-0.31179945111126794	3
77	-0.49139693390812766	-0.17087195282716663	2
78	0.12022104735180014	-0.048135520300117654	2
79	-0.08503304445313697	0.040765397864610996	2
80	0.24583168505354983	0.08671660065121492	2
81	0.31030554152535633	0.08708783170697244	2
82	-0.23422521108539504	0.04437759932179751	2
83	-0.48303414294054536	-0.03431114580190012	2
84	-0.24370482776980318	-0.13584892763027545	2
85	-0.24073853866591632	-0.2395287668397452	2
86	-0.11964434416301013	-0.3354901635454406	3
87	-0.7840452502910235	-0.43223080381333073	3
88	-0.338528177016083	-0.5337520649019998	3
89	0.0001632671141145453	-0.6287382407444772	3
90	0.06499897511817292	-0.6905144644917068	3
91	-0.17621554186256805	-0.7046755335520198	3
92	-0.6028864272463427	-0.6836363484501131	3
93	-0.5178509385823119	-0.6382054720309458	3
94	-0.7585204446132414	-0.5714484681214388	3
95	-0.6711440892467507	-0.49444306509418584	3
96	-0.9117153146146018	-0.426655780414051	3
97	-1.2173545477356076	-0.38223581588170275	3
98	-0.6776842206444732	-0.3656132813345755	3
99	-0.3677295729536534	-0.37478652694565606	3
100	-0.24250759060136695	-0.40295960907543665	3
101	-0.08970584325233041	-0.4384203468016539	3
102	0.576973387338009	-0.46291124088609886	0
103	0.9794685925099151	-0.45122427729652514	0
104	1.1363579219825302	-0.37216601826982654	0
105	0.5650738554054799	-0.19651862548297222	2
106	-0.28891120697494904	0.08047565451371032	2
107	-0.8452803121840484	0.43006908743561767	2
108	-1.004680265868084	0.8183398471716111	1
109	-0.9467286715825303	1.2215995882301036	1
110	-1.2775934010892154	1.6172923468637448	1
111	-1.373435295389241	1.982422442344145	1
112	-1.0130207203213326	2.2945902925948762	1
113	0.048282327788739796	2.533693840802775	1
114	0.8195057586646068	2.6839049447685004	1
115	1.8871657787548386	2.735538137685453	1
116	0.9405253719247177	2.6865674530564796	1
117	-0.34158691657423834	2.5439097442386887	1
118	-0.4838739958795955	2.3259541350944217	1
119	-0.5160908212525962	2.0731729816775717	1
120	-0.847956226601559	1.8250688344623724	1
121	-0.49239760975039853	1.5754202431597988	1
122	0.778769786723662	1.3044300897202525	1
123	1.4036377882880058	1.016540602014955	1
124	1.3543304250506722	0.7313036430739165	1
125	1.594026059056532	0.48616066934905316	2
126	1.4178884844346857	0.3188939316700068	2
127	1.5649899533250482	0.22525181408362424	2
128	0.9660859160254511	0.176205517739699	2
129	0.473435693103586	0.15575058231321653	2
130	0.19359377113527748	0.1629505328407876	2
131	-0.38297064743092174	0.18582348748166216	2
132	-1.1757742555527417	0.1942126504085032	2
133	-0.6799089374723849	0.16902231982308533	2
134	-0.7300025460143644	0.10518049954462477	2
135	-0.6410268962213771	0.005009261959812334	2
136	-0.008177187339140787	-0.12363927655650706	2
137	0.5753562237000528	-0.2686250452363029	0
138	0.7070647298156542	-0.4133210425020809	0
139	0.43918177762309896	-0.5303470263491739	0
140	0.37356875892012775	-0.5712031289414234	0
141	0.37232684872301886	-0.5170985151067887	0
142	0.16216319106691776	-0.3886684914858233	0
143	-0.20247298521058865	-0.21712139744698372	2
144	-0.8403886155443627	-0.037679519347320625	2
145	-0.553704148489294	0.12862189008700672	2
146	-0.12719408600874688	0.2674841380806213	2
147	0.5418974881299466	0.36941782566072007	2
148	0.01630809967654179	0.430551468109349	2
149	0.42437713592086923	0.4586128724207834	2
150	0.583571593673008	0.461728562614524	2
151	0.6768492561272038	0.43293011443257146	2
152	1.3084123817836706	0.36569348638162685	2
153	0.8729646091716105	0.26301071754476657	2
154	0.26338371801917243	0.131430916799871	2
155	0.15981785706158702	-0.01924534670002013	2
156	0.03791061343683021	-0.16951971595132256	2
157	-0.3542919259288189	-0.2822137642717924	2
158	0.3255421486997658	-0.3431727189992377	0
159	0.25183127280432993	-0.37852785883172346	0
160	1.297717658719382	-0.41421557983355517	0
161	1.292639698265193	-0.46300069046894415	0
162	1.2320568625908013	-0.5280905006619895	0
163	1.1408296921526977	-0.6057185914528858	0
164	0.899257790942574	-0.690209686742964	0
165	0.29501979401940853	-0.7757961837901228	0
166	0.848774164145192	-0.8552836240340899	0
167	1.311454615036297	-0.9234467076251882	0
168	1.6814649566631616	-0.9754478251919395	0
169	1.5409036191705285	-1.0013765674996988	0
170	1.6866425606863649	-1.0059813780186304	0
171	1.2420100133791436	-1.0075442343432148	0
172	0.84205670353872	-1.0091736416111006	0
173	0.7424712094359083	-0.989805722084407	0
174	0.3816009694755302	-0.905213367032494	0
175	-0.10568849000556708	-0.7485713441468023	3
176	-0.6856837971738594	-0.5580404112750768	3
177	-0.521335434818804	-0.36164563516373793	3
178	0.050770615485826676	-0.17658789917128784	2
179	0.7823883020461668	-0.014298389978294851	2
180	0.8910334863638736	0.12002420492784037	2
181	0.9829798925636152	0.2322483495646044	2
182	1.4330625493689408	0.33692600102603765	2
183	1.176629294425267	0.43441917870163793	2
184	0.5129252875445443	0.5126983646569838	2
185	0.8230840682613099	0.5664022401545961	2
186	0.8917795259427145	0.5995817268700628	1
187	0.774143023859099	0.622834300067108	1
188	0.9497266529254008	0.6435011309485512	1
189	0.9547389667425089	0.6759854563446781	1
190	0.5374136789571177	0.7485651082713725	1
191	-0.4877591864681986	0.8696922030068983	1
192	-0.5762179920345233	1.0251997318126649	1
193	-0.22037793510272827	1.1876202136461578	1
194	0.05803444994805113	1.3235080196099747	1
195	-0.17249874587697628	1.4133839001229156	1
196	-0.26877843585799327	1.4482556837706	1
197	0.5028278201585134	1.42594423846215	1
198	0.25763429922895664	1.350223088390609	1
199	-0.434967326994368	1.2312401080883084	1
200	-1.2291826028222559	1.0903573064323526	1
201	-1.192776810265687	0.9349560587336729	1
202	0.05873445359227509	0.7563897194093144	1
203	1.2567315178178455	0.5590669670594218	2
204	1.4109105573559633	0.3640931745738744	2
205	1.3253121885306598	0.19881217329831627	2
206	0.6980912812612051	0.060946311297955975	2
207	0.44099550258722053	-0.0697554023180206	2
208	-0.19066590373233314	-0.19810144143486935	2
209	0.1466035751801191	-0.31597397981381276	0
210	0.09831475699652971	-0.4045338038001985	0
211	0.15587769593262704	-0.45467314070581916	0
212	0.3360179739235689	-0.4685555330742191	0
213	0.4902045851614704	-0.4459441204811005	0
214	0.4355364584833811	-0.39474142487924935	0
215	0.6415142533528304	-0.33345525340908666	0
216	0.6185134737950627	-0.28223441302882835	0
217	0.43942301197793526	-0.2565007866368912	0
218	1.3241493268792002	-0.26557542648345944	0
219	1.8577812233997002	-0.3137965825288911	0
220	1.6962874675768644	-0.40194754991319065	0
221	1.5717355806546691	-0.5280444514451461	0
222	1.478806367824123	-0.6874937385506972	0
223	1.0012600958966074	-0.8728559419112096	0
224	1.3412769660724286	-1.07331079731117	0
225	1.531147029708348	-1.276052174822698	0
226	1.4482067060890853	-1.4703762219397536	0
227	1.29697298204647	-1.6462508190411456	0
228	0.6695019058164509	-1.7866681965129563	0
229	0.35185902989101414	-1.8650416452251652	0
230	0.3120433223407366	-1.8766235774489548	0
231	0.22214294085421965	-1.8515576163134733	0
232	0.3967884363183894	-1.8191345778943153	0
233	0.4029801180924657	-1.7948461950708787	0
234	0.3141429546883654	-1.7878271726112547	0
235	0.5774915944706175	-1.802947856702478	0
236	0.08364102998341169	-1.8385440529574772	0
237	0.1841900985996072	-1.8886883496921323	0
238	0.27719078827602894	-1.9484554708946356	0
239	0.07323668160547049	-2.011970204544586	0
240	0.09537973901271486	-2.0771604028549615	0
241	0.2147718911231802	-2.1427588486946476	0
242	0.04160060560522247	-2.2006243160691934	0
243	0.33086270641470805	-2.235223991717136	0
244	0.312105864580879	-2.2211631441524027	0
245	0.45883654733325646	-2.148509629358441	0
246	0.4347278766644012	-2.028518443454044	0
247	0.4040790745978201	-1.863440847447361	0
248	0.5802791914598071	-1.6605027982311367	0
249	0.261900573467229	-1.4384184082417193	0
250	-0.282022625953577	-1.2098375321964199	3
251	-0.5383366266257864	-0.9845837086331547	3
252	-0.9016549485574478	-0.7731434715753032	3
253	-0.8265279376530834	-0.5864805447720077	3
254	-0.793627614941386	-0.4339080057856421	3
255	-1.0286459828451815	-0.32222795313160035	3
256	-0.38841318522924256	-0.2553192536652142	3
257	0.2563508204000813	-0.23345325074710027	3
258	-0.014684684710819735	-0.2524071617261914	3
259	0.1213378730686243	-0.30109280116377996	3
260	0.39256683510879303	-0.3587879830501115	3
261	0.10806241185297531	-0.41455714132625776	3
262	0.1259347277190799	-0.47548124061023345	3
263	-0.4920388626150495	-0.5473723816413986	3
264	-0.9882718624365089	-0.6290876165504928	3
265	-0.9186485686646447	-0.7110700254183875	3
266	-0.6498855578072275	-0.7638315950643042	3
267	-0.9044157417294362	-0.7639211762987478	3
268	-0.8561894657859909	-0.7295248319402243	3
269	-0.3235953464366318	-0.6849280034295213	3
270	0.49314717484505033	-0.6315455018258177	0
271	0.5844873907608046	-0.5494906734658781	0
272	0.9990965584028578	-0.43314253646083545	0
273	1.0160455054814026	-0.30257451118682854	0
274	1.2220813752881252	-0.17277158421366529	2
275	1.0834722491484954	-0.060197898145670004	2
276	0.2534587339539891	0.017798737407118983	2
277	0.1013793267634984	0.052365715688704094	2
278	-0.37420579920529945	0.04422160261589922	2
279	-1.2175229423386325	0.0029441864098853424	2
280	-0.8700068335545383	-0.05261516901911356	2
281	-0.7655966523550422	-0.08879855188530625	2
282	-0.14448701540809245	-0.058490979678756015	2
283	-0.3532733808750766	0.04461510525672082	2
284	-0.3339625934857029	0.19403351744371788	2
285	-0.45023656819479035	0.3602038651543045	2
286	-0.45531142425204424	0.512008645293251	2
287	-0.22030645825684422	0.6392870726087881	1
288	-1.3261891002647066	0.7495278016107788	1
289	-2.0209766004960787	0.8556687411151814	1
290	-2.1373680879856702	0.9582811750553247	1
291	-2.0531679849578293	1.057212453770292	1
292	-1.7557485891126394	1.1526590293173125	1
293	-1.9775392732263835	1.2300989137429417	1
294	-2.105352291241701	1.2696294709928264	1
295	-1.5237903236729793	1.257234256785798	1
296	0.057254413437239506	1.1858797212050656	1
297	0.5670649095783409	1.055545972475246	1
298	1.9065913531127958	0.8733330258929269	1
299	2.699347183809037	0.6534728139151268	1
300	2.703311044358299	0.4156748862557281	2
301	2.7019753208009774	0.17861421481870404	2
302	2.0278772630539974	-0.04590503220634024	2
303	1.3815631033297204	-0.24774262770999428	2
304	0.5328405237269674	-0.4077087289979481	2
305	-0.7354588643062814	-0.519926628187931	3
306	-1.5833474211788523	-0.5873705035204859	3
307	-1.3272729133704968	-0.59938615777867	3
308	-0.46443055231018393	-0.5601599441937017	3
309	1.0977635296059216	-0.4897486594605046	2
310	1.8718607991314802	-0.40516588210094945	2
311	2.1684059665206163	-0.31619091910009184	2
312	1.771174607032347	-0.22025032424878196	2
313	1.020237198476895	-0.09266957404849985	2
314	0.5465671825322305	0.07716290134164051	2
315	0.6425953406467168	0.2666229512264221	2
316	0.3557455833855564	0.45415213896599366	2
317	0.04925756271976569	0.6247758873287199	1
318	-0.14028192050397392	0.7678134446186862	1
319	0.08508260590360396	0.8773559828927381	1
320	-0.02046537462111437	0.945775281132814	1
321	-0.8152064292813777	0.9624849850666789	1
322	-0.06488376703068806	0.9227599503605042	1
323	0.003049144766387624	0.8306172759602444	1
324	0.530273566069232	0.6973019555612219	1
325	0.7022757811419109	0.5426100460488142	2
326	0.15468628897301612	0.3933816915457078	2
327	-0.31085323575316237	0.2714386197501098	2
328	0.046803650539680816	0.18247279209601586	2
329	-0.05095782108734385	0.1243630059102902	2
330	-0.31947066298419174	0.09888335000343143	2
331	-0.8579214163925543	0.11236538753719702	2
332	-0.6510604584613435	0.1634489449991236	2
333	-0.46421029156370314	0.23363878552978082	2
334	0.3321613286431305	0.31634454185373956	2
335	0.6056163704171672	0.42406497759262696	2
336	0.38429922040738473	0.5559843674460256	2
337	0.663849404783371	0.6966056919001672	1
338	1.028633002055501	0.8259766766045153	1
339	0.930125490849649	0.9259383851724308	1
340	0.07905894014751629	0.987095712438699	1
341	0.20994720402649406	1.0081641551139575	1
342	0.539489611884477	0.9959107568020479	1
343	0.2067410434737186	0.9657106887149545	1
344	0.10104427904844604	0.9440278601545876	1
345	0.18379697594728162	0.9714017733421809	1
346	-0.015377116655253095	1.0847844062949046	1
347	-0.17170356596659536	1.2797310595493976	1
348	-0.2667413457505052	1.5090640701649796	1
349	-1.377140430957172	1.7256064622679341	1
350	-2.1344763801245565	1.8996784430770683	1
351	-2.4918813559658908	2.010176560853316	1
352	-2.7417624405091856	2.0435432383385135	1
353	-2.2890141667980255	1.9948718464256288	1
354	0.14947953390570853	1.8687915729616076	1
355	1.4141689626371765	1.6800598214595273	1
356	1.7955856913902315	1.455068440358478	1
357	1.638653051794895	1.238401598910062	1
358	1.4547602393954169	1.063812783792454	1
359	0.7478958780227899	0.9209048738407583	1
360	-0.016724879215239484	0.7938674876452971	1
361	-0.4924945275075293	0.6798507461433804	1
362	-1.2135917158153853	0.5642510938272569	1
363	-1.571693590903991	0.42982388923847104	2
364	-0.6895015996344521	0.2710738435754599	2
365	-0.6392310404687253	0.09151230248160373	2
366	-0.20389048312547167	-0.10016454456939841	2
367	-0.23746847296705423	-0.2911906000327348	3
368	0.04939915350556906	-0.46363807128965245	3
369	-0.5724104870856285	-0.5974248018274204	3
370	-0.6955922749335189	-0.6720286985977243	3
371	-0.5265353753563443	-0.6970027159214522	3
372	0.005308237111272444	-0.7117530469687023	3
373	-0.051833412449326634	-0.7424430598858021	3
374	-0.02783195704928978	-0.7987857077389052	3
375	0.5534843088617588	-0.8824318683814222	0
376	1.2244164117817649	-0.9886009372007073	0
377	1.3481923509110052	-1.0987413533836088	0
378	1.3822005647337918	-1.1862083530203131	0
379	0.8625214179738032	-1.2432573003701508	0
380	0.2239624960271495	-1.282133246997117	0
381	-0.4196623473710147	-1.3144264113943336	0
382	-0.42636019727503993	-1.3460324336863025	0
383	-0.1641373178153485	-1.3804648722757573	0
384	0.4300671168678488	-1.4192503556929905	0
385	0.782602732583802	-1.460938022833756	0
386	0.13600539128794195	-1.498644184057892	0
387	-0.6267748371687188	-1.5222376937997015	3
388	-1.190523926714623	-1.5240989508717404	3
389	-1.13488329091741	-1.50616424358514	3
390	-0.08872576243343139	-1.4715481889002113	0
391	1.0435421332146215	-1.4120493227835875	0
392	1.9173888241431067	-1.3107450571117794	0
393	2.428730242261727	-1.1426708745308498	0
394	2.398953927160204	-0.902090707693868	0
395	1.7309001301927176	-0.6112301406936687	0
396	0.8815342589770797	-0.29035695880607054	0
397	-0.09216906862317117	0.0477161363134036	2
398	-1.1884497352782293	0.3923031978399517	2
399	-1.3966728419989707	0.7337099095062684	1
400	-1.059112988400166	1.0598512714234425	1
401	-0.5758619707110815	1.3544001024917391	1
402	-0.08548113764581092	1.601381897286953	1
403	0.49147193626983626	1.7904622617035835	1
404	-0.8016423348703312	1.9183274815606655	1
405	-1.5191237336675811	1.9881627261671007	1
406	-2.0203333088832056	2.008767676565412	1
407	-2.1934791534898945	1.9941147731212203	1
408	-2.260217932515423	1.9662779797586682	1
409	-1.341274803462589	1.941975462021641	1
410	0.9366632750203713	1.9108230249160303	1
411	3.066047632596266	1.8601349729115575	1
412	3.4517825017310133	1.7908239565694113	1
413	2.978490465039115	1.6977731540886731	1
414	2.428652556622014	1.5779292228833786	1
415	1.9921893433531022	1.4423042783579447	1
416	1.217514050266766	1.3189656187570862	1
417	1.0829272381986839	1.2289093523673715	1
418	0.18484951793300325	1.1646719494974	1
419	-0.39104616810904574	1.1136495854209685	1
420	-1.403228116796247	1.0743431483691686	1
421	-1.2078762939571606	1.0486053558053665	1
422	-0.500449052423244	1.0243411072510578	1
423	0.20635412961521213	0.9866775466129921	1
424	0.2784773715018121	0.9313742369709531	1
425	1.0856227633186328	0.8569745670713637	1
426	1.656242564674402	0.76468795118007	1
427	1.805418225001143	0.6589096342611861	1
428	1.8417762401321314	0.5460995119189422	2
429	1.2688585036115843	0.4295712869066184	2
430	-0.12001104158317255	0.30729637278168587	2
431	-1.0433228142552344	0.17859848659369532	2
432	-0.7542957390067491	0.0493785930216636	2
433	-0.013105985307757893	-0.06556804759851824	2
434	1.1551790475474548	-0.13613526078242547	2
435	1.8910509693434265	-0.14862574582763402	2
436	1.9356435865648078	-0.1321888895188972	2
437	1.2180054535822091	-0.11913698982338622	2
438	-0.20833893246038554	-0.12250786349055476	2
439	-0.2733484866912392	-0.14570786890583265	2
440	-0.35746817826747174	-0.18493142139443433	2
441	0.18171384990516984	-0.22755137583927681	2
442	0.3051100682906886	-0.25125669640257803	2
443	0.5117713604988399	-0.25070555685756946	2
444	0.1815021451794386	-0.24029262316159564	2
445	0.3584424714114479	-0.2265115992124675	2
446	0.687645364251494	-0.2047206674052612	2
447	0.8241562209494614	-0.17064212858541877	2
448	0.6028748093626065	-0.13219321065668788	2
449	-0.4159173846622435	-0.0984769658184404	2
450	-1.0302662508800489	-0.06994961267677606	2
451	-0.9824478624034961	-0.042899378412749926	2
452	-0.6041162984407935	-0.011971913016509668	2
453	0.10929266163245227	0.018741958267474556	2
454	0.15775396313689266	0.04006895937096699	2
455	-0.300247858746202	0.04938416599211081	2
456	-0.38993963990391267	0.04727597226707929	2
457	-0.22230780994139965	0.03852597822198765	2
458	0.4193723938035262	0.03804992493336915	2
459	0.8647880820184854	0.053444069400382384	2
460	1.0364463147703942	0.07974891536099529	2
461	0.6749207441944818	0.12834230469712546	2
462	0.7911754867861519	0.20513846956191648	2
463	0.8586513707847847	0.292427053257597	2
464	0.37683572022208367	0.37317231886285757	2
465	-0.601480968334133	0.43596864548194164	2
466	-1.6128914365312537	0.47134407985933463	2
467	-2.024300273829353	0.4718174105508548	2
468	-2.1921166261153737	0.43441403159077546	2
469	-1.7741092038972435	0.3608342632857725	2
470	-0.14349489558652517	0.24683632070068964	2
471	1.0017652797055954	0.08626542433993535	2
472	0.9346061956255531	-0.1174503649015692	2
473	0.8669962925408989	-0.35325345819715176	2
474	0.23489398614346818	-0.6029115318076814	3
475	-0.7247373374247882	-0.845150848802815	3
476	-1.5057799000029677	-1.0653282505763488	3
477	-1.787043787189032	-1.2535869396712902	3
478	-1.518831617490253	-1.3910388534790326	3
479	-1.2408614954233224	-1.4554407620872893	3
480	-0.9650222768241076	-1.4406172304892761	3
481	-1.002781662149483	-1.3531822012330954	3
482	-1.4061332265659392	-1.2044980849617886	3
483	-1.6357162497861955	-0.9994150180559994	3
484	-1.6507889296604712	-0.7371937256125772	3
485	-1.7647533087871656	-0.4331520476858713	3
486	-1.9443217720110966	-0.11062476238271646	3
487	-2.3275897056421457	0.2115105503491972	2
488	-2.5836356681423327	0.5158421428829767	1
489	-2.4586741522622932	0.7865637142508217	1
490	-2.1346175923253665	1.0101849756302093	1
491	-1.4274449870548762	1.1764668719887557	1
492	-0.4926549718257512	1.279314628886445	1
493	-0.5100242239588096	1.3174005671875604	1
494	-1.2278901893876832	1.294462916431324	1
495	-0.7140212621670976	1.2200039757552243	1
496	-0.47079062868724103	1.1130809794479617	1
497	0.3693757030186519	0.9826904028224908	1
498	0.03557110964032139	0.8190983264388951	1
499	-0.36508356675025866	0.6166438291538895	1
500	0.003932307828154202	0.3794295112912287	2
501	0.1772389753380894	0.11820200613891037	2
502	0.38731328693685546	-0.14927733140901578	2
503	0.5166228514127204	-0.3950775454075193	0
504	0.5824056276246455	-0.5740432433864288	0
505	0.5016944881361604	-0.6565710903768593	0
506	0.09737798630035223	-0.664365227384219	0
507	-0.4736693132247224	-0.6330594278311383	3
508	-0.6585596970695687	-0.5829090827083518	3
509	-0.5563487917867376	-0.5265155808330749	3
510	0.020317011839434303	-0.4643591889029104	3
511	0.06579415502855213	-0.39876586037781525	3
512	-0.5583563522651155	-0.33494467438966025	3
513	-0.8355058535103982	-0.27405100187763326	3
514	-1.222503985035667	-0.2207716558824587	3
515	-1.8477950174663804	-0.17838670723530553	3
516	-1.697546825866523	-0.14488092251668191	3
517	-0.9443905306920423	-0.10927658185470625	2
518	-0.7710825002760845	-0.0485100900041733	2
519	-0.9602185633358178	0.04987313417661823	2
520	-1.543111787159024	0.16773800969975242	2
521	-1.391170487772418	0.28215886331111856	2
522	-1.2899320916086972	0.38230708819127446	2
523	-1.0563789990453787	0.46439233373814276	2
524	-0.1599005732061165	0.5303160119305736	2
525	0.705275082856796	0.5880180678454335	2
526	1.1954383809875322	0.6553796175579338	1
527	1.258921859128781	0.7733135218018163	1
528	0.6669926445110221	0.9624998669495161	1
529	0.023367801112791593	1.1979687990594083	1
530	0.11528467768342988	1.459833511540075	1
531	0.04224389721810726	1.7302223999231559	1
532	-0.5587628768260434	1.9805207800441518	1
533	-1.3154943772003942	2.1880179089547367	1
534	-1.2900929145119195	2.337418046094546	1
535	-0.8872014822907749	2.419592355301715	1
536	0.7289387647298816	2.432467424290803	1
537	0.6084500033409685	2.3820396906766215	1
538	0.27610212928237066	2.283423152368971	1
539	0.5604622359404607	2.163457127511216	1
540	0.7281266999290054	2.070851738116555	1
541	1.1072981168307325	2.053243571198355	1
542	0.3198012859302315	2.099024577439114	1
543	-0.5972459652158425	2.1595875818703867	1
544	-0.6416567859256664	2.200543873015682	1
545	-0.38522353098198914	2.1988175533871805	1
546	0.5114246523661674	2.1376535868478084	1
547	0.8408268323442674	2.0065909668537603	1
548	0.18574744580933	1.8018067634732597	1
549	0.578383692138119	1.5261260462692148	1
550	0.7867573242504123	1.1885023918545006	1
551	0.3785288280087896	0.8029672036477997	1
552	0.17252286641618633	0.3872204703452497	2
553	0.04500469039010413	-0.03879542972857144	2
554	0.035140885659105274	-0.4538056433673913	0
555	-0.21846456656958402	-0.8334829661628245	0
556	0.1255223729493148	-1.1538280089106376	0
557	0.38310955493873394	-1.4016169175321296	0
558	0.5438050264542639	-1.5791555041954632	0
559	0.4436044074617196	-1.694304400912817	0
560	0.5462575757284232	-1.7511520519479216	0
561	0.4717917256484184	-1.7553114385094328	0
562	-0.014214255003813743	-1.7048487715296698	0
563	0.16832223881493866	-1.5998807556841472	0
564	0.21654541036149486	-1.458172979733156	0
565	0.30346163353265526	-1.2992387975264807	0
566	0.31102030998412517	-1.1385031482323094	0
567	0.6485176213427841	-0.9893905673082456	0
568	1.0444235547854686	-0.8631590394341788	0
569	0.8524253134937353	-0.76828407134524	0
570	0.5229007748472069	-0.7096480678388731	0
571	0.5230468329358913	-0.6870704672833398	0
572	-0.23317266909970405	-0.6925477178115254	3
573	-0.13345724462869024	-0.715257064127056	3
574	-0.3990605094529887	-0.7473660978892335	3
575	-1.070706017925814	-0.7840477134740608	3
576	-1.2701062014836109	-0.8233425686828953	3
577	-1.563750726405939	-0.8609088964106016	3
578	-1.5333311196915462	-0.8853597760576484	3
579	-1.6685316937434254	-0.8755112861948209	3
580	-2.0743760131598425	-0.8116408572298205	3
581	-2.559583709504783	-0.703213622233785	3
582	-2.5729825137097766	-0.5850178533641892	3
583	-1.925161131428206	-0.48659763865876493	3
584	-0.9397503659188515	-0.4248066630133496	3
585	-0.06856172019635932	-0.4096320355747737	3
586	-0.2759113556310958	-0.44511184089474354	3
587	-0.2740096475155988	-0.5293936165962942	3
588	-0.38351565838073665	-0.6544454637295575	3
589	-1.0666407723164981	-0.805717230244283	3
590	-1.4379256581665678	-0.963546649170646	3
591	-1.4948868741215315	-1.1063744523022019	3
592	-1.2173916490644998	-1.2054495443495388	3
593	-1.0789553848307454	-1.2345495734439607	3
594	-1.068376811640981	-1.2039446449126272	3
595	-0.7323805140457319	-1.1499120175685205	3
596	-0.3645948892467381	-1.0999130941884467	3
597	0.17113527671539025	-1.0691374261421662	3
598	-0.032816104143259237	-1.0658908941345393	3
599	-0.3646189672520457	-1.094285133578013	3
600	-0.36602753056121423	-1.1553077693723963	3
601	-0.6151076049853251	-1.2468294637027295	3
602	-1.226567867738889	-1.3635038182325534	3
603	-1.506661321573781	-1.4965548540658535	3
604	-1.7798112238468504	-1.6335613281455506	3
605	-1.748145239632507	-1.7641629352254387	3
606	-1.1278366128047228	-1.8863855708362087	3
607	-0.2579403805169224	-2.0010531055927387	0
608	0.49116679676888614	-2.10550763814006	0
609	0.6959322110703452	-2.1941782315226144	0
610	0.3463879467845387	-2.2592353800226266	0
611	0.0038099491597580284	-2.291666399406928	0
612	-0.19370813698494593	-2.285904273215619	0
613	-0.34968166936976275	-2.240323366028982	0
614	-0.3075219907201141	-2.155737961732819	0
615	-0.2741347319958869	-2.0349182948263156	0
616	0.007666973025230997	-1.8792229902476627	0
617	0.2583521720846129	-1.6860565427909795	0
618	0.33616092761532673	-1.4557740380513584	0
619	-0.18828346839810506	-1.1990904967050717	0
620	0.03814155027997883	-0.9310272003016087	0
621	0.010027071845108296	-0.6657051712712809	0
622	1.2311668849992539	-0.4164270159195495	0
623	1.8828490012790633	-0.19515816184396698	2
624	2.409435961177889	-0.011403483677061312	2
625	2.8190029067886773	0.1288684231848055	2
626	2.3537399762553015	0.22389713599297412	2
627	2.4427665078707514	0.2762043947494475	2
628	2.4010446249021045	0.2920245802260062	2
629	1.8384865637308139	0.28018530113454154	2
630	1.336883865862947	0.25059792017816745	2
631	1.4311192726216724	0.21362278549191033	2
632	1.4730256779138402	0.17288183173239463	2
633	0.557456725431709	0.12271575686984366	2
634	0.9651450566114086	0.06930251164764954	2
635	1.6002864918645818	0.02328072215463896	2
636	1.9935625468243334	-0.028565147648278125	2
637	1.666046552977125	-0.10349267635371626	2
638	2.0462248545149966	-0.20426284586758	2
639	1.9498942827114965	-0.3266185647920575	2
640	1.157281027122026	-0.46075625812078136	0
641	0.8272042844109267	-0.5857486487053992	0
642	0.6625239787377234	-0.6728565821164633	0
643	0.7871325776912392	-0.7048358037178034	0
644	0.4958838900117465	-0.6940733925248872	0
645	0.5476156358000733	-0.6696194604461901	0
646	0.8061931961200622	-0.650401295408565	0
647	0.6655215389616858	-0.6421808222196017	0
648	0.342814104490681	-0.6390246680321376	0
649	0.39429568131843845	-0.6184850316665829	0
650	0.20870218943247396	-0.5694636985553552	0
651	-0.47758130763051987	-0.5013718041346205	3
652	-1.046682226011413	-0.4113024473558441	3
653	-1.1545112568103628	-0.3019424015458622	3
654	-0.6056142078073243	-0.20042734943604298	3
655	0.14602009999550855	-0.13195277092302526	2
656	1.1895120115735622	-0.10801257432718593	2
657	0.8760841494789139	-0.1319831350821509	2
658	1.192463157277912	-0.2005319189868732	2
659	1.2860459592330613	-0.30452061706243755	0
660	1.0425410787873415	-0.429878513364697	0
661	0.43424366646375495	-0.5527077798416777	0
662	0.28922570220053034	-0.6437070199922181	0
663	0.1141915513869263	-0.7074467485738374	0
664	-0.23584994642313672	-0.7662560508207051	0
665	0.19928685647916153	-0.8242919769995097	0
666	0.5542214138348562	-0.8761998707046672	0
667	0.9190362822270498	-0.9022445885273616	0
668	0.7056767615298863	-0.8905506782202969	0
669	1.2045726524452018	-0.8592600461898061	0
670	1.7039059604565951	-0.8329711695325277	0
671	1.834704499693193	-0.8249122077041589	0
672	1.2905695955466454	-0.8410114763974755	0
673	0.9541059726412947	-0.8822759991861128	0
674	0.8411453737537926	-0.9445587986371267	0
675	0.41749128071139424	-1.0161777752541377	0
676	0.4276025285910536	-1.0751950301836137	0
677	0.1849330337815334	-1.1053060001033792	0
678	-0.06327727948939456	-1.108350182676109	0
679	-0.19796994392035597	-1.094976177169111	0
680	-0.45866500579942626	-1.0680340758728444	0
681	-0.09934764574592062	-1.0044980392005576	0
682	0.5782349082375239	-0.8821755140040304	0
683	0.8138456859317499	-0.7233487567473946	0
684	0.7493195847314784	-0.5664940817136876	0
685	0.6573731785317317	-0.4315304779446629	0
686	0.6482062730480405	-0.32747460352754165	0
687	0.09643228099841267	-0.2566426117903126	2
688	0.6971624608498375	-0.2151289498218302	2
689	0.5777609955486248	-0.19291922610654952	2
690	0.5286711672458206	-0.17002235046392827	2
691	0.3601682132242042	-0.12630121423211724	2
692	0.5897708471468665	-0.07262670278637938	2
693	0.7278005868196981	-0.03578980665333019	2
694	0.4921492248147003	-0.029909697489983886	2
695	-0.4174081009139554	-0.06127319766344529	2
696	-0.3788754936075527	-0.1309027027760948	2
697	-0.5837038287341547	-0.2381478485836333	3
698	-1.104289837976234	-0.38006549709721377	3
699	-1.022661159908965	-0.5477923329840552	3
700	-0.7592946509152243	-0.7252640233386622	3
701	-0.3733508028666545	-0.8860501454688321	3
702	-0.7455236976662875	-1.0112053568157948	3
703	-1.0676696148820028	-1.1107784337924667	3
704	-0.9614663037417605	-1.2001506149274672	3
705	-0.6156642763527634	-1.278590080698544	3
706	0.30219776540622	-1.3339962455701146	0
707	0.3754807645473311	-1.36323536911843	0
708	0.7022654836302181	-1.372273429522585	0
709	0.32780979706539	-1.35614711718514	0
710	-0.2968379437524814	-1.3151514586963287	3
711	-1.0503887244853902	-1.2608564777611946	3
712	-1.1022063333490772	-1.2015401486453472	3
713	-0.7693594842752814	-1.1407348737432388	3
714	-0.1818292000758313	-1.0762266913509062	3
715	-0.06319823094374206	-1.0063617325562526	3
716	0.3001499992020505	-0.9344062454736967	0
717	0.8907671896827537	-0.8565494214214967	0
718	1.4213925913736178	-0.750779655216423	0
719	1.201387086915834	-0.6019782997114793	0
720	1.4162833597993756	-0.41963582493725726	0
721	1.692122578398587	-0.2150040620573489	2
722	1.7759353889829297	0.007715585845063735	2
723	1.4258148426272328	0.25148689907085164	2
724	1.1096506439508362	0.5341806553105701	2
725	0.5838110865368961	0.8441205176756418	1
726	-0.6532292204278832	1.1404825235883298	1
727	-1.477747574510639	1.3967488663138345	1
728	-1.6958568224767265	1.5936434503945949	1
729	-1.2462772294044266	1.7182887624852214	1
730	0.7541691070033338	1.7653349461460384	1
731	1.478450725085719	1.738855857060825	1
732	1.5645387557354478	1.653727979565453	1
733	1.8690195945078816	1.5261591607869445	1
734	1.6859604262536207	1.3662308037580477	1
735	0.5921676687106218	1.1859138712427724	1
736	-0.3020677925041478	1.0040351243973866	1
737	-0.6676582301043025	0.8497468758551439	1
738	-0.8099810478326076	0.7515902983448756	1
739	-1.0693582553658243	0.6943808054532732	1
740	-1.0716781484599152	0.6417380694975614	1
741	-0.5487749719357307	0.5779058365134565	1
742	-0.21253471417368353	0.4966226994529277	2
743	0.42201567419499664	0.39815192098023655	2
744	0.6316102428960348	0.292114759558834	2
745	-0.3903183763266055	0.1857487931448953	2
746	-1.2543964387903221	0.07775713590438196	2
747	-1.6174628502704318	-0.023397904491944777	2
748	-1.4595755707674396	-0.08705249299472638	2
749	-0.8080463271060614	-0.08489417314500965	2
750	-0.4854255128804998	-0.03140760741827129	2
751	-0.2914946709382065	0.03851261779433367	2
752	-0.8446566312735748	0.10443066774020528	2
753	-1.242636756152604	0.1563960367223021	2
754	-1.0373451844337773	0.19141652700241824	2
755	-1.143494887939602	0.21171607483538943	2
756	-0.9693734298168765	0.217359343319588	2
757	-1.2730755949844463	0.2049537460807016	2
758	-1.3954175298932578	0.17516367875911043	2
759	-0.8329546449881412	0.1353373867675459	2
760	0.19234640931438132	0.1009591300484002	2
761	0.6926339786483428	0.10384651517063406	2
762	0.5221368660569133	0.16010493371367113	2
763	-0.07729295007500975	0.25112961459135175	2
764	-0.12153401327587804	0.3586117684214269	2
765	0.018075788706024318	0.478441856611158	2
766	0.11684823368699562	0.618638188748098	1
767	-0.2269064060827984	0.7910395534445336	1
768	-0.7887019213697056	0.9818020222926629	1
769	-0.36380107224236274	1.1619376694247858	1
770	0.4056206726720986	1.3159748227555659	1
771	0.8759281724635679	1.4357458652870687	1
772	1.2778024225369606	1.5179942553307073	1
773	0.9417150373933991	1.5655993765178144	1
774	0.6486320297263772	1.5917395235434366	1
775	1.1342689657316118	1.6255095016058332	1
776	1.5262584374655412	1.67855295960704	1
777	1.3503112153760564	1.7321442681461514	1
778	0.18092684743064172	1.7766343848522521	1
779	0.19820713209123642	1.8109680484851836	1
780	0.4364464253623539	1.8195045372290446	1
781	1.523868809016564	1.7861122679949248	1
782	1.1164780456380647	1.7089712540733057	1
783	0.6393011969425199	1.5950973397804569	1
784	0.5868997343091468	1.4609083812064672	1
785	0.6955033499950938	1.3361329771121893	1
786	0.1665840794146105	1.2349679824322304	1
787	0.04216348576649517	1.1456734101989599	1
788	0.3879284118265999	1.0557120743689148	1
789	1.1390922899222669	0.9554440656502772	1
790	1.5832897673604684	0.8389646211380687	1
791	0.8696360899505392	0.70350151382343	1
792	0.44538375690885784	0.5483113155496646	2
793	0.2674042905997326	0.378444478937153	2
794	-0.5636071746251509	0.21168179010465835	2
795	-0.3988220009100563	0.08534178039613279	2
796	-0.2549445617839254	0.01438204985006351	2
797	0.08442901677900089	-0.023552072818281655	2
798	0.20837918072008133	-0.04180276886264402	2
799	0.8691811822279873	-0.0326891867017992	2
800	1.1172423330133725	0.02562259659314126	2
801	0.976182020505531	0.12836797607292882	2
802	1.1984136046971605	0.23889408686126926	2
803	1.5825347931759028	0.3326737521470075	2
804	1.5749788425363318	0.4021059937544621	2
805	0.620649828886561	0.4507181440968117	2
806	0.35965447339444606	0.4964411837067294	2
807	0.4769366956455967	0.5516877131438297	2
808	0.6572288619340279	0.5998295079284468	2
809	0.4895537218487985	0.6166111307537687	2
810	-0.29281154096309253	0.5900889231825177	2
811	-0.339935377419275	0.5154382662041284	2
812	0.0997862411308191	0.3915683256626775	2
813	0.15775396313689266	0.22010255416579946	2
814	-0.13948091038476088	0.005630595327534019	2
815	0.4149394664531873	-0.24336567824853814	2
816	0.7920765190594069	-0.5134624280400296	0
817	0.7240940883458041	-0.7839240477760453	0
818	0.35846753373768897	-1.0148461421384782	0
819	0.12202720061616514	-1.159971588739717	0
820	-0.1465035104921712	-1.2201292015308156	3
821	-0.9621443494566325	-1.2234962698676162	3
822	-1.1493336527871665	-1.1801605661004724	3
823	-1.5920349623497583	-1.0870434357742456	3
824	-1.677765608770135	-0.9499745072297099	3
825	-2.0590531643250145	-0.7963848812270972	3
826	-1.4903298466119044	-0.6508087240090488	3
827	-1.162893279895378	-0.5312403453727799	3
828	-1.2375185899726335	-0.45267667380624965	3
829	-0.49757483518854495	-0.41906790887785833	3
830	-0.09755625729614645	-0.42389231789983983	3
831	-0.40710922631391155	-0.4448528418679786	3
832	-0.5630751869989241	-0.4569805666521873	3
833	-0.33549624127513233	-0.46785523913367993	3
834	-0.6790931625386407	-0.49687546536983773	3
835	-1.2697416241394806	-0.5436503915048619	3
836	-1.1019485926887276	-0.5920001710997611	3
837	-1.068376811640981	-0.6088679489749095	3
838	-0.7454071692067676	-0.5831297255515749	3
839	-0.5928989009410187	-0.5376592069207091	3
840	-0.9545973334227945	-0.4878608332652587	3
841	-0.9263680680193422	-0.4352649212961578	3
842	-0.7268365911874112	-0.3772387589142227	3
843	-0.5391867770765395	-0.3051729414781727	3
844	-0.5972799621478864	-0.20318716730769773	3
845	0.4129711273796437	-0.07794136769958526	2
846	1.2819632229973832	0.040043637017626636	2
847	1.7601197739267516	0.1313852804504313	2
848	0.9800771300207871	0.19091725930168477	2
849	0.8359141620961905	0.21465724674149683	2
850	0.6441021846189433	0.19733208355686024	2
851	-0.16127279235645697	0.1409900684822065	2
852	-0.3250949972941143	0.05772521703352368	2
853	-0.14476845548869646	-0.02754751714857866	2
854	0.33819975921375967	-0.06902081432947797	2
855	0.21511276904705107	-0.03089735672378218	2
856	0.29574213417795947	0.061514740373229994	2
857	0.7134591817097472	0.15801820285384716	2
858	1.334139957581415	0.2303089794454902	2
859	1.146334772191149	0.2625264653072078	2
860	0.3303454836031061	0.24602818788869135	2
861	0.11181494626150142	0.17885193322014736	2
862	0.06964050279729601	0.06596859052540387	2
863	-0.36304511373677867	-0.07557428012450154	2
864	-0.022688349958067646	-0.21068053761529795	2
865	0.2762825628879856	-0.32276506210015177	0
866	0.23065315281642382	-0.41611704583912545	0
867	0.40655259748034683	-0.4789238308865908	0
868	0.38007315189491414	-0.49281948570743045	0
869	0.23844859631986426	-0.46679267633339677	0
870	-0.6108461766349872	-0.4259546901909835	3
871	-0.43675697395320584	-0.3800107947090223	3
872	-0.15314464836486402	-0.32919287111855067	3
873	0.33675682038761123	-0.26883850507219703	2
874	0.10869366446320378	-0.18612017177682294	2
875	-0.4156850849131727	-0.059426476561111295	2
876	-0.5929422110637249	0.10541967853132056	2
877	-0.6085777710992785	0.2876839685660387	2
878	-1.3571702242343375	0.47790276293157496	2
879	-1.3064834487320351	0.6627365177041245	1
880	-0.7484194942452799	0.8295415588053383	1
881	0.051610847009885906	0.9675080034447743	1
882	0.6119527473739497	1.0687806585831063	1
883	0.278162918810147	1.1302018008780415	1
884	0.9401938071915602	1.1559409455724803	1
885	1.5273739002764806	1.1461785082465468	1
886	1.384859972845799	1.0932827988998761	1
887	0.28542190738443196	0.9934723330992872	1
888	0.2605545523982181	0.8486812911551183	1
889	-0.013182308041445283	0.6657557883436603	1
890	0.26336312299579884	0.4561192499229685	2
891	-0.2225270863668534	0.23612694924139144	2
892	-0.7821573226691311	0.027367064867653845	2
893	-0.560451138724866	-0.15650765039665737	2
894	-0.14332241226564016	-0.30602508780771087	3
895	-0.14079119303084595	-0.4156385284868793	3
896	-0.41532906358972405	-0.5019247131614817	3
897	-1.0682744422600206	-0.5830639823476763	3
898	-0.9471678301694592	-0.6631345739225112	3
899	-1.341376567107542	-0.7402635753947854	3
900	-1.4055627747048964	-0.8103103350452555	3
901	-1.1126031100272484	-0.8696928567545416	3
902	-0.29615815654671723	-0.9145814774639002	3
903	0.21992443282015084	-0.9489415064015698	0
904	0.865991527980717	-0.9861491350305107	0
905	0.3159831048846705	-1.036518772838401	0
906	0.03278797995401118	-1.1038452181878715	0
907	-0.23496542045541569	-1.1862821826207113	3
908	-0.9364274497555457	-1.2764875158985254	3
909	-1.2770961675649963	-1.364262703218758	3
910	-1.6061203682903502	-1.4363812136065273	3
911	-1.9964332385431756	-1.4905647297822164	3
912	-2.1821992137499673	-1.5355987001535856	3
913	-2.096231421692633	-1.5756490353837052	3
914	-1.7344646167618931	-1.612534467562953	3
915	-1.0703286444090232	-1.6461581661329356	3
916	-0.15288069891065598	-1.6758021254405557	3
917	0.00039556686321083915	-1.7010723619931258	3
918	-0.31419341539196594	-1.7197340150472233	3
919	-0.7616358962026762	-1.7373191523396303	3
920	-0.9027941107886074	-1.763543942706936	3
921	-1.2601740243036732	-1.800085616417857	3
922	-1.4728362671685504	-1.8426799969686085	3
923	-1.6036602473164274	-1.8806254347153581	3
924	-1.6731955579368856	-1.8905956587129977	3
925	-1.7079676805499813	-1.8354149714298034	3
926	-1.3673222835758285	-1.704009029057132	3
927	-1.4196691542538675	-1.5184465960985245	3
928	-1.4892402032972634	-1.3000144247734997	3
929	-1.8951367674421746	-1.0645513722111652	3
930	-1.798302753320585	-0.8228246430452194	3
931	-1.561412585515371	-0.5802113416214004	3
932	-0.3889248049830995	-0.3391467044731187	3
933	0.5051377943259256	-0.10176267249497006	2
934	0.988346864798209	0.13412109815270837	2
935	1.68223817864424	0.3656625261121238	2
936	2.2059986987339406	0.5776401980983272	1
937	1.7698639458012564	0.7536594002786874	1
938	1.505145585529717	0.8810872201490615	1
939	1.317066910343582	0.9509347206982621	1
940	0.2865029946783932	0.9585613435774011	1
941	-0.5077954184130056	0.904094578901512	1
942	0.23780742478290962	0.7923316979575136	1
943	0.47810712899681984	0.6321393607756839	1
944	1.499682831293086	0.43568364504765705	2
945	1.7390725686279316	0.21912893787579518	2
946	1.275953943470804	0.0011762848817146129	2
947	1.014974715699219	-0.2128284086526273	2
948	0.6683194334625613	-0.42882845133635933	2
949	-0.3863411138688536	-0.6435755190697409	3
950	-0.44161603656685827	-0.840901901408423	3
951	-0.6095234764011925	-0.9924007517683644	3
952	-0.32237266835697265	-1.0734033817458837	3
953	-0.13938982283646908	-1.0834603833669973	3
954	0.06664604697024837	-1.0240267973023647	3
955	0.1756218117001298	-0.898781076967911	3
956	0.0564722568504603	-0.7423886271558765	3
957	-0.2814494482806371	-0.5921617349038186	3
958	-1.0449059809611707	-0.4658880646593763	3
959	-0.6328647552977879	-0.3711686048116699	3
960	-0.9164389952362716	-0.30667016440263833	3
961	-1.1609696138505323	-0.26035723211183637	3
962	-1.5336723762004314	-0.21068254440317855	3
963	-1.246857978777232	-0.15374886697339116	3
964	-1.5599074830341149	-0.10527100401104508	3
965	-1.6728292391017612	-0.07390057496777439	2
966	-1.523388266414895	-0.05896125432477299	2
967	-0.9444276320208733	-0.05319381788395781	2
968	0.041531248835302605	-0.0518607145634767	2
969	0.9519459181294759	-0.06176150837563262	2
970	0.603511892181679	-0.09198594051204889	2
971	-0.07976647295756878	-0.1452203588539587	2
972	-0.44258718278004455	-0.2190255864389149	3
973	-0.749075203445808	-0.30487637317653427	3
974	-1.055563224111631	-0.3898757841332559	3
975	-1.283144895647325	-0.47022336398295167	3
976	-1.8395559480731352	-0.5531256513152488	3
977	-1.926668353985491	-0.6442805988486862	3
978	-1.63749249483646	-0.7447026043383792	3
979	-1.2215029306083665	-0.8519323839212586	3
980	-0.42450278360318944	-0.9599582025321579	3
981	0.2760117989040749	-1.056929912626006	3
982	0.21470177718325748	-1.12660194618466	3
983	-0.0479901690774991	-1.164625108678969	3
984	-0.323829387676707	-1.1896483922488978	3
985	-0.3370941727956763	-1.2223567675737061	3
986	-0.6739870353612994	-1.2691662757573754	3
987	-1.2299125146806247	-1.3268534941474068	3
988	-0.9461863864446481	-1.3890829777877336	3
989	-1.4092486781553792	-1.4484747133034757	3
990	-1.5237576896469271	-1.4911021691595339	3
991	-1.947866084675793	-1.4996391404445446	3
992	-1.8612711287261026	-1.4761420429592433	3
993	-2.0444821852778254	-1.4403937513183052	3
994	-2.342107077054922	-1.4071141302069607	3
995	-2.4126801648465452	-1.3838804944787404	3
996	-2.2074542397647585	-1.3734923643149546	3
997	-2.3291175232227683	-1.3737763952498414	3
998	-2.3034153883362403	-1.3746160446935027	3
999	-2.0063636742321447	-1.3501930940098945	3
1000	-1.5906555500846875	-1.2845609094321353	3
1001	-1.1092003881483246	-1.1833637480286852	3
1002	-0.9853605438729756	-1.0553751249500125	3
1003	-1.1334791949111327	-0.9086773602819007	3
1004	-1.579097653246039	-0.7520238986381871	3
1005	-1.389107956753668	-0.6017519255732687	3
1006	-1.0302926761122853	-0.47484850722783367	3
1007	-0.34859709909395425	-0.3816988192889789	3
1008	-0.031500975609294254	-0.3274706673267805	3
1009	-0.6231178576113979	-0.31269949901301636	3
1010	-0.3912959584846112	-0.3332544930007463	3
1011	-0.306557053300781	-0.3799103370081887	3
1012	-0.06681364186934244	-0.43531310492941105	3
1013	0.05223142352343125	-0.4761184264341594	3
1014	-0.7702983750473823	-0.5000231310813492	3
1015	-0.6016293736496884	-0.5220798390708972	3
1016	-0.7823418449926519	-0.5470487563826896	3
1017	-0.3530898428725402	-0.5653411971999975	3
1018	-0.2975018303887687	-0.5634526395833547	3
1019	-0.7719450683144452	-0.5265149599308416	3
1020	-0.6971973995688291	-0.439224579113913	3
1021	-0.5394012076141559	-0.30818236990343867	3
1022	-0.15132781900383294	-0.14918411013763852	2
1023	-0.16573524933588557	0.03681315704359264	2
1024	-0.1272655628546207	0.26048010853317877	2
1025	0.3773708122451962	0.5251949039048337	2
1026	0.5425095086227577	0.8304069235551312	1
1027	0.3476879319188936	1.1681223280050208	1
1028	0.05036681673681797	1.5036940952647608	1
1029	-1.2724956027814753	1.8020362708276634	1
1030	-1.7841431447222549	2.0405769680396886	1
1031	-1.756552703628757	2.2003462169112193	1
1032	-1.3259890559566396	2.2678811519567206	1
1033	0.753015558542344	2.23658066786068	1
1034	1.8370845878006268	2.1074915616925094	1
1035	1.5237175264550091	1.8895068547689167	1
1036	1.7054873856715642	1.5990525083915206	1
1037	1.5695479651556496	1.2594672434969891	1
1038	1.2249029692093332	0.9002603781004251	1
1039	0.805084926423957	0.5554080303545759	2
1040	0.6361191143950758	0.25940198799724096	2
1041	0.30546571102911796	0.0633697313136887	2
1042	0.04169131456855112	0.007113712682277709	2
1043	-0.6714692180350956	0.07542265300153878	2
1044	-1.1304177295410889	0.21227118585837276	2
1045	-1.0350534580628508	0.3663278746461648	2
1046	-0.9031305214096261	0.5137660026276099	2
1047	0.36260539194803554	0.6407240085834196	1
1048	0.9245877767851781	0.7369033368259249	1
1049	0.9334491641829238	0.7983748947829821	1
1050	1.079888109342967	0.8302558659434344	1
1051	1.1858931176660856	0.8314853536271074	1
1052	0.031849089181823595	0.7902066420714958	1
1053	-1.0618566695307827	0.6990394917565238	1
1054	-1.4032875546394883	0.5584646395562884	1
1055	-1.5659397048108976	0.3742264014882685	2
1056	-1.2781992127882158	0.15587712833095868	2
1057	-1.1438357658634712	-0.0844362391895062	2
1058	-1.570515964437973	-0.33291303024361496	3
1059	-1.8063501072755144	-0.5744678950162008	3
1060	-1.9383981284090797	-0.7915291588731028	3
1061	-1.4389630567526879	-0.9613834710887061	3
1062	-0.696419710284965	-1.0576306338801296	3
1063	-0.3706525519348204	-1.0732905185592245	3
1064	-0.38450739961726926	-1.0308650868826266	3
1065	-0.653005476699574	-0.952392869753318	3
1066	-0.4674772528656761	-0.850461155254636	3
1067	-0.4764404039084103	-0.7340544375895117	3
1068	-0.25298477873116537	-0.5969973236056221	3
1069	-0.1842030793892979	-0.4243966800788515	3
1070	-0.7228641746174712	-0.2138025068637029	3
1071	-0.6420378695753458	0.025788649191098353	2
1072	-0.6085777710992785	0.28446828809900027	2
1073	-0.03956271579370308	0.552127008220151	2
1074	-0.08936496532847657	0.8168938464371044	1
1075	-0.5318116386276008	1.0646125951311711	1
1076	-0.996341552905806	1.2801764659918105	1
1077	-0.5256013304721114	1.449595277789663	1
1078	-0.34713220233849307	1.561976611538032	1
1079	0.8558274296365952	1.6110211617132406	1
1080	1.5423469365816656	1.5959093947678682	1
1081	0.8542534246874879	1.5215752736749233	1
1082	0.6320404668772407	1.3987067261276558	1
1083	0.46263511767639776	1.248371139262196	1
1084	0.562709289282725	1.0944776208340221	1
1085	0.5610890212478558	0.9587000184410036	1
1086	-0.0631034332626997	0.8866870749343618	1
1087	-0.5922604552160377	0.8954103231443579	1
1088	-0.411911198311248	0.9439539364623625	1
1089	-0.3117659284440493	0.9975499016206492	1
1090	0.1363573238934642	1.0397746326938007	1
1091	-0.3997533199824533	1.0626976754409334	1
1092	-0.825971266285606	1.073165583335176	1
1093	-0.4205076519338726	1.0898621742950345	1
1094	0.07962977059353764	1.1109169753485748	1
1095	0.8276710039850937	1.1233983038291084	1
1096	1.5730167122566991	1.11964085184636	1
1097	1.458603482767241	1.087122606072697	1
1098	0.513195672943616	1.0169556397575457	1
1099	0.29017723771125437	0.906307677645356	1
1100	0.306110744132968	0.7576259013145916	1
1101	0.36249878241496114	0.5787220251185672	2
1102	0.3980616176355652	0.382690618983421	2
1103	-0.42038953341734686	0.17643943837443243	2
1104	-0.24348865574118753	-0.04335706754026352	2
1105	0.026338936104560097	-0.2765755736500096	2
1106	0.47726455024587267	-0.5146677889229265	0
1107	0.5048216001432748	-0.7392819078434292	0
1108	0.7520195771542931	-0.9318942518351616	0
1109	1.2641355801599767	-1.1001246336154171	0
1110	1.4046295295245452	-1.2594361555161293	0
1111	1.2860651913504992	-1.408852536022128	0
1112	0.7988499345270604	-1.5381211289767605	0
1113	0.4012852688147621	-1.6384878302409365	0
1114	0.39303590190985815	-1.7129736594546636	0
1115	0.5827169759193722	-1.766150502497144	0
1116	0.4378474169717438	-1.7968052729137998	0
1117	0.5313189149401875	-1.7886421197826958	0
1118	0.42793000460633407	-1.7319164311481394	0
1119	0.5056154171476979	-1.6480741720136387	0
1120	0.57690191049213	-1.5582163655281127	0
1121	0.6125496244672204	-1.468787111207539	0
1122	0.00206285515358102	-1.3809978645003909	0
1123	-0.19504832784514514	-1.292322038592387	3
1124	-0.41517717529221265	-1.2066075979672506	3
1125	-0.30151929857246185	-1.1365248823680083	3
1126	-0.24576425439162503	-1.0925200521706468	3
1127	-0.7275771791424239	-1.079699393402188	3
1128	-0.41325275207744083	-1.099369382444208	3
1129	-0.23024173983372712	-1.1493774410462556	3
1130	-0.005207793838312039	-1.224119346882338	3
1131	-0.11849041711728693	-1.313813653490583	3
1132	-0.7887974762209126	-1.4029548103692022	3
1133	-1.2222658550777095	-1.4755904520411545	3
1134	-1.3085415124479094	-1.5163061300453087	3
1135	-0.9297927478275413	-1.501948415450804	3
1136	-0.546809358674079	-1.415028028209043	3
1137	-0.38365104037271747	-1.2732476682043377	3
1138	-0.6958129142648949	-1.111532452329355	3
1139	-0.9663999475982269	-0.9523198837470253	3
1140	-0.9303752386913052	-0.8101786890617405	3
1141	-0.5317023032828982	-0.695660960719222	3
1142	-0.3019749634648958	-0.6155677492159098	3
1143	0.1885371628745484	-0.5721314296229373	3
1144	-0.33276437199629916	-0.5614438491770931	3
1145	-0.3020553749164908	-0.5687348801947354	3
1146	-0.11816256251702799	-0.5700173751025356	3
1147	-0.11300593210220755	-0.5588196134998408	3
1148	-0.5265938288785925	-0.5350201210534644	3
1149	-0.7617266051660118	-0.4974619499276281	3
1150	-0.8435380640657973	-0.45300687373902027	3
1151	-0.9048356681989493	-0.39787921200505494	3
1152	-0.30283677433319567	-0.30854694612484107	3
1153	-0.8171054115850167	-0.1801512147419746	3
1154	-0.9202612649997454	-0.03888869790320271	2
1155	-0.991604470375498	0.09413522252891202	2
1156	-0.8541090655557642	0.20460502516691587	2
1157	-0.007500504530218096	0.28382684740148584	2
1158	0.13226936318490895	0.3294494796323015	2
1159	0.5857430814515061	0.345083261436621	2
1160	1.621459160228755	0.33899439795228337	2
1161	2.042271291477436	0.32708427422583114	2
1162	1.7069089723043294	0.32115782980024454	2
1163	1.5527241025574068	0.3130497605949447	2
1164	0.9261639775274385	0.29666612527955744	2
1165	0.06332608376973785	0.28852816672077675	2
1166	0.0906698388846343	0.2908308176941238	2
1167	-0.33089840230369055	0.290309649971062	2
1168	0.21134001820012643	0.28877280992279575	2
1169	0.6214636351784791	0.30196786481270893	2
1170	0.780583511687787	0.3477716676458824	2
1171	0.21666254455708198	0.41426309053810373	2
1172	-0.3103054989914215	0.4710935181379799	2
1173	-0.5973456087849588	0.4996532731910065	2
1174	-0.15638170145273134	0.49119274641667904	2
1175	-0.6920353175302264	0.4435468383871651	2
1176	-1.509063746195392	0.3614344755717256	2
1177	-1.9047861416354583	0.2592018735438867	2
1178	-1.8303453538817356	0.1474007320291843	2
1179	-1.7278829167323924	0.023105640067467126	2
1180	-1.0012785283101737	-0.11531296072206657	2
1181	-0.5238398502364056	-0.260313924658558	3
1182	-0.7090852710837602	-0.39367285168513855	3
1183	-0.8379628700874148	-0.5016511945524399	3
1184	-0.6508563254354165	-0.5857382837964169	3
1185	-0.786125650521228	-0.6452363448683919	3
1186	-0.49347695555328736	-0.6611425443386421	3
1187	-0.2725278658696149	-0.6126848664498009	3
1188	0.469077725581106	-0.5088492380147054	3
1189	0.8203219121833568	-0.36686998497503676	2
1190	0.4826544647308046	-0.1935868518992143	2
1191	-0.6358442191595387	-0.012147395676716853	2
1192	-1.3857908707992725	0.14765455101804043	2
1193	-1.5735073158681125	0.2684324770337946	2
1194	-0.8044453024101993	0.33932472313303763	2
1195	1.0318434027603987	0.3556056795805347	2
1196	2.4471081205218543	0.32169249929450056	2
1197	2.4182183000299786	0.2539519449785285	2
1198	2.212953910713322	0.15774862459997896	2
1199	1.9278553361761115	0.023438578904647765	2
1200	1.5454763958156883	-0.15207028250234023	2
1201	0.9447019215206034	-0.36480406428080575	0
1202	1.1608703914003924	-0.6057933726353075	0
1203	1.104200534452781	-0.8610669164258316	0
1204	1.2290266683408448	-1.111180251268265	0
1205	1.109623840133647	-1.3250589734366855	0
1206	0.6477591641763357	-1.466577266286212	0
1207	0.6067778691626589	-1.5146184586624802	0
1208	0.13758954231479106	-1.4744199004930805	0
1209	0.41399239824537665	-1.3786585134872413	0
1210	0.6717060276209686	-1.262314200141837	0
1211	0.9114954749870564	-1.1413148236015338	0
1212	1.055712429131119	-1.0198108025278143	0
1213	1.0016353493374528	-0.8964524953740741	0
1214	0.4554691852922188	-0.7538006135987274	0
1215	0.26598368828793323	-0.5756455120966505	0
1216	0.5776452242590092	-0.3826108458606398	0
1217	0.8751955347933413	-0.20462011252918058	2
1218	0.4197544617741442	-0.05299011975685635	2
1219	0.28580821550704977	0.07065084981668314	2
1220	0.40640517648570285	0.17348633441515413	2
1221	-0.045226650093674936	0.2763221438500171	2
1222	-0.5015604265162537	0.39972224961876957	2
1223	-0.17481689748013757	0.5405301206129772	2
1224	0.6430307891007947	0.684644146315531	1
1225	1.002954945174241	0.823512629707485	1
1226	0.9207946580658156	0.9523303795469827	1
1227	0.8934324280036152	1.069889279947289	1
1228	0.3648227642269086	1.1691497805050595	1
1229	-0.2788020791711807	1.2343075597658177	1
1230	-0.09204943576671118	1.2535213258263367	1
1231	0.2757361890322656	1.2244593606999448	1
1232	-0.4632550459200771	1.1532488023237784	1
1233	-0.4883337270471424	1.0599496435276479	1
1234	-0.10328023517503386	0.9606426530091621	1
1235	0.6023497877002714	0.8524531773645257	1
1236	0.5642130288580607	0.7408019546128572	1
1237	0.7517783427994483	0.6272558515803158	1
1238	-0.3292520876215584	0.5065677840688783	2
1239	-1.306484205902067	0.39112959550960247	2
1240	-1.6678155623787259	0.30733909904461276	2
1241	-1.3102744473754098	0.27856428171999537	2
1242	-0.36792537710992645	0.2940032851085591	2
1243	0.3728753426547422	0.3161091918232679	2
1244	0.5953415738223935	0.31532841650905874	2
1245	-0.11022938979468809	0.27794425043041715	2
1246	0.004614442260852274	0.1998424406758849	2
1247	-0.3355980049202111	0.08548936340907368	2
1248	-0.8008962952915158	-0.05192228166232734	2
1249	-1.1101598739438125	-0.1882270770291212	2
1250	-0.7591588903382565	-0.284725621343662	2
1251	-0.5194694651262414	-0.3176659670634602	2
1252	-0.2854473057618289	-0.3006667037180802	2
1253	-0.09037730158839641	-0.2544389018579561	2
1254	0.3691286384550261	-0.17889227232980287	2
1255	0.6145942862744684	-0.07135542166425414	2
1256	0.34764462179618905	0.04165240072469319	2
1257	0.4807057363596568	0.1269908870729547	2
1258	0.3753659775787374	0.16907639108666922	2
1259	-0.259128077343582	0.16252880892690197	2
1260	0.18166062085588033	0.1110142940507118	2
1261	0.4861915842806992	0.028806308013631623	2
1262	0.20033318967108446	-0.05690576933727517	2
1263	-0.14807017089264138	-0.10074934095733377	2
1264	-0.16006313760037572	-0.07269967667640481	2
1265	0.17630705052980378	0.008880145846505953	2
1266	0.27471590248754435	0.11858456407066306	2
1267	0.6053366718274876	0.2535406876848033	2
1268	0.5289003625980244	0.40672783330273243	2
1269	0.3699962795322415	0.5522665341956509	2
1270	0.266720793261029	0.6650229968699868	1
1271	-0.7494780178738849	0.7328981275661159	1
1272	-0.951441676107534	0.7525183612468133	1
1273	-0.5462299722072161	0.7268325115367946	1
1274	-0.45531142425204424	0.6639268240222168	1
1275	-0.3554637221860136	0.5762818961401605	2
1276	-0.5074005542697146	0.4809142416426015	2
1277	-0.5722242232711559	0.396287001394133	2
1278	-0.15379960039538415	0.3334164826429759	2
1279	0.49195031626159086	0.300782929269465	2
1280	0.9667072497090062	0.29719010589601536	2
1281	0.7474773144592194	0.30527102937014877	2
1282	-0.06906008947566698	0.3163383553231316	2
1283	0.033449519363388414	0.34492766117793827	2
1284	0.4951949410492522	0.4187637873237824	2
1285	1.1101620365536264	0.5433807984751475	2
1286	0.9316649688478426	0.702897669127936	1
1287	0.7880542049878559	0.8909344882646951	1
1288	0.3723577412580954	1.1108437421459587	1
1289	0.13097074095650688	1.3642856038073239	1
1290	0.494766079973948	1.6450084277460468	1
1291	0.5868997343091468	1.9442874272936095	1
1292	0.7859875852512509	2.2611781595601235	1
1293	0.9565334595892097	2.5866528933428397	1
1294	1.1346545166841246	2.8952447858237087	1
1295	0.721605422063686	3.1648211865493456	1
1296	-0.27769903394815515	3.38142707098341	1
1297	-0.4611010487680618	3.536159490972262	1
1298	0.24074554716357444	3.62395400824503	1
1299	0.32841598734938426	3.6425563875535625	1
1300	-0.7326898936986682	3.592571003742717	1
1301	-1.3242578625200636	3.4780395356111655	1
1302	-0.6603235245322647	3.306950648853855	1
1303	0.6813668350809572	3.092298352972	1
1304	0.9050742192757893	2.8458249341025135	1
1305	-0.3727907999513012	2.571683881668695	1
1306	-1.563528118432606	2.2765799603542427	1
1307	-2.2946004154580795	1.9724593064495306	1
1308	-2.2186046277215254	1.6612113848467405	1
1309	-1.9237941367508244	1.33750267102311	1
1310	-1.5428894063365928	1.000960433834228	1
1311	-1.0700516716312558	0.6550576112903248	1
1312	-1.0756035447743184	0.3043954306192942	2
1313	-1.768418617214382	-0.0459139538306403	2
1314	-2.4719977694885436	-0.38914689417878906	3
1315	-2.6753899803187613	-0.715282171618738	3
1316	-2.7921151526174524	-1.0090582727440198	3
1317	-2.518321580146428	-1.2314579736381623	3
1318	-2.100996292361091	-1.3196188308714525	3
1319	-1.4985555140965117	-1.2771965231107518	3
1320	-0.9292133613608282	-1.1553100099543097	3
1321	-0.7488813679315618	-0.9818503362184913	3
1322	-0.3351594520691641	-0.7658946392161703	3
1323	-0.1170010637715244	-0.5198785722508132	3
1324	0.45687441705350984	-0.27580194041670186	2
1325	0.7105925361748354	-0.05600158789287927	2
1326	0.24548421975079462	0.12736296011573517	2
1327	-0.046006686604421906	0.26678222596533124	2
1328	-0.6067005195739943	0.35962945922250134	2
1329	-0.6323080839303734	0.408487686378969	2
1330	0.3553549593943317	0.42222961109443635	2
1331	1.4270994572110896	0.42076749042437317	2
1332	1.9255983639072283	0.4486543321130973	2
1333	1.4287852204490001	0.53103461879377	2
1334	1.3660199937484456	0.640983259253389	1
1335	1.5320480619815808	0.7471625012246539	1
1336	1.592493774173052	0.8331126370786044	1
1337	1.0553886632487388	0.8879374264228718	1
1338	0.5785589012709759	0.9040490391140901	1
1339	0.2728557630037628	0.8773429163505213	1
1340	-0.07699810808583576	0.8083446885090024	1
1341	-0.7161216516846509	0.7035896298422786	1
1342	0.20668857159428905	0.5751076180719555	2
1343	0.5875774014390387	0.4392688366035151	2
1344	1.1106266360518924	0.3175309540226938	2
1345	1.600356605804523	0.20987800780712212	2
1346	1.7643516726480235	0.10283630443449981	2
1347	1.3634924846464547	-0.0003259075348369163	2
1348	1.236635848029782	-0.08272340589931154	2
1349	1.3784064616935061	-0.10380583037770792	2
1350	1.1436423514681537	-0.03615786124548864	2
1351	0.5602814237499337	0.08870749987245459	2
1352	0.8029025353978656	0.2255513385280044	2
1353	1.4841558494322697	0.3525885618195109	2
1354	1.8505919701802456	0.457704314001376	2
1355	1.535922197888497	0.5327885764410323	2
1356	1.4943914246221819	0.5727956893936025	2
1357	1.0637768951275235	0.5757451955507349	2
1358	0.38914276103656253	0.5427399022769798	2
1359	0.839793901060928	0.48131507982669314	2
1360	1.4524541267949902	0.40680775829250093	2
1361	1.4203379293119236	0.32241226897501674	2
1362	2.0473630324252468	0.21658312154813017	2
1363	2.1869542080256408	0.08373157923676337	2
1364	1.5667613524875263	-0.07208028529976368	2
1365	1.2180590612165656	-0.24043871837608066	2
1366	1.4148658618844978	-0.4060769226913728	0
1367	1.2794370768013843	-0.5452292744814821	0
1368	1.0097001939188837	-0.6329415772287647	0
1369	1.10199096102443	-0.6798645536967487	0
1370	1.4085714321444653	-0.7181913280652696	0
1371	1.3531792238168803	-0.7631257686526589	0
1372	1.8376787390818403	-0.8195405042735324	0
1373	2.162489894618388	-0.8884627501993356	0
1374	1.5740117850410378	-0.9639017510122931	0
1375	1.0468100788375074	-1.021936852563319	0
1376	0.9057175108886878	-1.043578462568169	0
1377	0.6238635611391798	-1.0356392599654207	0
1378	0.36023211837025004	-1.010577125393408	0
1379	0.4825015921123052	-0.982476134550243	0
1380	0.6235646304320147	-0.9620514185065732	0
1381	0.28088040185949886	-0.9470970706790515	0
1382	0.6536017905908467	-0.9323136310724324	0
1383	0.35466858480952496	-0.9176760072714201	0
1384	-0.484535913873878	-0.9037706878250064	3
1385	-1.232706320463584	-0.8846229520284837	3
1386	-1.8397645484020506	-0.8467328103357246	3
1387	-2.0796295613317937	-0.7611286711571277	3
1388	-1.4747028425970239	-0.6143720098544365	3
1389	-0.8490025597934701	-0.4359164766336318	3
1390	0.026702907712651894	-0.25790814783364013	3
1391	0.17017306510797287	-0.09869912686396067	3
