timestamp	hf-hrv	state
0	1.5694064070258031	2
1	1.543285069768999	2
2	1.4639987492821527	2
3	1.3345572010007736	2
4	1.1674292116733678	2
5	0.9856679012793103	2
6	0.8218032107679818	2
7	0.7018214862580094	2
8	0.6311791032693196	2
9	0.6066141725741776	2
10	0.6247675844051032	2
11	0.6789975250415329	2
12	0.7593417710582254	2
13	0.8569238552311176	2
14	0.9707354703574305	2
15	1.0977362742400048	2
16	1.220886112372088	2
17	1.3229825075464796	2
18	1.398840249174404	2
19	1.4498625814620905	2
20	1.4708592520754364	2
21	1.4527374695003916	2
22	1.3918933049514364	2
23	1.2889059426675877	2
24	1.1490929645227492	2
25	0.9838138620891481	2
26	0.8077386833353019	2
27	0.6302122338406503	2
28	0.45622994611641854	1
29	0.30268353367122863	1
30	0.18502506042746608	1
31	0.09714648176580729	1
32	0.03261650381634622	1
33	-0.018719513119434632	1
34	-0.07187919168217333	1
35	-0.12811156391346384	1
36	-0.1835260725912979	3
37	-0.241143755429714	3
38	-0.3072269103964221	3
39	-0.38181349228974965	3
40	-0.4580115814779105	3
41	-0.5197742056723198	3
42	-0.5386641946124717	3
43	-0.466157385155022	3
44	-0.27153676022129625	3
45	0.004957783162441948	1
46	0.3037290804001045	1
47	0.5924650305581516	2
48	0.8497058788186502	2
49	1.0609291326825296	2
50	1.2174706470858097	2
51	1.316620555249682	2
52	1.3627509086652916	2
53	1.3719172638485038	2
54	1.3731788445007755	2
55	1.3769303085495537	2
56	1.3629300037700942	2
57	1.3131128004711214	2
58	1.2235034289649906	2
59	1.0996358180493813	2
60	0.9562205785248579	2
61	0.8231887540138627	2
62	0.7095117362208496	2
63	0.5845483433501798	1
64	0.4274593294581847	1
65	0.24304914295014493	1
66	0.044730118330798214	1
67	-0.14585845444505768	3
68	-0.31292025485512415	3
69	-0.45823946287768164	3
70	-0.5834323127938307	3
71	-0.6685229322917715	3
72	-0.6925671997817807	3
73	-0.6642507919059979	3
74	-0.5827434812425316	3
75	-0.4550882049331245	3
76	-0.31179945111126794	3
77	-0.17087195282716663	3
78	-0.048135520300117654	1
79	0.040765397864610996	1
80	0.08671660065121492	1
81	0.08708783170697244	1
82	0.04437759932179751	1
83	-0.03431114580190012	1
84	-0.13584892763027545	3
85	-0.2395287668397452	3
86	-0.3354901635454406	3
87	-0.43223080381333073	3
88	-0.5337520649019998	3
89	-0.6287382407444772	3
90	-0.6905144644917068	3
91	-0.7046755335520198	3
92	-0.6836363484501131	3
93	-0.6382054720309458	3
94	-0.5714484681214388	3
95	-0.49444306509418584	3
96	-0.426655780414051	3
97	-0.38223581588170275	3
98	-0.3656132813345755	3
99	-0.37478652694565606	3
100	-0.40295960907543665	3
101	-0.4384203468016539	3
102	-0.46291124088609886	3
103	-0.45122427729652514	3
104	-0.37216601826982654	3
105	-0.19651862548297222	3
106	0.08047565451371032	1
107	0.43006908743561767	1
108	0.8183398471716111	2
109	1.2215995882301036	2
110	1.6172923468637448	2
111	1.982422442344145	2
112	2.2945902925948762	2
113	2.533693840802775	2
114	2.6839049447685004	2
115	2.735538137685453	2
116	2.6865674530564796	2
117	2.5439097442386887	2
118	2.3259541350944217	2
119	2.0731729816775717	2
120	1.8250688344623724	2
121	1.5754202431597988	2
122	1.3044300897202525	2
123	1.016540602014955	2
124	0.7313036430739165	2
125	0.48616066934905316	1
126	0.3188939316700068	1
127	0.22525181408362424	1
128	0.176205517739699	1
129	0.15575058231321653	1
130	0.1629505328407876	1
131	0.18582348748166216	1
132	0.1942126504085032	1
133	0.16902231982308533	1
134	0.10518049954462477	1
135	0.005009261959812334	1
136	-0.12363927655650706	1
137	-0.2686250452363029	3
138	-0.4133210425020809	3
139	-0.5303470263491739	3
140	-0.5712031289414234	3
141	-0.5170985151067887	3
142	-0.3886684914858233	3
143	-0.21712139744698372	3
144	-0.037679519347320625	1
145	0.12862189008700672	1
146	0.2674841380806213	1
147	0.36941782566072007	1
148	0.430551468109349	1
149	0.4586128724207834	1
150	0.461728562614524	1
151	0.43293011443257146	1
152	0.36569348638162685	1
153	0.26301071754476657	1
154	0.131430916799871	1
155	-0.01924534670002013	1
156	-0.16951971595132256	3
157	-0.2822137642717924	3
158	-0.3431727189992377	3
159	-0.37852785883172346	3
160	-0.41421557983355517	3
161	-0.46300069046894415	3
162	-0.5280905006619895	3
163	-0.6057185914528858	3
164	-0.690209686742964	3
165	-0.7757961837901228	0
166	-0.8552836240340899	0
167	-0.9234467076251882	0
168	-0.9754478251919395	0
169	-1.0013765674996988	0
170	-1.0059813780186304	0
171	-1.0075442343432148	0
172	-1.0091736416111006	0
173	-0.989805722084407	0
174	-0.905213367032494	0
175	-0.7485713441468023	3
176	-0.5580404112750768	3
177	-0.36164563516373793	3
178	-0.17658789917128784	3
179	-0.014298389978294851	1
180	0.12002420492784037	1
181	0.2322483495646044	1
182	0.33692600102603765	1
183	0.43441917870163793	1
184	0.5126983646569838	1
185	0.5664022401545961	1
186	0.5995817268700628	2
187	0.622834300067108	2
188	0.6435011309485512	2
189	0.6759854563446781	2
190	0.7485651082713725	2
191	0.8696922030068983	2
192	1.0251997318126649	2
193	1.1876202136461578	2
194	1.3235080196099747	2
195	1.4133839001229156	2
196	1.4482556837706	2
197	1.42594423846215	2
198	1.350223088390609	2
199	1.2312401080883084	2
200	1.0903573064323526	2
201	0.9349560587336729	2
202	0.7563897194093144	2
203	0.5590669670594218	1
204	0.3640931745738744	1
205	0.19881217329831627	1
206	0.060946311297955975	1
207	-0.0697554023180206	1
208	-0.19810144143486935	3
209	-0.31597397981381276	3
210	-0.4045338038001985	3
211	-0.45467314070581916	3
212	-0.4685555330742191	3
213	-0.4459441204811005	3
214	-0.39474142487924935	3
215	-0.33345525340908666	3
216	-0.28223441302882835	3
217	-0.2565007866368912	3
218	-0.26557542648345944	3
219	-0.3137965825288911	3
220	-0.40194754991319065	3
221	-0.5280444514451461	3
222	-0.6874937385506972	3
223	-0.8728559419112096	0
224	-1.07331079731117	0
225	-1.276052174822698	0
226	-1.4703762219397536	0
227	-1.6462508190411456	0
228	-1.7866681965129563	0
229	-1.8650416452251652	0
230	-1.8766235774489548	0
231	-1.8515576163134733	0
232	-1.8191345778943153	0
233	-1.7948461950708787	0
234	-1.7878271726112547	0
235	-1.802947856702478	0
236	-1.8385440529574772	0
237	-1.8886883496921323	0
238	-1.9484554708946356	0
239	-2.011970204544586	0
240	-2.0771604028549615	0
241	-2.1427588486946476	0
242	-2.2006243160691934	0
243	-2.235223991717136	0
244	-2.2211631441524027	0
245	-2.148509629358441	0
246	-2.028518443454044	0
247	-1.863440847447361	0
248	-1.6605027982311367	0
249	-1.4384184082417193	0
250	-1.2098375321964199	0
251	-0.9845837086331547	0
252	-0.7731434715753032	0
253	-0.5864805447720077	3
254	-0.4339080057856421	3
255	-0.32222795313160035	3
256	-0.2553192536652142	3
257	-0.23345325074710027	3
258	-0.2524071617261914	3
259	-0.30109280116377996	3
260	-0.3587879830501115	3
261	-0.41455714132625776	3
262	-0.47548124061023345	3
263	-0.5473723816413986	3
264	-0.6290876165504928	3
265	-0.7110700254183875	3
266	-0.7638315950643042	3
267	-0.7639211762987478	3
268	-0.7295248319402243	3
269	-0.6849280034295213	3
270	-0.6315455018258177	3
271	-0.5494906734658781	3
272	-0.43314253646083545	3
273	-0.30257451118682854	3
274	-0.17277158421366529	3
275	-0.060197898145670004	1
276	0.017798737407118983	1
277	0.052365715688704094	1
278	0.04422160261589922	1
279	0.0029441864098853424	1
280	-0.05261516901911356	1
281	-0.08879855188530625	1
282	-0.058490979678756015	1
283	0.04461510525672082	1
284	0.19403351744371788	1
285	0.3602038651543045	1
286	0.512008645293251	1
287	0.6392870726087881	2
288	0.7495278016107788	2
289	0.8556687411151814	2
290	0.9582811750553247	2
291	1.057212453770292	2
292	1.1526590293173125	2
293	1.2300989137429417	2
294	1.2696294709928264	2
295	1.257234256785798	2
296	1.1858797212050656	2
297	1.055545972475246	2
298	0.8733330258929269	2
299	0.6534728139151268	2
300	0.4156748862557281	1
301	0.17861421481870404	1
302	-0.04590503220634024	1
303	-0.24774262770999428	3
304	-0.4077087289979481	3
305	-0.519926628187931	3
306	-0.5873705035204859	3
307	-0.59938615777867	3
308	-0.5601599441937017	3
309	-0.4897486594605046	3
310	-0.40516588210094945	3
311	-0.31619091910009184	3
312	-0.22025032424878196	3
313	-0.09266957404849985	1
314	0.07716290134164051	1
315	0.2666229512264221	1
316	0.45415213896599366	1
317	0.6247758873287199	2
318	0.7678134446186862	2
319	0.8773559828927381	2
320	0.945775281132814	2
321	0.9624849850666789	2
322	0.9227599503605042	2
323	0.8306172759602444	2
324	0.6973019555612219	2
325	0.5426100460488142	1
326	0.3933816915457078	1
327	0.2714386197501098	1
328	0.18247279209601586	1
329	0.1243630059102902	1
330	0.09888335000343143	1
331	0.11236538753719702	1
332	0.1634489449991236	1
333	0.23363878552978082	1
334	0.31634454185373956	1
335	0.42406497759262696	1
336	0.5559843674460256	1
337	0.6966056919001672	2
338	0.8259766766045153	2
339	0.9259383851724308	2
340	0.987095712438699	2
341	1.0081641551139575	2
342	0.9959107568020479	2
343	0.9657106887149545	2
344	0.9440278601545876	2
345	0.9714017733421809	2
346	1.0847844062949046	2
347	1.2797310595493976	2
348	1.5090640701649796	2
349	1.7256064622679341	2
350	1.8996784430770683	2
351	2.010176560853316	2
352	2.0435432383385135	2
353	1.9948718464256288	2
354	1.8687915729616076	2
355	1.6800598214595273	2
356	1.455068440358478	2
357	1.238401598910062	2
358	1.063812783792454	2
359	0.9209048738407583	2
360	0.7938674876452971	2
361	0.6798507461433804	2
362	0.5642510938272569	1
363	0.42982388923847104	1
364	0.2710738435754599	1
365	0.09151230248160373	1
366	-0.10016454456939841	1
367	-0.2911906000327348	3
368	-0.46363807128965245	3
369	-0.5974248018274204	3
370	-0.6720286985977243	3
371	-0.6970027159214522	3
372	-0.7117530469687023	3
373	-0.7424430598858021	3
374	-0.7987857077389052	0
375	-0.8824318683814222	0
376	-0.9886009372007073	0
377	-1.0987413533836088	0
378	-1.1862083530203131	0
379	-1.2432573003701508	0
380	-1.282133246997117	0
381	-1.3144264113943336	0
382	-1.3460324336863025	0
383	-1.3804648722757573	0
384	-1.4192503556929905	0
385	-1.460938022833756	0
386	-1.498644184057892	0
387	-1.5222376937997015	0
388	-1.5240989508717404	0
389	-1.50616424358514	0
390	-1.4715481889002113	0
391	-1.4120493227835875	0
392	-1.3107450571117794	0
393	-1.1426708745308498	0
394	-0.902090707693868	0
395	-0.6112301406936687	3
396	-0.29035695880607054	3
397	0.0477161363134036	1
398	0.3923031978399517	1
399	0.7337099095062684	2
400	1.0598512714234425	2
401	1.3544001024917391	2
402	1.601381897286953	2
403	1.7904622617035835	2
404	1.9183274815606655	2
405	1.9881627261671007	2
406	2.008767676565412	2
407	1.9941147731212203	2
408	1.9662779797586682	2
409	1.941975462021641	2
410	1.9108230249160303	2
411	1.8601349729115575	2
412	1.7908239565694113	2
413	1.6977731540886731	2
414	1.5779292228833786	2
415	1.4423042783579447	2
416	1.3189656187570862	2
417	1.2289093523673715	2
418	1.1646719494974	2
419	1.1136495854209685	2
420	1.0743431483691686	2
421	1.0486053558053665	2
422	1.0243411072510578	2
423	0.9866775466129921	2
424	0.9313742369709531	2
425	0.8569745670713637	2
426	0.76468795118007	2
427	0.6589096342611861	2
428	0.5460995119189422	1
429	0.4295712869066184	1
430	0.30729637278168587	1
431	0.17859848659369532	1
432	0.0493785930216636	1
433	-0.06556804759851824	1
434	-0.13613526078242547	1
435	-0.14862574582763402	1
436	-0.1321888895188972	1
437	-0.11913698982338622	1
438	-0.12250786349055476	1
439	-0.14570786890583265	3
440	-0.18493142139443433	3
441	-0.22755137583927681	3
442	-0.25125669640257803	3
443	-0.25070555685756946	3
444	-0.24029262316159564	3
445	-0.2265115992124675	3
446	-0.2047206674052612	3
447	-0.17064212858541877	3
448	-0.13219321065668788	1
449	-0.0984769658184404	1
450	-0.06994961267677606	1
451	-0.042899378412749926	1
452	-0.011971913016509668	1
453	0.018741958267474556	1
454	0.04006895937096699	1
455	0.04938416599211081	1
456	0.04727597226707929	1
457	0.03852597822198765	1
458	0.03804992493336915	1
459	0.053444069400382384	1
460	0.07974891536099529	1
461	0.12834230469712546	1
462	0.20513846956191648	1
463	0.292427053257597	1
464	0.37317231886285757	1
465	0.43596864548194164	1
466	0.47134407985933463	1
467	0.4718174105508548	1
468	0.43441403159077546	1
469	0.3608342632857725	1
470	0.24683632070068964	1
471	0.08626542433993535	1
472	-0.1174503649015692	1
473	-0.35325345819715176	3
474	-0.6029115318076814	3
475	-0.845150848802815	0
476	-1.0653282505763488	0
477	-1.2535869396712902	0
478	-1.3910388534790326	0
479	-1.4554407620872893	0
480	-1.4406172304892761	0
481	-1.3531822012330954	0
482	-1.2044980849617886	0
483	-0.9994150180559994	0
484	-0.7371937256125772	3
485	-0.4331520476858713	3
486	-0.11062476238271646	1
487	0.2115105503491972	1
488	0.5158421428829767	1
489	0.7865637142508217	2
490	1.0101849756302093	2
491	1.1764668719887557	2
492	1.279314628886445	2
493	1.3174005671875604	2
494	1.294462916431324	2
495	1.2200039757552243	2
496	1.1130809794479617	2
497	0.9826904028224908	2
498	0.8190983264388951	2
499	0.6166438291538895	2
500	0.3794295112912287	1
501	0.11820200613891037	1
502	-0.14927733140901578	3
503	-0.3950775454075193	3
504	-0.5740432433864288	3
505	-0.6565710903768593	3
506	-0.664365227384219	3
507	-0.6330594278311383	3
508	-0.5829090827083518	3
509	-0.5265155808330749	3
510	-0.4643591889029104	3
511	-0.39876586037781525	3
512	-0.33494467438966025	3
513	-0.27405100187763326	3
514	-0.2207716558824587	3
515	-0.17838670723530553	3
516	-0.14488092251668191	3
517	-0.10927658185470625	1
518	-0.0485100900041733	1
519	0.04987313417661823	1
520	0.16773800969975242	1
521	0.28215886331111856	1
522	0.38230708819127446	1
523	0.46439233373814276	1
524	0.5303160119305736	1
525	0.5880180678454335	1
526	0.6553796175579338	2
527	0.7733135218018163	2
528	0.9624998669495161	2
529	1.1979687990594083	2
530	1.459833511540075	2
531	1.7302223999231559	2
532	1.9805207800441518	2
533	2.1880179089547367	2
534	2.337418046094546	2
535	2.419592355301715	2
536	2.432467424290803	2
537	2.3820396906766215	2
538	2.283423152368971	2
539	2.163457127511216	2
540	2.070851738116555	2
541	2.053243571198355	2
542	2.099024577439114	2
543	2.1595875818703867	2
544	2.200543873015682	2
545	2.1988175533871805	2
546	2.1376535868478084	2
547	2.0065909668537603	2
548	1.8018067634732597	2
549	1.5261260462692148	2
550	1.1885023918545006	2
551	0.8029672036477997	2
552	0.3872204703452497	1
553	-0.03879542972857144	1
554	-0.4538056433673913	3
555	-0.8334829661628245	0
556	-1.1538280089106376	0
557	-1.4016169175321296	0
558	-1.5791555041954632	0
559	-1.694304400912817	0
560	-1.7511520519479216	0
561	-1.7553114385094328	0
562	-1.7048487715296698	0
563	-1.5998807556841472	0
564	-1.458172979733156	0
565	-1.2992387975264807	0
566	-1.1385031482323094	0
567	-0.9893905673082456	0
568	-0.8631590394341788	0
569	-0.76828407134524	0
570	-0.7096480678388731	0
571	-0.6870704672833398	0
572	-0.6925477178115254	0
573	-0.715257064127056	0
574	-0.7473660978892335	0
575	-0.7840477134740608	0
576	-0.8233425686828953	0
577	-0.8609088964106016	0
578	-0.8853597760576484	0
579	-0.8755112861948209	0
580	-0.8116408572298205	0
581	-0.703213622233785	3
582	-0.5850178533641892	3
583	-0.48659763865876493	3
584	-0.4248066630133496	3
585	-0.4096320355747737	3
586	-0.44511184089474354	3
587	-0.5293936165962942	3
588	-0.6544454637295575	3
589	-0.805717230244283	0
590	-0.963546649170646	0
591	-1.1063744523022019	0
592	-1.2054495443495388	0
593	-1.2345495734439607	0
594	-1.2039446449126272	0
595	-1.1499120175685205	0
596	-1.0999130941884467	0
597	-1.0691374261421662	0
598	-1.0658908941345393	0
599	-1.094285133578013	0
600	-1.1553077693723963	0
601	-1.2468294637027295	0
602	-1.3635038182325534	0
603	-1.4965548540658535	0
604	-1.6335613281455506	0
605	-1.7641629352254387	0
606	-1.8863855708362087	0
607	-2.0010531055927387	0
608	-2.10550763814006	0
609	-2.1941782315226144	0
610	-2.2592353800226266	0
611	-2.291666399406928	0
612	-2.285904273215619	0
613	-2.240323366028982	0
614	-2.155737961732819	0
615	-2.0349182948263156	0
616	-1.8792229902476627	0
617	-1.6860565427909795	0
618	-1.4557740380513584	0
619	-1.1990904967050717	0
620	-0.9310272003016087	0
621	-0.6657051712712809	3
622	-0.4164270159195495	3
623	-0.19515816184396698	3
624	-0.011403483677061312	1
625	0.1288684231848055	1
626	0.22389713599297412	1
627	0.2762043947494475	1
628	0.2920245802260062	1
629	0.28018530113454154	1
630	0.25059792017816745	1
631	0.21362278549191033	1
632	0.17288183173239463	1
633	0.12271575686984366	1
634	0.06930251164764954	1
635	0.02328072215463896	1
636	-0.028565147648278125	1
637	-0.10349267635371626	1
638	-0.20426284586758	3
639	-0.3266185647920575	3
640	-0.46075625812078136	3
641	-0.5857486487053992	3
642	-0.6728565821164633	3
643	-0.7048358037178034	3
644	-0.6940733925248872	3
645	-0.6696194604461901	3
646	-0.650401295408565	3
647	-0.6421808222196017	3
648	-0.6390246680321376	3
649	-0.6184850316665829	3
650	-0.5694636985553552	3
651	-0.5013718041346205	3
652	-0.4113024473558441	3
653	-0.3019424015458622	3
654	-0.20042734943604298	3
655	-0.13195277092302526	3
656	-0.10801257432718593	3
657	-0.1319831350821509	3
658	-0.2005319189868732	3
659	-0.30452061706243755	3
660	-0.429878513364697	3
661	-0.5527077798416777	3
662	-0.6437070199922181	3
663	-0.7074467485738374	3
664	-0.7662560508207051	0
665	-0.8242919769995097	0
666	-0.8761998707046672	0
667	-0.9022445885273616	0
668	-0.8905506782202969	0
669	-0.8592600461898061	0
670	-0.8329711695325277	0
671	-0.8249122077041589	0
672	-0.8410114763974755	0
673	-0.8822759991861128	0
674	-0.9445587986371267	0
675	-1.0161777752541377	0
676	-1.0751950301836137	0
677	-1.1053060001033792	0
678	-1.108350182676109	0
679	-1.094976177169111	0
680	-1.0680340758728444	0
681	-1.0044980392005576	0
682	-0.8821755140040304	0
683	-0.7233487567473946	3
684	-0.5664940817136876	3
685	-0.4315304779446629	3
686	-0.32747460352754165	3
687	-0.2566426117903126	3
688	-0.2151289498218302	3
689	-0.19291922610654952	3
690	-0.17002235046392827	3
691	-0.12630121423211724	1
692	-0.07262670278637938	1
693	-0.03578980665333019	1
694	-0.029909697489983886	1
695	-0.06127319766344529	1
696	-0.1309027027760948	1
697	-0.2381478485836333	3
698	-0.38006549709721377	3
699	-0.5477923329840552	3
700	-0.7252640233386622	3
701	-0.8860501454688321	0
702	-1.0112053568157948	0
703	-1.1107784337924667	0
704	-1.2001506149274672	0
705	-1.278590080698544	0
706	-1.3339962455701146	0
707	-1.36323536911843	0
708	-1.372273429522585	0
709	-1.35614711718514	0
710	-1.3151514586963287	0
711	-1.2608564777611946	0
712	-1.2015401486453472	0
713	-1.1407348737432388	0
714	-1.0762266913509062	0
715	-1.0063617325562526	0
716	-0.9344062454736967	0
717	-0.8565494214214967	0
718	-0.750779655216423	3
719	-0.6019782997114793	3
720	-0.41963582493725726	3
721	-0.2150040620573489	3
722	0.007715585845063735	1
723	0.25148689907085164	1
724	0.5341806553105701	1
725	0.8441205176756418	2
726	1.1404825235883298	2
727	1.3967488663138345	2
728	1.5936434503945949	2
729	1.7182887624852214	2
730	1.7653349461460384	2
731	1.738855857060825	2
732	1.653727979565453	2
733	1.5261591607869445	2
734	1.3662308037580477	2
735	1.1859138712427724	2
736	1.0040351243973866	2
737	0.8497468758551439	2
738	0.7515902983448756	2
739	0.6943808054532732	2
740	0.6417380694975614	2
741	0.5779058365134565	1
742	0.4966226994529277	1
743	0.39815192098023655	1
744	0.292114759558834	1
745	0.1857487931448953	1
746	0.07775713590438196	1
747	-0.023397904491944777	1
748	-0.08705249299472638	1
749	-0.08489417314500965	1
750	-0.03140760741827129	1
751	0.03851261779433367	1
752	0.10443066774020528	1
753	0.1563960367223021	1
754	0.19141652700241824	1
755	0.21171607483538943	1
756	0.217359343319588	1
757	0.2049537460807016	1
758	0.17516367875911043	1
759	0.1353373867675459	1
760	0.1009591300484002	1
761	0.10384651517063406	1
762	0.16010493371367113	1
763	0.25112961459135175	1
764	0.3586117684214269	1
765	0.478441856611158	1
766	0.618638188748098	2
767	0.7910395534445336	2
768	0.9818020222926629	2
769	1.1619376694247858	2
770	1.3159748227555659	2
771	1.4357458652870687	2
772	1.5179942553307073	2
773	1.5655993765178144	2
774	1.5917395235434366	2
775	1.6255095016058332	2
776	1.67855295960704	2
777	1.7321442681461514	2
778	1.7766343848522521	2
779	1.8109680484851836	2
780	1.8195045372290446	2
781	1.7861122679949248	2
782	1.7089712540733057	2
783	1.5950973397804569	2
784	1.4609083812064672	2
785	1.3361329771121893	2
786	1.2349679824322304	2
787	1.1456734101989599	2
788	1.0557120743689148	2
789	0.9554440656502772	2
790	0.8389646211380687	2
791	0.70350151382343	2
792	0.5483113155496646	1
793	0.378444478937153	1
794	0.21168179010465835	1
795	0.08534178039613279	1
796	0.01438204985006351	1
797	-0.023552072818281655	1
798	-0.04180276886264402	1
799	-0.0326891867017992	1
800	0.02562259659314126	1
801	0.12836797607292882	1
802	0.23889408686126926	1
803	0.3326737521470075	1
804	0.4021059937544621	1
805	0.4507181440968117	1
806	0.4964411837067294	1
807	0.5516877131438297	1
808	0.5998295079284468	1
809	0.6166111307537687	1
810	0.5900889231825177	1
811	0.5154382662041284	1
812	0.3915683256626775	1
813	0.22010255416579946	1
814	0.005630595327534019	1
815	-0.24336567824853814	3
816	-0.5134624280400296	3
817	-0.7839240477760453	0
818	-1.0148461421384782	0
819	-1.159971588739717	0
820	-1.2201292015308156	0
821	-1.2234962698676162	0
822	-1.1801605661004724	0
823	-1.0870434357742456	0
824	-0.9499745072297099	0
825	-0.7963848812270972	0
826	-0.6508087240090488	3
827	-0.5312403453727799	3
828	-0.45267667380624965	3
829	-0.41906790887785833	3
830	-0.42389231789983983	3
831	-0.4448528418679786	3
832	-0.4569805666521873	3
833	-0.46785523913367993	3
834	-0.49687546536983773	3
835	-0.5436503915048619	3
836	-0.5920001710997611	3
837	-0.6088679489749095	3
838	-0.5831297255515749	3
839	-0.5376592069207091	3
840	-0.4878608332652587	3
841	-0.4352649212961578	3
842	-0.3772387589142227	3
843	-0.3051729414781727	3
844	-0.20318716730769773	3
845	-0.07794136769958526	1
846	0.040043637017626636	1
847	0.1313852804504313	1
848	0.19091725930168477	1
849	0.21465724674149683	1
850	0.19733208355686024	1
851	0.1409900684822065	1
852	0.05772521703352368	1
853	-0.02754751714857866	1
854	-0.06902081432947797	1
855	-0.03089735672378218	1
856	0.061514740373229994	1
857	0.15801820285384716	1
858	0.2303089794454902	1
859	0.2625264653072078	1
860	0.24602818788869135	1
861	0.17885193322014736	1
862	0.06596859052540387	1
863	-0.07557428012450154	1
864	-0.21068053761529795	3
865	-0.32276506210015177	3
866	-0.41611704583912545	3
867	-0.4789238308865908	3
868	-0.49281948570743045	3
869	-0.46679267633339677	3
870	-0.4259546901909835	3
871	-0.3800107947090223	3
872	-0.32919287111855067	3
873	-0.26883850507219703	3
874	-0.18612017177682294	3
875	-0.059426476561111295	1
876	0.10541967853132056	1
877	0.2876839685660387	1
878	0.47790276293157496	1
879	0.6627365177041245	2
880	0.8295415588053383	2
881	0.9675080034447743	2
882	1.0687806585831063	2
883	1.1302018008780415	2
884	1.1559409455724803	2
885	1.1461785082465468	2
886	1.0932827988998761	2
887	0.9934723330992872	2
888	0.8486812911551183	2
889	0.6657557883436603	2
890	0.4561192499229685	1
891	0.23612694924139144	1
892	0.027367064867653845	1
893	-0.15650765039665737	3
894	-0.30602508780771087	3
895	-0.4156385284868793	3
896	-0.5019247131614817	3
897	-0.5830639823476763	3
898	-0.6631345739225112	3
899	-0.7402635753947854	3
900	-0.8103103350452555	0
901	-0.8696928567545416	0
902	-0.9145814774639002	0
903	-0.9489415064015698	0
904	-0.9861491350305107	0
905	-1.036518772838401	0
906	-1.1038452181878715	0
907	-1.1862821826207113	0
908	-1.2764875158985254	0
909	-1.364262703218758	0
910	-1.4363812136065273	0
911	-1.4905647297822164	0
912	-1.5355987001535856	0
913	-1.5756490353837052	0
914	-1.612534467562953	0
915	-1.6461581661329356	0
916	-1.6758021254405557	0
917	-1.7010723619931258	0
918	-1.7197340150472233	0
919	-1.7373191523396303	0
920	-1.763543942706936	0
921	-1.800085616417857	0
922	-1.8426799969686085	0
923	-1.8806254347153581	0
924	-1.8905956587129977	0
925	-1.8354149714298034	0
926	-1.704009029057132	0
927	-1.5184465960985245	0
928	-1.3000144247734997	0
929	-1.0645513722111652	0
930	-0.8228246430452194	0
931	-0.5802113416214004	3
932	-0.3391467044731187	3
933	-0.10176267249497006	1
934	0.13412109815270837	1
935	0.3656625261121238	1
936	0.5776401980983272	1
937	0.7536594002786874	2
938	0.8810872201490615	2
939	0.9509347206982621	2
940	0.9585613435774011	2
941	0.904094578901512	2
942	0.7923316979575136	2
943	0.6321393607756839	2
944	0.43568364504765705	1
945	0.21912893787579518	1
946	0.0011762848817146129	1
947	-0.2128284086526273	3
948	-0.42882845133635933	3
949	-0.6435755190697409	3
950	-0.840901901408423	0
951	-0.9924007517683644	0
952	-1.0734033817458837	0
953	-1.0834603833669973	0
954	-1.0240267973023647	0
955	-0.898781076967911	0
956	-0.7423886271558765	3
957	-0.5921617349038186	3
958	-0.4658880646593763	3
959	-0.3711686048116699	3
960	-0.30667016440263833	3
961	-0.26035723211183637	3
962	-0.21068254440317855	3
963	-0.15374886697339116	3
964	-0.10527100401104508	1
965	-0.07390057496777439	1
966	-0.05896125432477299	1
967	-0.05319381788395781	1
968	-0.0518607145634767	1
969	-0.06176150837563262	1
970	-0.09198594051204889	1
971	-0.1452203588539587	3
972	-0.2190255864389149	3
973	-0.30487637317653427	3
974	-0.3898757841332559	3
975	-0.47022336398295167	3
976	-0.5531256513152488	3
977	-0.6442805988486862	3
978	-0.7447026043383792	3
979	-0.8519323839212586	0
980	-0.9599582025321579	0
981	-1.056929912626006	0
982	-1.12660194618466	0
983	-1.164625108678969	0
984	-1.1896483922488978	0
985	-1.2223567675737061	0
986	-1.2691662757573754	0
987	-1.3268534941474068	0
988	-1.3890829777877336	0
989	-1.4484747133034757	0
990	-1.4911021691595339	0
991	-1.4996391404445446	0
992	-1.4761420429592433	0
993	-1.4403937513183052	0
994	-1.4071141302069607	0
995	-1.3838804944787404	0
996	-1.3734923643149546	0
997	-1.3737763952498414	0
998	-1.3746160446935027	0
999	-1.3501930940098945	0
1000	-1.2845609094321353	0
1001	-1.1833637480286852	0
1002	-1.0553751249500125	0
1003	-0.9086773602819007	0
1004	-0.7520238986381871	3
1005	-0.6017519255732687	3
1006	-0.47484850722783367	3
1007	-0.3816988192889789	3
1008	-0.3274706673267805	3
1009	-0.31269949901301636	3
1010	-0.3332544930007463	3
1011	-0.3799103370081887	3
1012	-0.43531310492941105	3
1013	-0.4761184264341594	3
1014	-0.5000231310813492	3
1015	-0.5220798390708972	3
1016	-0.5470487563826896	3
1017	-0.5653411971999975	3
1018	-0.5634526395833547	3
1019	-0.5265149599308416	3
1020	-0.439224579113913	3
1021	-0.30818236990343867	3
1022	-0.14918411013763852	3
1023	0.03681315704359264	1
1024	0.26048010853317877	1
1025	0.5251949039048337	1
1026	0.8304069235551312	2
1027	1.1681223280050208	2
1028	1.5036940952647608	2
1029	1.8020362708276634	2
1030	2.0405769680396886	2
1031	2.2003462169112193	2
1032	2.2678811519567206	2
1033	2.23658066786068	2
1034	2.1074915616925094	2
1035	1.8895068547689167	2
1036	1.5990525083915206	2
1037	1.2594672434969891	2
1038	0.9002603781004251	2
1039	0.5554080303545759	1
1040	0.25940198799724096	1
1041	0.0633697313136887	1
1042	0.007113712682277709	1
1043	0.07542265300153878	1
1044	0.21227118585837276	1
1045	0.3663278746461648	1
1046	0.5137660026276099	1
1047	0.6407240085834196	2
1048	0.7369033368259249	2
1049	0.7983748947829821	2
1050	0.8302558659434344	2
1051	0.8314853536271074	2
1052	0.7902066420714958	2
1053	0.6990394917565238	2
1054	0.5584646395562884	1
1055	0.3742264014882685	1
1056	0.15587712833095868	1
1057	-0.0844362391895062	1
1058	-0.33291303024361496	3
1059	-0.5744678950162008	3
1060	-0.7915291588731028	0
1061	-0.9613834710887061	0
1062	-1.0576306338801296	0
1063	-1.0732905185592245	0
1064	-1.0308650868826266	0
1065	-0.952392869753318	0
1066	-0.850461155254636	0
1067	-0.7340544375895117	3
1068	-0.5969973236056221	3
1069	-0.4243966800788515	3
1070	-0.2138025068637029	3
1071	0.025788649191098353	1
1072	0.28446828809900027	1
1073	0.552127008220151	1
1074	0.8168938464371044	2
1075	1.0646125951311711	2
1076	1.2801764659918105	2
1077	1.449595277789663	2
1078	1.561976611538032	2
1079	1.6110211617132406	2
1080	1.5959093947678682	2
1081	1.5215752736749233	2
1082	1.3987067261276558	2
1083	1.248371139262196	2
1084	1.0944776208340221	2
1085	0.9587000184410036	2
1086	0.8866870749343618	2
1087	0.8954103231443579	2
1088	0.9439539364623625	2
1089	0.9975499016206492	2
1090	1.0397746326938007	2
1091	1.0626976754409334	2
1092	1.073165583335176	2
1093	1.0898621742950345	2
1094	1.1109169753485748	2
1095	1.1233983038291084	2
1096	1.11964085184636	2
1097	1.087122606072697	2
1098	1.0169556397575457	2
1099	0.906307677645356	2
1100	0.7576259013145916	2
1101	0.5787220251185672	1
1102	0.382690618983421	1
1103	0.17643943837443243	1
1104	-0.04335706754026352	1
1105	-0.2765755736500096	3
1106	-0.5146677889229265	3
1107	-0.7392819078434292	3
1108	-0.9318942518351616	0
1109	-1.1001246336154171	0
1110	-1.2594361555161293	0
1111	-1.408852536022128	0
1112	-1.5381211289767605	0
1113	-1.6384878302409365	0
1114	-1.7129736594546636	0
1115	-1.766150502497144	0
1116	-1.7968052729137998	0
1117	-1.7886421197826958	0
1118	-1.7319164311481394	0
1119	-1.6480741720136387	0
1120	-1.5582163655281127	0
1121	-1.468787111207539	0
1122	-1.3809978645003909	0
1123	-1.292322038592387	0
1124	-1.2066075979672506	0
1125	-1.1365248823680083	0
1126	-1.0925200521706468	0
1127	-1.079699393402188	0
1128	-1.099369382444208	0
1129	-1.1493774410462556	0
1130	-1.224119346882338	0
1131	-1.313813653490583	0
1132	-1.4029548103692022	0
1133	-1.4755904520411545	0
1134	-1.5163061300453087	0
1135	-1.501948415450804	0
1136	-1.415028028209043	0
1137	-1.2732476682043377	0
1138	-1.111532452329355	0
1139	-0.9523198837470253	0
1140	-0.8101786890617405	0
1141	-0.695660960719222	3
1142	-0.6155677492159098	3
1143	-0.5721314296229373	3
1144	-0.5614438491770931	3
1145	-0.5687348801947354	3
1146	-0.5700173751025356	3
1147	-0.5588196134998408	3
1148	-0.5350201210534644	3
1149	-0.4974619499276281	3
1150	-0.45300687373902027	3
1151	-0.39787921200505494	3
1152	-0.30854694612484107	3
1153	-0.1801512147419746	3
1154	-0.03888869790320271	1
1155	0.09413522252891202	1
1156	0.20460502516691587	1
1157	0.28382684740148584	1
1158	0.3294494796323015	1
1159	0.345083261436621	1
1160	0.33899439795228337	1
1161	0.32708427422583114	1
1162	0.32115782980024454	1
1163	0.3130497605949447	1
1164	0.29666612527955744	1
1165	0.28852816672077675	1
1166	0.2908308176941238	1
1167	0.290309649971062	1
1168	0.28877280992279575	1
1169	0.30196786481270893	1
1170	0.3477716676458824	1
1171	0.41426309053810373	1
1172	0.4710935181379799	1
1173	0.4996532731910065	1
1174	0.49119274641667904	1
1175	0.4435468383871651	1
1176	0.3614344755717256	1
1177	0.2592018735438867	1
1178	0.1474007320291843	1
1179	0.023105640067467126	1
1180	-0.11531296072206657	1
1181	-0.260313924658558	3
1182	-0.39367285168513855	3
1183	-0.5016511945524399	3
1184	-0.5857382837964169	3
1185	-0.6452363448683919	3
1186	-0.6611425443386421	3
1187	-0.6126848664498009	3
1188	-0.5088492380147054	3
1189	-0.36686998497503676	3
1190	-0.1935868518992143	3
1191	-0.012147395676716853	1
1192	0.14765455101804043	1
1193	0.2684324770337946	1
1194	0.33932472313303763	1
1195	0.3556056795805347	1
1196	0.32169249929450056	1
1197	0.2539519449785285	1
1198	0.15774862459997896	1
1199	0.023438578904647765	1
1200	-0.15207028250234023	3
1201	-0.36480406428080575	3
1202	-0.6057933726353075	3
1203	-0.8610669164258316	0
1204	-1.111180251268265	0
1205	-1.3250589734366855	0
1206	-1.466577266286212	0
1207	-1.5146184586624802	0
1208	-1.4744199004930805	0
1209	-1.3786585134872413	0
1210	-1.262314200141837	0
1211	-1.1413148236015338	0
1212	-1.0198108025278143	0
1213	-0.8964524953740741	0
1214	-0.7538006135987274	3
1215	-0.5756455120966505	3
1216	-0.3826108458606398	3
1217	-0.20462011252918058	3
1218	-0.05299011975685635	1
1219	0.07065084981668314	1
1220	0.17348633441515413	1
1221	0.2763221438500171	1
1222	0.39972224961876957	1
1223	0.5405301206129772	1
1224	0.684644146315531	2
1225	0.823512629707485	2
1226	0.9523303795469827	2
1227	1.069889279947289	2
1228	1.1691497805050595	2
1229	1.2343075597658177	2
1230	1.2535213258263367	2
1231	1.2244593606999448	2
1232	1.1532488023237784	2
1233	1.0599496435276479	2
1234	0.9606426530091621	2
1235	0.8524531773645257	2
1236	0.7408019546128572	2
1237	0.6272558515803158	2
1238	0.5065677840688783	1
1239	0.39112959550960247	1
1240	0.30733909904461276	1
1241	0.27856428171999537	1
1242	0.2940032851085591	1
1243	0.3161091918232679	1
1244	0.31532841650905874	1
1245	0.27794425043041715	1
1246	0.1998424406758849	1
1247	0.08548936340907368	1
1248	-0.05192228166232734	1
1249	-0.1882270770291212	3
1250	-0.284725621343662	3
1251	-0.3176659670634602	3
1252	-0.3006667037180802	3
1253	-0.2544389018579561	3
1254	-0.17889227232980287	3
1255	-0.07135542166425414	1
1256	0.04165240072469319	1
1257	0.1269908870729547	1
1258	0.16907639108666922	1
1259	0.16252880892690197	1
1260	0.1110142940507118	1
1261	0.028806308013631623	1
1262	-0.05690576933727517	1
1263	-0.10074934095733377	1
1264	-0.07269967667640481	1
1265	0.008880145846505953	1
1266	0.11858456407066306	1
1267	0.2535406876848033	1
1268	0.40672783330273243	1
1269	0.5522665341956509	1
1270	0.6650229968699868	2
1271	0.7328981275661159	2
1272	0.7525183612468133	2
1273	0.7268325115367946	2
1274	0.6639268240222168	2
1275	0.5762818961401605	1
1276	0.4809142416426015	1
1277	0.396287001394133	1
1278	0.3334164826429759	1
1279	0.300782929269465	1
1280	0.29719010589601536	1
1281	0.30527102937014877	1
1282	0.3163383553231316	1
1283	0.34492766117793827	1
1284	0.4187637873237824	1
1285	0.5433807984751475	1
1286	0.702897669127936	2
1287	0.8909344882646951	2
1288	1.1108437421459587	2
1289	1.3642856038073239	2
1290	1.6450084277460468	2
1291	1.9442874272936095	2
1292	2.2611781595601235	2
1293	2.5866528933428397	2
1294	2.8952447858237087	2
1295	3.1648211865493456	2
1296	3.38142707098341	2
1297	3.536159490972262	2
1298	3.62395400824503	2
1299	3.6425563875535625	2
1300	3.592571003742717	2
1301	3.4780395356111655	2
1302	3.306950648853855	2
1303	3.092298352972	2
1304	2.8458249341025135	2
1305	2.571683881668695	2
1306	2.2765799603542427	2
1307	1.9724593064495306	2
1308	1.6612113848467405	2
1309	1.33750267102311	2
1310	1.000960433834228	2
1311	0.6550576112903248	2
1312	0.3043954306192942	1
1313	-0.0459139538306403	1
1314	-0.38914689417878906	3
1315	-0.715282171618738	3
1316	-1.0090582727440198	0
1317	-1.2314579736381623	0
1318	-1.3196188308714525	0
1319	-1.2771965231107518	0
1320	-1.1553100099543097	0
1321	-0.9818503362184913	0
1322	-0.7658946392161703	0
1323	-0.5198785722508132	3
1324	-0.27580194041670186	3
1325	-0.05600158789287927	1
1326	0.12736296011573517	1
1327	0.26678222596533124	1
1328	0.35962945922250134	1
1329	0.408487686378969	1
1330	0.42222961109443635	1
1331	0.42076749042437317	1
1332	0.4486543321130973	1
1333	0.53103461879377	1
1334	0.640983259253389	2
1335	0.7471625012246539	2
1336	0.8331126370786044	2
1337	0.8879374264228718	2
1338	0.9040490391140901	2
1339	0.8773429163505213	2
1340	0.8083446885090024	2
1341	0.7035896298422786	2
1342	0.5751076180719555	1
1343	0.4392688366035151	1
1344	0.3175309540226938	1
1345	0.20987800780712212	1
1346	0.10283630443449981	1
1347	-0.0003259075348369163	1
1348	-0.08272340589931154	1
1349	-0.10380583037770792	1
1350	-0.03615786124548864	1
1351	0.08870749987245459	1
1352	0.2255513385280044	1
1353	0.3525885618195109	1
1354	0.457704314001376	1
1355	0.5327885764410323	1
1356	0.5727956893936025	1
1357	0.5757451955507349	1
1358	0.5427399022769798	1
1359	0.48131507982669314	1
1360	0.40680775829250093	1
1361	0.32241226897501674	1
1362	0.21658312154813017	1
1363	0.08373157923676337	1
1364	-0.07208028529976368	1
1365	-0.24043871837608066	3
1366	-0.4060769226913728	3
1367	-0.5452292744814821	3
1368	-0.6329415772287647	3
1369	-0.6798645536967487	3
1370	-0.7181913280652696	3
1371	-0.7631257686526589	0
1372	-0.8195405042735324	0
1373	-0.8884627501993356	0
1374	-0.9639017510122931	0
1375	-1.021936852563319	0
1376	-1.043578462568169	0
1377	-1.0356392599654207	0
1378	-1.010577125393408	0
1379	-0.982476134550243	0
1380	-0.9620514185065732	0
1381	-0.9470970706790515	0
1382	-0.9323136310724324	0
1383	-0.9176760072714201	0
1384	-0.9037706878250064	0
1385	-0.8846229520284837	0
1386	-0.8467328103357246	0
1387	-0.7611286711571277	3
1388	-0.6143720098544365	3
1389	-0.4359164766336318	3
1390	-0.25790814783364013	3
1391	-0.09869912686396067	3
